Board,Grade,Subject,Locale,Content Availability,Remarks
Andhra Pradesh Board,1st Grade,Mathematics,English,No,
Andhra Pradesh Board,1st Grade,Environmental Studies,English,No,
Andhra Pradesh Board,1st Grade,Computer Awareness,English,No,
Andhra Pradesh Board,1st Grade,General Knowledge,English,No,
Andhra Pradesh Board,1st Grade,Moral Education,English,No,
Andhra Pradesh Board,1st Grade,Physical Education,English,No,
Andhra Pradesh Board,1st Grade,Art & Craft,English,No,
Andhra Pradesh Board,1st Grade,Work Education,English,No,
Andhra Pradesh Board,1st Grade,English,English,No,
Andhra Pradesh Board,1st Grade,Telugu,English,No,
Andhra Pradesh Board,1st Grade,Hindi,English,No,
Andhra Pradesh Board,1st Grade,Urdu,English,No,
Andhra Pradesh Board,2nd Grade,Mathematics,English,No,
Andhra Pradesh Board,2nd Grade,Environmental Studies,English,No,
Andhra Pradesh Board,2nd Grade,Computer Awareness,English,No,
Andhra Pradesh Board,2nd Grade,General Knowledge,English,No,
Andhra Pradesh Board,2nd Grade,Moral Education,English,No,
Andhra Pradesh Board,2nd Grade,Physical Education,English,No,
Andhra Pradesh Board,2nd Grade,Art & Craft,English,No,
Andhra Pradesh Board,2nd Grade,Work Education,English,No,
Andhra Pradesh Board,2nd Grade,English,English,No,
Andhra Pradesh Board,2nd Grade,Telugu,English,No,
Andhra Pradesh Board,2nd Grade,Hindi,English,No,
Andhra Pradesh Board,2nd Grade,Urdu,English,No,
Andhra Pradesh Board,3rd Grade,Mathematics,English,No,
Andhra Pradesh Board,3rd Grade,Environmental Studies,English,No,
Andhra Pradesh Board,3rd Grade,Computer Awareness,English,No,
Andhra Pradesh Board,3rd Grade,General Knowledge,English,No,
Andhra Pradesh Board,3rd Grade,Moral Education,English,No,
Andhra Pradesh Board,3rd Grade,Physical Education,English,No,
Andhra Pradesh Board,3rd Grade,Art & Craft,English,No,
Andhra Pradesh Board,3rd Grade,Work Education,English,No,
Andhra Pradesh Board,3rd Grade,English,English,No,
Andhra Pradesh Board,3rd Grade,Telugu,English,No,
Andhra Pradesh Board,3rd Grade,Hindi,English,No,
Andhra Pradesh Board,3rd Grade,Urdu,English,No,
Andhra Pradesh Board,4th Grade,Mathematics,English,No,
Andhra Pradesh Board,4th Grade,Environmental Studies,English,No,
Andhra Pradesh Board,4th Grade,Computer Awareness,English,No,
Andhra Pradesh Board,4th Grade,General Knowledge,English,No,
Andhra Pradesh Board,4th Grade,Moral Education,English,No,
Andhra Pradesh Board,4th Grade,Physical Education,English,No,
Andhra Pradesh Board,4th Grade,Art & Craft,English,No,
Andhra Pradesh Board,4th Grade,Work Education,English,No,
Andhra Pradesh Board,4th Grade,English,English,No,
Andhra Pradesh Board,4th Grade,Telugu,English,No,
Andhra Pradesh Board,4th Grade,Hindi,English,No,
Andhra Pradesh Board,4th Grade,Urdu,English,No,
Andhra Pradesh Board,5th Grade,Mathematics,English,No,
Andhra Pradesh Board,5th Grade,Environmental Studies,English,No,
Andhra Pradesh Board,5th Grade,Computer Awareness,English,No,
Andhra Pradesh Board,5th Grade,General Knowledge,English,No,
Andhra Pradesh Board,5th Grade,Moral Education,English,No,
Andhra Pradesh Board,5th Grade,Physical Education,English,No,
Andhra Pradesh Board,5th Grade,Art & Craft,English,No,
Andhra Pradesh Board,5th Grade,Work Education,English,No,
Andhra Pradesh Board,5th Grade,English,English,No,
Andhra Pradesh Board,5th Grade,Telugu,English,No,
Andhra Pradesh Board,5th Grade,Hindi,English,No,
Andhra Pradesh Board,5th Grade,Urdu,English,No,
Andhra Pradesh Board,6th Grade,Mathematics,English,Yes,
Andhra Pradesh Board,6th Grade,Science,English,Yes,
Andhra Pradesh Board,6th Grade,Physical Science,English,No,
Andhra Pradesh Board,6th Grade,Social Studies,English,No,
Andhra Pradesh Board,6th Grade,Computer Education,English,No,
Andhra Pradesh Board,6th Grade,Physical Education,English,No,
Andhra Pradesh Board,6th Grade,Art Education,English,No,
Andhra Pradesh Board,6th Grade,Work Education,English,No,
Andhra Pradesh Board,6th Grade,English,English,No,
Andhra Pradesh Board,6th Grade,Telugu,English,No,
Andhra Pradesh Board,6th Grade,Hindi,English,No,
Andhra Pradesh Board,6th Grade,Urdu,English,No,
Andhra Pradesh Board,6th Grade,Sanskrit,English,No,
Andhra Pradesh Board,7th Grade,Mathematics,English,Yes,
Andhra Pradesh Board,7th Grade,Science,English,Yes,
Andhra Pradesh Board,7th Grade,Physical Science,English,No,
Andhra Pradesh Board,7th Grade,Social Studies,English,No,
Andhra Pradesh Board,7th Grade,Computer Education,English,No,
Andhra Pradesh Board,7th Grade,Physical Education,English,No,
Andhra Pradesh Board,7th Grade,Art Education,English,No,
Andhra Pradesh Board,7th Grade,Work Education,English,No,
Andhra Pradesh Board,7th Grade,English,English,No,
Andhra Pradesh Board,7th Grade,Telugu,English,No,
Andhra Pradesh Board,7th Grade,Hindi,English,No,
Andhra Pradesh Board,7th Grade,Urdu,English,No,
Andhra Pradesh Board,7th Grade,Sanskrit,English,No,
Andhra Pradesh Board,8th Grade,Mathematics,English,Yes,
Andhra Pradesh Board,8th Grade,Science,English,Yes,
Andhra Pradesh Board,8th Grade,Physical Science,English,No,
Andhra Pradesh Board,8th Grade,Social Studies,English,No,
Andhra Pradesh Board,8th Grade,Computer Education,English,No,
Andhra Pradesh Board,8th Grade,Physical Education,English,No,
Andhra Pradesh Board,8th Grade,Art Education,English,No,
Andhra Pradesh Board,8th Grade,Work Education,English,No,
Andhra Pradesh Board,8th Grade,English,English,No,
Andhra Pradesh Board,8th Grade,Telugu,English,No,
Andhra Pradesh Board,8th Grade,Hindi,English,No,
Andhra Pradesh Board,8th Grade,Urdu,English,No,
Andhra Pradesh Board,8th Grade,Sanskrit,English,No,
Andhra Pradesh Board,9th Grade,Mathematics,English,Yes,
Andhra Pradesh Board,9th Grade,Science,English,Yes,
Andhra Pradesh Board,9th Grade,Physical Science,English,No,
Andhra Pradesh Board,9th Grade,Social Studies,English,No,
Andhra Pradesh Board,9th Grade,Computer Education,English,No,
Andhra Pradesh Board,9th Grade,Physical Education,English,No,
Andhra Pradesh Board,9th Grade,Art Education,English,No,
Andhra Pradesh Board,9th Grade,Work Education,English,No,
Andhra Pradesh Board,9th Grade,English,English,No,
Andhra Pradesh Board,9th Grade,Telugu,English,No,
Andhra Pradesh Board,9th Grade,Hindi,English,No,
Andhra Pradesh Board,9th Grade,Urdu,English,No,
Andhra Pradesh Board,9th Grade,Sanskrit,English,No,
Andhra Pradesh Board,10th Grade,Mathematics,English,Yes,
Andhra Pradesh Board,10th Grade,Science,English,Yes,
Andhra Pradesh Board,10th Grade,Physical Science,English,No,
Andhra Pradesh Board,10th Grade,Social Studies,English,No,
Andhra Pradesh Board,10th Grade,Computer Education,English,No,
Andhra Pradesh Board,10th Grade,Physical Education,English,No,
Andhra Pradesh Board,10th Grade,Art Education,English,No,
Andhra Pradesh Board,10th Grade,Work Education,English,No,
Andhra Pradesh Board,10th Grade,English,English,No,
Andhra Pradesh Board,10th Grade,Telugu,English,No,
Andhra Pradesh Board,10th Grade,Hindi,English,No,
Andhra Pradesh Board,10th Grade,Urdu,English,No,
Andhra Pradesh Board,10th Grade,Sanskrit,English,No,
Andhra Pradesh Board,11th Grade,Physics,English,Yes,
Andhra Pradesh Board,11th Grade,Chemistry,English,Yes,
Andhra Pradesh Board,11th Grade,Mathematics,English,Yes,
Andhra Pradesh Board,11th Grade,Biology,English,Yes,
Andhra Pradesh Board,11th Grade,Computer Science,English,No,
Andhra Pradesh Board,11th Grade,Electronics,English,No,
Andhra Pradesh Board,11th Grade,Economics,English,No,
Andhra Pradesh Board,11th Grade,Civics,English,No,
Andhra Pradesh Board,11th Grade,History,English,No,
Andhra Pradesh Board,11th Grade,Geography,English,No,
Andhra Pradesh Board,11th Grade,Commerce,English,No,
Andhra Pradesh Board,11th Grade,Accountancy,English,No,
Andhra Pradesh Board,11th Grade,Business Studies,English,No,
Andhra Pradesh Board,11th Grade,Public Administration,English,No,
Andhra Pradesh Board,11th Grade,Sociology,English,No,
Andhra Pradesh Board,11th Grade,Psychology,English,No,
Andhra Pradesh Board,11th Grade,Logic & Philosophy,English,No,
Andhra Pradesh Board,11th Grade,Home Science,English,No,
Andhra Pradesh Board,11th Grade,English,English,No,
Andhra Pradesh Board,11th Grade,Telugu,English,No,
Andhra Pradesh Board,11th Grade,Hindi,English,No,
Andhra Pradesh Board,11th Grade,Sanskrit,English,No,
Andhra Pradesh Board,11th Grade,Urdu,English,No,
Andhra Pradesh Board,12th Grade,Physics,English,Yes,
Andhra Pradesh Board,12th Grade,Chemistry,English,Yes,
Andhra Pradesh Board,12th Grade,Mathematics,English,Yes,
Andhra Pradesh Board,12th Grade,Biology,English,Yes,
Andhra Pradesh Board,12th Grade,Computer Science,English,No,
Andhra Pradesh Board,12th Grade,Electronics,English,No,
Andhra Pradesh Board,12th Grade,Economics,English,No,
Andhra Pradesh Board,12th Grade,Civics,English,No,
Andhra Pradesh Board,12th Grade,History,English,No,
Andhra Pradesh Board,12th Grade,Geography,English,No,
Andhra Pradesh Board,12th Grade,Commerce,English,No,
Andhra Pradesh Board,12th Grade,Accountancy,English,No,
Andhra Pradesh Board,12th Grade,Business Studies,English,No,
Andhra Pradesh Board,12th Grade,Public Administration,English,No,
Andhra Pradesh Board,12th Grade,Sociology,English,No,
Andhra Pradesh Board,12th Grade,Psychology,English,No,
Andhra Pradesh Board,12th Grade,Logic & Philosophy,English,No,
Andhra Pradesh Board,12th Grade,Home Science,English,No,
Andhra Pradesh Board,12th Grade,English,English,No,
Andhra Pradesh Board,12th Grade,Telugu,English,No,
Andhra Pradesh Board,12th Grade,Hindi,English,No,
Andhra Pradesh Board,12th Grade,Sanskrit,English,No,
Andhra Pradesh Board,12th Grade,Urdu,English,No,
Andhra Pradesh Board,1st Grade,Mathematics,Telugu,No,
Andhra Pradesh Board,1st Grade,Environmental Studies,Telugu,No,
Andhra Pradesh Board,1st Grade,Computer Awareness,Telugu,No,
Andhra Pradesh Board,1st Grade,General Knowledge,Telugu,No,
Andhra Pradesh Board,1st Grade,Moral Education,Telugu,No,
Andhra Pradesh Board,1st Grade,Physical Education,Telugu,No,
Andhra Pradesh Board,1st Grade,Art & Craft,Telugu,No,
Andhra Pradesh Board,1st Grade,Work Education,Telugu,No,
Andhra Pradesh Board,1st Grade,English,Telugu,No,
Andhra Pradesh Board,1st Grade,Telugu,Telugu,No,
Andhra Pradesh Board,1st Grade,Hindi,Telugu,No,
Andhra Pradesh Board,1st Grade,Urdu,Telugu,No,
Andhra Pradesh Board,2nd Grade,Mathematics,Telugu,No,
Andhra Pradesh Board,2nd Grade,Environmental Studies,Telugu,No,
Andhra Pradesh Board,2nd Grade,Computer Awareness,Telugu,No,
Andhra Pradesh Board,2nd Grade,General Knowledge,Telugu,No,
Andhra Pradesh Board,2nd Grade,Moral Education,Telugu,No,
Andhra Pradesh Board,2nd Grade,Physical Education,Telugu,No,
Andhra Pradesh Board,2nd Grade,Art & Craft,Telugu,No,
Andhra Pradesh Board,2nd Grade,Work Education,Telugu,No,
Andhra Pradesh Board,2nd Grade,English,Telugu,No,
Andhra Pradesh Board,2nd Grade,Telugu,Telugu,No,
Andhra Pradesh Board,2nd Grade,Hindi,Telugu,No,
Andhra Pradesh Board,2nd Grade,Urdu,Telugu,No,
Andhra Pradesh Board,3rd Grade,Mathematics,Telugu,No,
Andhra Pradesh Board,3rd Grade,Environmental Studies,Telugu,No,
Andhra Pradesh Board,3rd Grade,Computer Awareness,Telugu,No,
Andhra Pradesh Board,3rd Grade,General Knowledge,Telugu,No,
Andhra Pradesh Board,3rd Grade,Moral Education,Telugu,No,
Andhra Pradesh Board,3rd Grade,Physical Education,Telugu,No,
Andhra Pradesh Board,3rd Grade,Art & Craft,Telugu,No,
Andhra Pradesh Board,3rd Grade,Work Education,Telugu,No,
Andhra Pradesh Board,3rd Grade,English,Telugu,No,
Andhra Pradesh Board,3rd Grade,Telugu,Telugu,No,
Andhra Pradesh Board,3rd Grade,Hindi,Telugu,No,
Andhra Pradesh Board,3rd Grade,Urdu,Telugu,No,
Andhra Pradesh Board,4th Grade,Mathematics,Telugu,No,
Andhra Pradesh Board,4th Grade,Environmental Studies,Telugu,No,
Andhra Pradesh Board,4th Grade,Computer Awareness,Telugu,No,
Andhra Pradesh Board,4th Grade,General Knowledge,Telugu,No,
Andhra Pradesh Board,4th Grade,Moral Education,Telugu,No,
Andhra Pradesh Board,4th Grade,Physical Education,Telugu,No,
Andhra Pradesh Board,4th Grade,Art & Craft,Telugu,No,
Andhra Pradesh Board,4th Grade,Work Education,Telugu,No,
Andhra Pradesh Board,4th Grade,English,Telugu,No,
Andhra Pradesh Board,4th Grade,Telugu,Telugu,No,
Andhra Pradesh Board,4th Grade,Hindi,Telugu,No,
Andhra Pradesh Board,4th Grade,Urdu,Telugu,No,
Andhra Pradesh Board,5th Grade,Mathematics,Telugu,No,
Andhra Pradesh Board,5th Grade,Environmental Studies,Telugu,No,
Andhra Pradesh Board,5th Grade,Computer Awareness,Telugu,No,
Andhra Pradesh Board,5th Grade,General Knowledge,Telugu,No,
Andhra Pradesh Board,5th Grade,Moral Education,Telugu,No,
Andhra Pradesh Board,5th Grade,Physical Education,Telugu,No,
Andhra Pradesh Board,5th Grade,Art & Craft,Telugu,No,
Andhra Pradesh Board,5th Grade,Work Education,Telugu,No,
Andhra Pradesh Board,5th Grade,English,Telugu,No,
Andhra Pradesh Board,5th Grade,Telugu,Telugu,No,
Andhra Pradesh Board,5th Grade,Hindi,Telugu,No,
Andhra Pradesh Board,5th Grade,Urdu,Telugu,No,
Andhra Pradesh Board,6th Grade,Mathematics,Telugu,Partial,"Partial Coverage of videos, lessons and private publishers"
Andhra Pradesh Board,6th Grade,Science,Telugu,Partial,"Partial Coverage of videos, lessons and private publishers"
Andhra Pradesh Board,6th Grade,Physical Science,Telugu,No,
Andhra Pradesh Board,6th Grade,Social Studies,Telugu,No,
Andhra Pradesh Board,6th Grade,Computer Education,Telugu,No,
Andhra Pradesh Board,6th Grade,Physical Education,Telugu,No,
Andhra Pradesh Board,6th Grade,Art Education,Telugu,No,
Andhra Pradesh Board,6th Grade,Work Education,Telugu,No,
Andhra Pradesh Board,6th Grade,English,Telugu,No,
Andhra Pradesh Board,6th Grade,Telugu,Telugu,No,
Andhra Pradesh Board,6th Grade,Hindi,Telugu,No,
Andhra Pradesh Board,6th Grade,Urdu,Telugu,No,
Andhra Pradesh Board,6th Grade,Sanskrit,Telugu,No,
Andhra Pradesh Board,7th Grade,Mathematics,Telugu,Partial,"Partial Coverage of videos, lessons and private publishers"
Andhra Pradesh Board,7th Grade,Science,Telugu,Partial,"Partial Coverage of videos, lessons and private publishers"
Andhra Pradesh Board,7th Grade,Physical Science,Telugu,No,
Andhra Pradesh Board,7th Grade,Social Studies,Telugu,No,
Andhra Pradesh Board,7th Grade,Computer Education,Telugu,No,
Andhra Pradesh Board,7th Grade,Physical Education,Telugu,No,
Andhra Pradesh Board,7th Grade,Art Education,Telugu,No,
Andhra Pradesh Board,7th Grade,Work Education,Telugu,No,
Andhra Pradesh Board,7th Grade,English,Telugu,No,
Andhra Pradesh Board,7th Grade,Telugu,Telugu,No,
Andhra Pradesh Board,7th Grade,Hindi,Telugu,No,
Andhra Pradesh Board,7th Grade,Urdu,Telugu,No,
Andhra Pradesh Board,7th Grade,Sanskrit,Telugu,No,
Andhra Pradesh Board,8th Grade,Mathematics,Telugu,Partial,"Partial Coverage of videos, lessons and private publishers"
Andhra Pradesh Board,8th Grade,Science,Telugu,Partial,"Partial Coverage of videos, lessons and private publishers"
Andhra Pradesh Board,8th Grade,Physical Science,Telugu,No,
Andhra Pradesh Board,8th Grade,Social Studies,Telugu,No,
Andhra Pradesh Board,8th Grade,Computer Education,Telugu,No,
Andhra Pradesh Board,8th Grade,Physical Education,Telugu,No,
Andhra Pradesh Board,8th Grade,Art Education,Telugu,No,
Andhra Pradesh Board,8th Grade,Work Education,Telugu,No,
Andhra Pradesh Board,8th Grade,English,Telugu,No,
Andhra Pradesh Board,8th Grade,Telugu,Telugu,No,
Andhra Pradesh Board,8th Grade,Hindi,Telugu,No,
Andhra Pradesh Board,8th Grade,Urdu,Telugu,No,
Andhra Pradesh Board,8th Grade,Sanskrit,Telugu,No,
Andhra Pradesh Board,9th Grade,Mathematics,Telugu,Partial,"Partial Coverage of videos, lessons and private publishers"
Andhra Pradesh Board,9th Grade,Science,Telugu,Partial,"Partial Coverage of videos, lessons and private publishers"
Andhra Pradesh Board,9th Grade,Physical Science,Telugu,No,
Andhra Pradesh Board,9th Grade,Social Studies,Telugu,No,
Andhra Pradesh Board,9th Grade,Computer Education,Telugu,No,
Andhra Pradesh Board,9th Grade,Physical Education,Telugu,No,
Andhra Pradesh Board,9th Grade,Art Education,Telugu,No,
Andhra Pradesh Board,9th Grade,Work Education,Telugu,No,
Andhra Pradesh Board,9th Grade,English,Telugu,No,
Andhra Pradesh Board,9th Grade,Telugu,Telugu,No,
Andhra Pradesh Board,9th Grade,Hindi,Telugu,No,
Andhra Pradesh Board,9th Grade,Urdu,Telugu,No,
Andhra Pradesh Board,9th Grade,Sanskrit,Telugu,No,
Andhra Pradesh Board,10th Grade,Mathematics,Telugu,Partial,"Partial Coverage of videos, lessons and private publishers"
Andhra Pradesh Board,10th Grade,Science,Telugu,Partial,"Partial Coverage of videos, lessons and private publishers"
Andhra Pradesh Board,10th Grade,Physical Science,Telugu,No,
Andhra Pradesh Board,10th Grade,Social Studies,Telugu,No,
Andhra Pradesh Board,10th Grade,Computer Education,Telugu,No,
Andhra Pradesh Board,10th Grade,Physical Education,Telugu,No,
Andhra Pradesh Board,10th Grade,Art Education,Telugu,No,
Andhra Pradesh Board,10th Grade,Work Education,Telugu,No,
Andhra Pradesh Board,10th Grade,English,Telugu,No,
Andhra Pradesh Board,10th Grade,Telugu,Telugu,No,
Andhra Pradesh Board,10th Grade,Hindi,Telugu,No,
Andhra Pradesh Board,10th Grade,Urdu,Telugu,No,
Andhra Pradesh Board,10th Grade,Sanskrit,Telugu,No,
Andhra Pradesh Board,11th Grade,Physics,Telugu,Partial,"Partial Coverage of videos, lessons and private publishers"
Andhra Pradesh Board,11th Grade,Chemistry,Telugu,Partial,"Partial Coverage of videos, lessons and private publishers"
Andhra Pradesh Board,11th Grade,Mathematics,Telugu,Partial,"Partial Coverage of videos, lessons and private publishers"
Andhra Pradesh Board,11th Grade,Biology,Telugu,Partial,"Partial Coverage of videos, lessons and private publishers"
Andhra Pradesh Board,11th Grade,Computer Science,Telugu,No,
Andhra Pradesh Board,11th Grade,Electronics,Telugu,No,
Andhra Pradesh Board,11th Grade,Economics,Telugu,No,
Andhra Pradesh Board,11th Grade,Civics,Telugu,No,
Andhra Pradesh Board,11th Grade,History,Telugu,No,
Andhra Pradesh Board,11th Grade,Geography,Telugu,No,
Andhra Pradesh Board,11th Grade,Commerce,Telugu,No,
Andhra Pradesh Board,11th Grade,Accountancy,Telugu,No,
Andhra Pradesh Board,11th Grade,Business Studies,Telugu,No,
Andhra Pradesh Board,11th Grade,Public Administration,Telugu,No,
Andhra Pradesh Board,11th Grade,Sociology,Telugu,No,
Andhra Pradesh Board,11th Grade,Psychology,Telugu,No,
Andhra Pradesh Board,11th Grade,Logic & Philosophy,Telugu,No,
Andhra Pradesh Board,11th Grade,Home Science,Telugu,No,
Andhra Pradesh Board,11th Grade,English,Telugu,No,
Andhra Pradesh Board,11th Grade,Telugu,Telugu,No,
Andhra Pradesh Board,11th Grade,Hindi,Telugu,No,
Andhra Pradesh Board,11th Grade,Sanskrit,Telugu,No,
Andhra Pradesh Board,11th Grade,Urdu,Telugu,No,
Andhra Pradesh Board,12th Grade,Physics,Telugu,Partial,"Partial Coverage of videos, lessons and private publishers"
Andhra Pradesh Board,12th Grade,Chemistry,Telugu,Partial,"Partial Coverage of videos, lessons and private publishers"
Andhra Pradesh Board,12th Grade,Mathematics,Telugu,Partial,"Partial Coverage of videos, lessons and private publishers"
Andhra Pradesh Board,12th Grade,Biology,Telugu,Partial,"Partial Coverage of videos, lessons and private publishers"
Andhra Pradesh Board,12th Grade,Computer Science,Telugu,No,
Andhra Pradesh Board,12th Grade,Electronics,Telugu,No,
Andhra Pradesh Board,12th Grade,Economics,Telugu,No,
Andhra Pradesh Board,12th Grade,Civics,Telugu,No,
Andhra Pradesh Board,12th Grade,History,Telugu,No,
Andhra Pradesh Board,12th Grade,Geography,Telugu,No,
Andhra Pradesh Board,12th Grade,Commerce,Telugu,No,
Andhra Pradesh Board,12th Grade,Accountancy,Telugu,No,
Andhra Pradesh Board,12th Grade,Business Studies,Telugu,No,
Andhra Pradesh Board,12th Grade,Public Administration,Telugu,No,
Andhra Pradesh Board,12th Grade,Sociology,Telugu,No,
Andhra Pradesh Board,12th Grade,Psychology,Telugu,No,
Andhra Pradesh Board,12th Grade,Logic & Philosophy,Telugu,No,
Andhra Pradesh Board,12th Grade,Home Science,Telugu,No,
Andhra Pradesh Board,12th Grade,English,Telugu,No,
Andhra Pradesh Board,12th Grade,Telugu,Telugu,No,
Andhra Pradesh Board,12th Grade,Hindi,Telugu,No,
Andhra Pradesh Board,12th Grade,Sanskrit,Telugu,No,
Andhra Pradesh Board,12th Grade,Urdu,Telugu,No,
Arunachal Pradesh Board,1st Grade,Mathematics,English,No,
Arunachal Pradesh Board,1st Grade,Environmental Studies,English,No,
Arunachal Pradesh Board,1st Grade,Computer Awareness,English,No,
Arunachal Pradesh Board,1st Grade,General Knowledge,English,No,
Arunachal Pradesh Board,1st Grade,Moral Education,English,No,
Arunachal Pradesh Board,1st Grade,Physical Education,English,No,
Arunachal Pradesh Board,1st Grade,Art & Craft,English,No,
Arunachal Pradesh Board,1st Grade,Work Education,English,No,
Arunachal Pradesh Board,1st Grade,English,English,No,
Arunachal Pradesh Board,1st Grade,Hindi,English,No,
Arunachal Pradesh Board,1st Grade,Assamese,English,No,
Arunachal Pradesh Board,1st Grade,Bengali,English,No,
Arunachal Pradesh Board,1st Grade,Nepali,English,No,
Arunachal Pradesh Board,2nd Grade,Mathematics,English,No,
Arunachal Pradesh Board,2nd Grade,Environmental Studies,English,No,
Arunachal Pradesh Board,2nd Grade,Computer Awareness,English,No,
Arunachal Pradesh Board,2nd Grade,General Knowledge,English,No,
Arunachal Pradesh Board,2nd Grade,Moral Education,English,No,
Arunachal Pradesh Board,2nd Grade,Physical Education,English,No,
Arunachal Pradesh Board,2nd Grade,Art & Craft,English,No,
Arunachal Pradesh Board,2nd Grade,Work Education,English,No,
Arunachal Pradesh Board,2nd Grade,English,English,No,
Arunachal Pradesh Board,2nd Grade,Hindi,English,No,
Arunachal Pradesh Board,2nd Grade,Assamese,English,No,
Arunachal Pradesh Board,2nd Grade,Bengali,English,No,
Arunachal Pradesh Board,2nd Grade,Nepali,English,No,
Arunachal Pradesh Board,3rd Grade,Mathematics,English,No,
Arunachal Pradesh Board,3rd Grade,Environmental Studies,English,No,
Arunachal Pradesh Board,3rd Grade,Computer Awareness,English,No,
Arunachal Pradesh Board,3rd Grade,General Knowledge,English,No,
Arunachal Pradesh Board,3rd Grade,Moral Education,English,No,
Arunachal Pradesh Board,3rd Grade,Physical Education,English,No,
Arunachal Pradesh Board,3rd Grade,Art & Craft,English,No,
Arunachal Pradesh Board,3rd Grade,Work Education,English,No,
Arunachal Pradesh Board,3rd Grade,English,English,No,
Arunachal Pradesh Board,3rd Grade,Hindi,English,No,
Arunachal Pradesh Board,3rd Grade,Assamese,English,No,
Arunachal Pradesh Board,3rd Grade,Bengali,English,No,
Arunachal Pradesh Board,3rd Grade,Nepali,English,No,
Arunachal Pradesh Board,4th Grade,Mathematics,English,No,
Arunachal Pradesh Board,4th Grade,Environmental Studies,English,No,
Arunachal Pradesh Board,4th Grade,Computer Awareness,English,No,
Arunachal Pradesh Board,4th Grade,General Knowledge,English,No,
Arunachal Pradesh Board,4th Grade,Moral Education,English,No,
Arunachal Pradesh Board,4th Grade,Physical Education,English,No,
Arunachal Pradesh Board,4th Grade,Art & Craft,English,No,
Arunachal Pradesh Board,4th Grade,Work Education,English,No,
Arunachal Pradesh Board,4th Grade,English,English,No,
Arunachal Pradesh Board,4th Grade,Hindi,English,No,
Arunachal Pradesh Board,4th Grade,Assamese,English,No,
Arunachal Pradesh Board,4th Grade,Bengali,English,No,
Arunachal Pradesh Board,4th Grade,Nepali,English,No,
Arunachal Pradesh Board,5th Grade,Mathematics,English,No,
Arunachal Pradesh Board,5th Grade,Environmental Studies,English,No,
Arunachal Pradesh Board,5th Grade,Computer Awareness,English,No,
Arunachal Pradesh Board,5th Grade,General Knowledge,English,No,
Arunachal Pradesh Board,5th Grade,Moral Education,English,No,
Arunachal Pradesh Board,5th Grade,Physical Education,English,No,
Arunachal Pradesh Board,5th Grade,Art & Craft,English,No,
Arunachal Pradesh Board,5th Grade,Work Education,English,No,
Arunachal Pradesh Board,5th Grade,English,English,No,
Arunachal Pradesh Board,5th Grade,Hindi,English,No,
Arunachal Pradesh Board,5th Grade,Assamese,English,No,
Arunachal Pradesh Board,5th Grade,Bengali,English,No,
Arunachal Pradesh Board,5th Grade,Nepali,English,No,
Arunachal Pradesh Board,6th Grade,Mathematics,English,Yes,
Arunachal Pradesh Board,6th Grade,Science,English,Yes,
Arunachal Pradesh Board,6th Grade,Social Science,English,Partial,Partial Coverage of Lessons and Videos
Arunachal Pradesh Board,6th Grade,Environmental Studies,English,No,
Arunachal Pradesh Board,6th Grade,Computer Education,English,No,
Arunachal Pradesh Board,6th Grade,Physical Education,English,No,
Arunachal Pradesh Board,6th Grade,Art Education,English,No,
Arunachal Pradesh Board,6th Grade,Work Education,English,No,
Arunachal Pradesh Board,6th Grade,English,English,No,
Arunachal Pradesh Board,6th Grade,Hindi,English,No,
Arunachal Pradesh Board,6th Grade,Assamese,English,No,
Arunachal Pradesh Board,6th Grade,Bengali,English,No,
Arunachal Pradesh Board,6th Grade,Nepali,English,No,
Arunachal Pradesh Board,6th Grade,Sanskrit,English,No,
Arunachal Pradesh Board,7th Grade,Mathematics,English,Yes,
Arunachal Pradesh Board,7th Grade,Science,English,Yes,
Arunachal Pradesh Board,7th Grade,Social Science,English,Partial,Partial Coverage of Lessons and Videos
Arunachal Pradesh Board,7th Grade,Environmental Studies,English,No,
Arunachal Pradesh Board,7th Grade,Computer Education,English,No,
Arunachal Pradesh Board,7th Grade,Physical Education,English,No,
Arunachal Pradesh Board,7th Grade,Art Education,English,No,
Arunachal Pradesh Board,7th Grade,Work Education,English,No,
Arunachal Pradesh Board,7th Grade,English,English,No,
Arunachal Pradesh Board,7th Grade,Hindi,English,No,
Arunachal Pradesh Board,7th Grade,Assamese,English,No,
Arunachal Pradesh Board,7th Grade,Bengali,English,No,
Arunachal Pradesh Board,7th Grade,Nepali,English,No,
Arunachal Pradesh Board,7th Grade,Sanskrit,English,No,
Arunachal Pradesh Board,8th Grade,Mathematics,English,Yes,
Arunachal Pradesh Board,8th Grade,Science,English,Yes,
Arunachal Pradesh Board,8th Grade,Social Science,English,Partial,Partial Coverage of Lessons and Videos
Arunachal Pradesh Board,8th Grade,Environmental Studies,English,No,
Arunachal Pradesh Board,8th Grade,Computer Education,English,No,
Arunachal Pradesh Board,8th Grade,Physical Education,English,No,
Arunachal Pradesh Board,8th Grade,Art Education,English,No,
Arunachal Pradesh Board,8th Grade,Work Education,English,No,
Arunachal Pradesh Board,8th Grade,English,English,No,
Arunachal Pradesh Board,8th Grade,Hindi,English,No,
Arunachal Pradesh Board,8th Grade,Assamese,English,No,
Arunachal Pradesh Board,8th Grade,Bengali,English,No,
Arunachal Pradesh Board,8th Grade,Nepali,English,No,
Arunachal Pradesh Board,8th Grade,Sanskrit,English,No,
Arunachal Pradesh Board,9th Grade,Mathematics,English,Yes,
Arunachal Pradesh Board,9th Grade,Science,English,Yes,
Arunachal Pradesh Board,9th Grade,Social Science,English,Yes,
Arunachal Pradesh Board,9th Grade,Environmental Studies,English,No,
Arunachal Pradesh Board,9th Grade,Computer Education,English,No,
Arunachal Pradesh Board,9th Grade,Physical Education,English,No,
Arunachal Pradesh Board,9th Grade,Art Education,English,No,
Arunachal Pradesh Board,9th Grade,Work Education,English,No,
Arunachal Pradesh Board,9th Grade,English,English,No,
Arunachal Pradesh Board,9th Grade,Hindi,English,No,
Arunachal Pradesh Board,9th Grade,Assamese,English,No,
Arunachal Pradesh Board,9th Grade,Bengali,English,No,
Arunachal Pradesh Board,9th Grade,Nepali,English,No,
Arunachal Pradesh Board,9th Grade,Sanskrit,English,No,
Arunachal Pradesh Board,10th Grade,Mathematics,English,Yes,
Arunachal Pradesh Board,10th Grade,Science,English,Yes,
Arunachal Pradesh Board,10th Grade,Social Science,English,Yes,
Arunachal Pradesh Board,10th Grade,Environmental Studies,English,No,
Arunachal Pradesh Board,10th Grade,Computer Education,English,No,
Arunachal Pradesh Board,10th Grade,Physical Education,English,No,
Arunachal Pradesh Board,10th Grade,Art Education,English,No,
Arunachal Pradesh Board,10th Grade,Work Education,English,No,
Arunachal Pradesh Board,10th Grade,English,English,No,
Arunachal Pradesh Board,10th Grade,Hindi,English,No,
Arunachal Pradesh Board,10th Grade,Assamese,English,No,
Arunachal Pradesh Board,10th Grade,Bengali,English,No,
Arunachal Pradesh Board,10th Grade,Nepali,English,No,
Arunachal Pradesh Board,10th Grade,Sanskrit,English,No,
Arunachal Pradesh Board,11th Grade,Physics,English,Yes,
Arunachal Pradesh Board,11th Grade,Chemistry,English,Yes,
Arunachal Pradesh Board,11th Grade,Mathematics,English,Yes,
Arunachal Pradesh Board,11th Grade,Biology,English,Yes,
Arunachal Pradesh Board,11th Grade,Computer Science,English,No,
Arunachal Pradesh Board,11th Grade,Environmental Science,English,No,
Arunachal Pradesh Board,11th Grade,Economics,English,No,
Arunachal Pradesh Board,11th Grade,History,English,No,
Arunachal Pradesh Board,11th Grade,Geography,English,No,
Arunachal Pradesh Board,11th Grade,Political Science,English,No,
Arunachal Pradesh Board,11th Grade,Sociology,English,No,
Arunachal Pradesh Board,11th Grade,Psychology,English,No,
Arunachal Pradesh Board,11th Grade,Physical Education,English,No,
Arunachal Pradesh Board,11th Grade,Accountancy,English,No,
Arunachal Pradesh Board,11th Grade,Business Studies,English,No,
Arunachal Pradesh Board,11th Grade,English,English,No,
Arunachal Pradesh Board,11th Grade,Hindi,English,No,
Arunachal Pradesh Board,11th Grade,Assamese,English,No,
Arunachal Pradesh Board,11th Grade,Bengali,English,No,
Arunachal Pradesh Board,11th Grade,Nepali,English,No,
Arunachal Pradesh Board,11th Grade,Sanskrit,English,No,
Arunachal Pradesh Board,12th Grade,Physics,English,Yes,
Arunachal Pradesh Board,12th Grade,Chemistry,English,Yes,
Arunachal Pradesh Board,12th Grade,Mathematics,English,Yes,
Arunachal Pradesh Board,12th Grade,Biology,English,Yes,
Arunachal Pradesh Board,12th Grade,Computer Science,English,No,
Arunachal Pradesh Board,12th Grade,Environmental Science,English,No,
Arunachal Pradesh Board,12th Grade,Economics,English,No,
Arunachal Pradesh Board,12th Grade,History,English,No,
Arunachal Pradesh Board,12th Grade,Geography,English,No,
Arunachal Pradesh Board,12th Grade,Political Science,English,No,
Arunachal Pradesh Board,12th Grade,Sociology,English,No,
Arunachal Pradesh Board,12th Grade,Psychology,English,No,
Arunachal Pradesh Board,12th Grade,Physical Education,English,No,
Arunachal Pradesh Board,12th Grade,Accountancy,English,No,
Arunachal Pradesh Board,12th Grade,Business Studies,English,No,
Arunachal Pradesh Board,12th Grade,English,English,No,
Arunachal Pradesh Board,12th Grade,Hindi,English,No,
Arunachal Pradesh Board,12th Grade,Assamese,English,No,
Arunachal Pradesh Board,12th Grade,Bengali,English,No,
Arunachal Pradesh Board,12th Grade,Nepali,English,No,
Arunachal Pradesh Board,12th Grade,Sanskrit,English,No,
Assam Board,1st Grade,Mathematics,English,No,
Assam Board,1st Grade,Environmental Studies,English,No,
Assam Board,1st Grade,Computer Awareness,English,No,
Assam Board,1st Grade,General Knowledge,English,No,
Assam Board,1st Grade,Moral Education,English,No,
Assam Board,1st Grade,Physical Education,English,No,
Assam Board,1st Grade,Art & Craft,English,No,
Assam Board,1st Grade,Work Education,English,No,
Assam Board,1st Grade,English,English,No,
Assam Board,1st Grade,Assamese,English,No,
Assam Board,1st Grade,Hindi,English,No,
Assam Board,1st Grade,Bengali,English,No,
Assam Board,1st Grade,Bodo,English,No,
Assam Board,1st Grade,Nepali,English,No,
Assam Board,2nd Grade,Mathematics,English,No,
Assam Board,2nd Grade,Environmental Studies,English,No,
Assam Board,2nd Grade,Computer Awareness,English,No,
Assam Board,2nd Grade,General Knowledge,English,No,
Assam Board,2nd Grade,Moral Education,English,No,
Assam Board,2nd Grade,Physical Education,English,No,
Assam Board,2nd Grade,Art & Craft,English,No,
Assam Board,2nd Grade,Work Education,English,No,
Assam Board,2nd Grade,English,English,No,
Assam Board,2nd Grade,Assamese,English,No,
Assam Board,2nd Grade,Hindi,English,No,
Assam Board,2nd Grade,Bengali,English,No,
Assam Board,2nd Grade,Bodo,English,No,
Assam Board,2nd Grade,Nepali,English,No,
Assam Board,3rd Grade,Mathematics,English,No,
Assam Board,3rd Grade,Environmental Studies,English,No,
Assam Board,3rd Grade,Computer Awareness,English,No,
Assam Board,3rd Grade,General Knowledge,English,No,
Assam Board,3rd Grade,Moral Education,English,No,
Assam Board,3rd Grade,Physical Education,English,No,
Assam Board,3rd Grade,Art & Craft,English,No,
Assam Board,3rd Grade,Work Education,English,No,
Assam Board,3rd Grade,English,English,No,
Assam Board,3rd Grade,Assamese,English,No,
Assam Board,3rd Grade,Hindi,English,No,
Assam Board,3rd Grade,Bengali,English,No,
Assam Board,3rd Grade,Bodo,English,No,
Assam Board,3rd Grade,Nepali,English,No,
Assam Board,4th Grade,Mathematics,English,No,
Assam Board,4th Grade,Environmental Studies,English,No,
Assam Board,4th Grade,Computer Awareness,English,No,
Assam Board,4th Grade,General Knowledge,English,No,
Assam Board,4th Grade,Moral Education,English,No,
Assam Board,4th Grade,Physical Education,English,No,
Assam Board,4th Grade,Art & Craft,English,No,
Assam Board,4th Grade,Work Education,English,No,
Assam Board,4th Grade,English,English,No,
Assam Board,4th Grade,Assamese,English,No,
Assam Board,4th Grade,Hindi,English,No,
Assam Board,4th Grade,Bengali,English,No,
Assam Board,4th Grade,Bodo,English,No,
Assam Board,4th Grade,Nepali,English,No,
Assam Board,5th Grade,Mathematics,English,No,
Assam Board,5th Grade,Environmental Studies,English,No,
Assam Board,5th Grade,Computer Awareness,English,No,
Assam Board,5th Grade,General Knowledge,English,No,
Assam Board,5th Grade,Moral Education,English,No,
Assam Board,5th Grade,Physical Education,English,No,
Assam Board,5th Grade,Art & Craft,English,No,
Assam Board,5th Grade,Work Education,English,No,
Assam Board,5th Grade,English,English,No,
Assam Board,5th Grade,Assamese,English,No,
Assam Board,5th Grade,Hindi,English,No,
Assam Board,5th Grade,Bengali,English,No,
Assam Board,5th Grade,Bodo,English,No,
Assam Board,5th Grade,Nepali,English,No,
Assam Board,6th Grade,Mathematics,English,Yes,
Assam Board,6th Grade,Science,English,Yes,
Assam Board,6th Grade,Social Science,English,No,
Assam Board,6th Grade,Environmental Studies,English,No,
Assam Board,6th Grade,Computer Education,English,No,
Assam Board,6th Grade,Physical Education,English,No,
Assam Board,6th Grade,Art Education,English,No,
Assam Board,6th Grade,Work Education,English,No,
Assam Board,6th Grade,English,English,No,
Assam Board,6th Grade,Assamese,English,No,
Assam Board,6th Grade,Hindi,English,No,
Assam Board,6th Grade,Bengali,English,No,
Assam Board,6th Grade,Bodo,English,No,
Assam Board,6th Grade,Nepali,English,No,
Assam Board,6th Grade,Sanskrit,English,No,
Assam Board,7th Grade,Mathematics,English,Yes,
Assam Board,7th Grade,Science,English,Yes,
Assam Board,7th Grade,Social Science,English,No,
Assam Board,7th Grade,Environmental Studies,English,No,
Assam Board,7th Grade,Computer Education,English,No,
Assam Board,7th Grade,Physical Education,English,No,
Assam Board,7th Grade,Art Education,English,No,
Assam Board,7th Grade,Work Education,English,No,
Assam Board,7th Grade,English,English,No,
Assam Board,7th Grade,Assamese,English,No,
Assam Board,7th Grade,Hindi,English,No,
Assam Board,7th Grade,Bengali,English,No,
Assam Board,7th Grade,Bodo,English,No,
Assam Board,7th Grade,Nepali,English,No,
Assam Board,7th Grade,Sanskrit,English,No,
Assam Board,8th Grade,Mathematics,English,Yes,
Assam Board,8th Grade,Science,English,Yes,
Assam Board,8th Grade,Social Science,English,No,
Assam Board,8th Grade,Environmental Studies,English,No,
Assam Board,8th Grade,Computer Education,English,No,
Assam Board,8th Grade,Physical Education,English,No,
Assam Board,8th Grade,Art Education,English,No,
Assam Board,8th Grade,Work Education,English,No,
Assam Board,8th Grade,English,English,No,
Assam Board,8th Grade,Assamese,English,No,
Assam Board,8th Grade,Hindi,English,No,
Assam Board,8th Grade,Bengali,English,No,
Assam Board,8th Grade,Bodo,English,No,
Assam Board,8th Grade,Nepali,English,No,
Assam Board,8th Grade,Sanskrit,English,No,
Assam Board,9th Grade,Mathematics,English,Yes,
Assam Board,9th Grade,Science,English,Yes,
Assam Board,9th Grade,Social Science,English,No,
Assam Board,9th Grade,Environmental Studies,English,No,
Assam Board,9th Grade,Computer Education,English,No,
Assam Board,9th Grade,Physical Education,English,No,
Assam Board,9th Grade,Art Education,English,No,
Assam Board,9th Grade,Work Education,English,No,
Assam Board,9th Grade,English,English,No,
Assam Board,9th Grade,Assamese,English,No,
Assam Board,9th Grade,Hindi,English,No,
Assam Board,9th Grade,Bengali,English,No,
Assam Board,9th Grade,Bodo,English,No,
Assam Board,9th Grade,Nepali,English,No,
Assam Board,9th Grade,Sanskrit,English,No,
Assam Board,10th Grade,Mathematics,English,Yes,
Assam Board,10th Grade,Science,English,Yes,
Assam Board,10th Grade,Social Science,English,No,
Assam Board,10th Grade,Environmental Studies,English,No,
Assam Board,10th Grade,Computer Education,English,No,
Assam Board,10th Grade,Physical Education,English,No,
Assam Board,10th Grade,Art Education,English,No,
Assam Board,10th Grade,Work Education,English,No,
Assam Board,10th Grade,English,English,No,
Assam Board,10th Grade,Assamese,English,No,
Assam Board,10th Grade,Hindi,English,No,
Assam Board,10th Grade,Bengali,English,No,
Assam Board,10th Grade,Bodo,English,No,
Assam Board,10th Grade,Nepali,English,No,
Assam Board,10th Grade,Sanskrit,English,No,
Assam Board,11th Grade,Physics,English,Yes,
Assam Board,11th Grade,Chemistry,English,Yes,
Assam Board,11th Grade,Mathematics,English,Yes,
Assam Board,11th Grade,Biology,English,Yes,
Assam Board,11th Grade,Computer Science,English,No,
Assam Board,11th Grade,Biotechnology,English,No,
Assam Board,11th Grade,Environmental Science,English,No,
Assam Board,11th Grade,Economics,English,No,
Assam Board,11th Grade,History,English,No,
Assam Board,11th Grade,Geography,English,No,
Assam Board,11th Grade,Political Science,English,No,
Assam Board,11th Grade,Sociology,English,No,
Assam Board,11th Grade,Psychology,English,No,
Assam Board,11th Grade,Philosophy,English,No,
Assam Board,11th Grade,Education,English,No,
Assam Board,11th Grade,Accountancy,English,No,
Assam Board,11th Grade,Business Studies,English,No,
Assam Board,11th Grade,Finance,English,No,
Assam Board,11th Grade,Statistics,English,No,
Assam Board,11th Grade,Home Science,English,No,
Assam Board,11th Grade,Agriculture,English,No,
Assam Board,11th Grade,English,English,No,
Assam Board,11th Grade,Assamese,English,No,
Assam Board,11th Grade,Hindi,English,No,
Assam Board,11th Grade,Bengali,English,No,
Assam Board,11th Grade,Bodo,English,No,
Assam Board,11th Grade,Nepali,English,No,
Assam Board,11th Grade,Sanskrit,English,No,
Assam Board,11th Grade,Arabic,English,No,
Assam Board,12th Grade,Physics,English,Yes,
Assam Board,12th Grade,Chemistry,English,Yes,
Assam Board,12th Grade,Mathematics,English,Yes,
Assam Board,12th Grade,Biology,English,Yes,
Assam Board,12th Grade,Computer Science,English,No,
Assam Board,12th Grade,Biotechnology,English,No,
Assam Board,12th Grade,Environmental Science,English,No,
Assam Board,12th Grade,Economics,English,No,
Assam Board,12th Grade,History,English,No,
Assam Board,12th Grade,Geography,English,No,
Assam Board,12th Grade,Political Science,English,No,
Assam Board,12th Grade,Sociology,English,No,
Assam Board,12th Grade,Psychology,English,No,
Assam Board,12th Grade,Philosophy,English,No,
Assam Board,12th Grade,Education,English,No,
Assam Board,12th Grade,Accountancy,English,No,
Assam Board,12th Grade,Business Studies,English,No,
Assam Board,12th Grade,Finance,English,No,
Assam Board,12th Grade,Statistics,English,No,
Assam Board,12th Grade,Home Science,English,No,
Assam Board,12th Grade,Agriculture,English,No,
Assam Board,12th Grade,English,English,No,
Assam Board,12th Grade,Assamese,English,No,
Assam Board,12th Grade,Hindi,English,No,
Assam Board,12th Grade,Bengali,English,No,
Assam Board,12th Grade,Bodo,English,No,
Assam Board,12th Grade,Nepali,English,No,
Assam Board,12th Grade,Sanskrit,English,No,
Assam Board,12th Grade,Arabic,English,No,
Assam Board,1st Grade,Mathematics,Assamese,Partial,"Partial Coverage of videos, lessons and private publishers"
Assam Board,1st Grade,Environmental Studies,Assamese,Partial,"Partial Coverage of videos, lessons and private publishers"
Assam Board,1st Grade,Computer Awareness,Assamese,Partial,"Partial Coverage of videos, lessons and private publishers"
Assam Board,1st Grade,General Knowledge,Assamese,Partial,"Partial Coverage of videos, lessons and private publishers"
Assam Board,1st Grade,Moral Education,Assamese,Partial,"Partial Coverage of videos, lessons and private publishers"
Assam Board,1st Grade,Physical Education,Assamese,Partial,"Partial Coverage of videos, lessons and private publishers"
Assam Board,1st Grade,Art & Craft,Assamese,Partial,"Partial Coverage of videos, lessons and private publishers"
Assam Board,1st Grade,Work Education,Assamese,Partial,"Partial Coverage of videos, lessons and private publishers"
Assam Board,1st Grade,English,Assamese,No,
Assam Board,1st Grade,Assamese,Assamese,Partial,"Partial Coverage of videos, lessons and private publishers"
Assam Board,1st Grade,Hindi,Assamese,Partial,"Partial Coverage of videos, lessons and private publishers"
Assam Board,1st Grade,Bengali,Assamese,Partial,"Partial Coverage of videos, lessons and private publishers"
Assam Board,1st Grade,Bodo,Assamese,Partial,"Partial Coverage of videos, lessons and private publishers"
Assam Board,1st Grade,Nepali,Assamese,Partial,"Partial Coverage of videos, lessons and private publishers"
Assam Board,2nd Grade,Mathematics,Assamese,Partial,"Partial Coverage of videos, lessons and private publishers"
Assam Board,2nd Grade,Environmental Studies,Assamese,Partial,"Partial Coverage of videos, lessons and private publishers"
Assam Board,2nd Grade,Computer Awareness,Assamese,Partial,"Partial Coverage of videos, lessons and private publishers"
Assam Board,2nd Grade,General Knowledge,Assamese,Partial,"Partial Coverage of videos, lessons and private publishers"
Assam Board,2nd Grade,Moral Education,Assamese,Partial,"Partial Coverage of videos, lessons and private publishers"
Assam Board,2nd Grade,Physical Education,Assamese,Partial,"Partial Coverage of videos, lessons and private publishers"
Assam Board,2nd Grade,Art & Craft,Assamese,Partial,"Partial Coverage of videos, lessons and private publishers"
Assam Board,2nd Grade,Work Education,Assamese,Partial,"Partial Coverage of videos, lessons and private publishers"
Assam Board,2nd Grade,English,Assamese,No,
Assam Board,2nd Grade,Assamese,Assamese,Partial,"Partial Coverage of videos, lessons and private publishers"
Assam Board,2nd Grade,Hindi,Assamese,Partial,"Partial Coverage of videos, lessons and private publishers"
Assam Board,2nd Grade,Bengali,Assamese,Partial,"Partial Coverage of videos, lessons and private publishers"
Assam Board,2nd Grade,Bodo,Assamese,Partial,"Partial Coverage of videos, lessons and private publishers"
Assam Board,2nd Grade,Nepali,Assamese,Partial,"Partial Coverage of videos, lessons and private publishers"
Assam Board,3rd Grade,Mathematics,Assamese,Partial,"Partial Coverage of videos, lessons and private publishers"
Assam Board,3rd Grade,Environmental Studies,Assamese,Partial,"Partial Coverage of videos, lessons and private publishers"
Assam Board,3rd Grade,Computer Awareness,Assamese,Partial,"Partial Coverage of videos, lessons and private publishers"
Assam Board,3rd Grade,General Knowledge,Assamese,Partial,"Partial Coverage of videos, lessons and private publishers"
Assam Board,3rd Grade,Moral Education,Assamese,Partial,"Partial Coverage of videos, lessons and private publishers"
Assam Board,3rd Grade,Physical Education,Assamese,Partial,"Partial Coverage of videos, lessons and private publishers"
Assam Board,3rd Grade,Art & Craft,Assamese,Partial,"Partial Coverage of videos, lessons and private publishers"
Assam Board,3rd Grade,Work Education,Assamese,Partial,"Partial Coverage of videos, lessons and private publishers"
Assam Board,3rd Grade,English,Assamese,No,
Assam Board,3rd Grade,Assamese,Assamese,Partial,"Partial Coverage of videos, lessons and private publishers"
Assam Board,3rd Grade,Hindi,Assamese,Partial,"Partial Coverage of videos, lessons and private publishers"
Assam Board,3rd Grade,Bengali,Assamese,Partial,"Partial Coverage of videos, lessons and private publishers"
Assam Board,3rd Grade,Bodo,Assamese,Partial,"Partial Coverage of videos, lessons and private publishers"
Assam Board,3rd Grade,Nepali,Assamese,Partial,"Partial Coverage of videos, lessons and private publishers"
Assam Board,4th Grade,Mathematics,Assamese,Partial,"Partial Coverage of videos, lessons and private publishers"
Assam Board,4th Grade,Environmental Studies,Assamese,Partial,"Partial Coverage of videos, lessons and private publishers"
Assam Board,4th Grade,Computer Awareness,Assamese,Partial,"Partial Coverage of videos, lessons and private publishers"
Assam Board,4th Grade,General Knowledge,Assamese,Partial,"Partial Coverage of videos, lessons and private publishers"
Assam Board,4th Grade,Moral Education,Assamese,Partial,"Partial Coverage of videos, lessons and private publishers"
Assam Board,4th Grade,Physical Education,Assamese,Partial,"Partial Coverage of videos, lessons and private publishers"
Assam Board,4th Grade,Art & Craft,Assamese,Partial,"Partial Coverage of videos, lessons and private publishers"
Assam Board,4th Grade,Work Education,Assamese,Partial,"Partial Coverage of videos, lessons and private publishers"
Assam Board,4th Grade,English,Assamese,No,
Assam Board,4th Grade,Assamese,Assamese,Partial,"Partial Coverage of videos, lessons and private publishers"
Assam Board,4th Grade,Hindi,Assamese,Partial,"Partial Coverage of videos, lessons and private publishers"
Assam Board,4th Grade,Bengali,Assamese,Partial,"Partial Coverage of videos, lessons and private publishers"
Assam Board,4th Grade,Bodo,Assamese,Partial,"Partial Coverage of videos, lessons and private publishers"
Assam Board,4th Grade,Nepali,Assamese,Partial,"Partial Coverage of videos, lessons and private publishers"
Assam Board,5th Grade,Mathematics,Assamese,Partial,"Partial Coverage of videos, lessons and private publishers"
Assam Board,5th Grade,Environmental Studies,Assamese,Partial,"Partial Coverage of videos, lessons and private publishers"
Assam Board,5th Grade,Computer Awareness,Assamese,Partial,"Partial Coverage of videos, lessons and private publishers"
Assam Board,5th Grade,General Knowledge,Assamese,Partial,"Partial Coverage of videos, lessons and private publishers"
Assam Board,5th Grade,Moral Education,Assamese,Partial,"Partial Coverage of videos, lessons and private publishers"
Assam Board,5th Grade,Physical Education,Assamese,Partial,"Partial Coverage of videos, lessons and private publishers"
Assam Board,5th Grade,Art & Craft,Assamese,Partial,"Partial Coverage of videos, lessons and private publishers"
Assam Board,5th Grade,Work Education,Assamese,Partial,"Partial Coverage of videos, lessons and private publishers"
Assam Board,5th Grade,English,Assamese,No,
Assam Board,5th Grade,Assamese,Assamese,Partial,"Partial Coverage of videos, lessons and private publishers"
Assam Board,5th Grade,Hindi,Assamese,Partial,"Partial Coverage of videos, lessons and private publishers"
Assam Board,5th Grade,Bengali,Assamese,Partial,"Partial Coverage of videos, lessons and private publishers"
Assam Board,5th Grade,Bodo,Assamese,Partial,"Partial Coverage of videos, lessons and private publishers"
Assam Board,5th Grade,Nepali,Assamese,Partial,"Partial Coverage of videos, lessons and private publishers"
Assam Board,6th Grade,Mathematics,Assamese,Partial,"Partial Coverage of videos, lessons and private publishers"
Assam Board,6th Grade,Science,Assamese,Partial,"Partial Coverage of videos, lessons and private publishers"
Assam Board,6th Grade,Social Science,Assamese,Partial,"Partial Coverage of videos, lessons and private publishers"
Assam Board,6th Grade,Environmental Studies,Assamese,Partial,"Partial Coverage of videos, lessons and private publishers"
Assam Board,6th Grade,Computer Education,Assamese,Partial,"Partial Coverage of videos, lessons and private publishers"
Assam Board,6th Grade,Physical Education,Assamese,Partial,"Partial Coverage of videos, lessons and private publishers"
Assam Board,6th Grade,Art Education,Assamese,Partial,"Partial Coverage of videos, lessons and private publishers"
Assam Board,6th Grade,Work Education,Assamese,Partial,"Partial Coverage of videos, lessons and private publishers"
Assam Board,6th Grade,English,Assamese,No,
Assam Board,6th Grade,Assamese,Assamese,Partial,"Partial Coverage of videos, lessons and private publishers"
Assam Board,6th Grade,Hindi,Assamese,Partial,"Partial Coverage of videos, lessons and private publishers"
Assam Board,6th Grade,Bengali,Assamese,Partial,"Partial Coverage of videos, lessons and private publishers"
Assam Board,6th Grade,Bodo,Assamese,Partial,"Partial Coverage of videos, lessons and private publishers"
Assam Board,6th Grade,Nepali,Assamese,Partial,"Partial Coverage of videos, lessons and private publishers"
Assam Board,6th Grade,Sanskrit,Assamese,Partial,"Partial Coverage of videos, lessons and private publishers"
Assam Board,7th Grade,Mathematics,Assamese,Partial,"Partial Coverage of videos, lessons and private publishers"
Assam Board,7th Grade,Science,Assamese,Partial,"Partial Coverage of videos, lessons and private publishers"
Assam Board,7th Grade,Social Science,Assamese,Partial,"Partial Coverage of videos, lessons and private publishers"
Assam Board,7th Grade,Environmental Studies,Assamese,Partial,"Partial Coverage of videos, lessons and private publishers"
Assam Board,7th Grade,Computer Education,Assamese,Partial,"Partial Coverage of videos, lessons and private publishers"
Assam Board,7th Grade,Physical Education,Assamese,Partial,"Partial Coverage of videos, lessons and private publishers"
Assam Board,7th Grade,Art Education,Assamese,Partial,"Partial Coverage of videos, lessons and private publishers"
Assam Board,7th Grade,Work Education,Assamese,Partial,"Partial Coverage of videos, lessons and private publishers"
Assam Board,7th Grade,English,Assamese,No,
Assam Board,7th Grade,Assamese,Assamese,Partial,"Partial Coverage of videos, lessons and private publishers"
Assam Board,7th Grade,Hindi,Assamese,Partial,"Partial Coverage of videos, lessons and private publishers"
Assam Board,7th Grade,Bengali,Assamese,Partial,"Partial Coverage of videos, lessons and private publishers"
Assam Board,7th Grade,Bodo,Assamese,Partial,"Partial Coverage of videos, lessons and private publishers"
Assam Board,7th Grade,Nepali,Assamese,Partial,"Partial Coverage of videos, lessons and private publishers"
Assam Board,7th Grade,Sanskrit,Assamese,Partial,"Partial Coverage of videos, lessons and private publishers"
Assam Board,8th Grade,Mathematics,Assamese,Partial,"Partial Coverage of videos, lessons and private publishers"
Assam Board,8th Grade,Science,Assamese,Partial,"Partial Coverage of videos, lessons and private publishers"
Assam Board,8th Grade,Social Science,Assamese,Partial,"Partial Coverage of videos, lessons and private publishers"
Assam Board,8th Grade,Environmental Studies,Assamese,Partial,"Partial Coverage of videos, lessons and private publishers"
Assam Board,8th Grade,Computer Education,Assamese,Partial,"Partial Coverage of videos, lessons and private publishers"
Assam Board,8th Grade,Physical Education,Assamese,Partial,"Partial Coverage of videos, lessons and private publishers"
Assam Board,8th Grade,Art Education,Assamese,Partial,"Partial Coverage of videos, lessons and private publishers"
Assam Board,8th Grade,Work Education,Assamese,Partial,"Partial Coverage of videos, lessons and private publishers"
Assam Board,8th Grade,English,Assamese,No,
Assam Board,8th Grade,Assamese,Assamese,Partial,"Partial Coverage of videos, lessons and private publishers"
Assam Board,8th Grade,Hindi,Assamese,Partial,"Partial Coverage of videos, lessons and private publishers"
Assam Board,8th Grade,Bengali,Assamese,Partial,"Partial Coverage of videos, lessons and private publishers"
Assam Board,8th Grade,Bodo,Assamese,Partial,"Partial Coverage of videos, lessons and private publishers"
Assam Board,8th Grade,Nepali,Assamese,Partial,"Partial Coverage of videos, lessons and private publishers"
Assam Board,8th Grade,Sanskrit,Assamese,Partial,"Partial Coverage of videos, lessons and private publishers"
Assam Board,9th Grade,Mathematics,Assamese,Partial,"Partial Coverage of videos, lessons and private publishers"
Assam Board,9th Grade,Science,Assamese,Partial,"Partial Coverage of videos, lessons and private publishers"
Assam Board,9th Grade,Social Science,Assamese,Partial,"Partial Coverage of videos, lessons and private publishers"
Assam Board,9th Grade,Environmental Studies,Assamese,Partial,"Partial Coverage of videos, lessons and private publishers"
Assam Board,9th Grade,Computer Education,Assamese,Partial,"Partial Coverage of videos, lessons and private publishers"
Assam Board,9th Grade,Physical Education,Assamese,Partial,"Partial Coverage of videos, lessons and private publishers"
Assam Board,9th Grade,Art Education,Assamese,Partial,"Partial Coverage of videos, lessons and private publishers"
Assam Board,9th Grade,Work Education,Assamese,Partial,"Partial Coverage of videos, lessons and private publishers"
Assam Board,9th Grade,English,Assamese,No,
Assam Board,9th Grade,Assamese,Assamese,Partial,"Partial Coverage of videos, lessons and private publishers"
Assam Board,9th Grade,Hindi,Assamese,Partial,"Partial Coverage of videos, lessons and private publishers"
Assam Board,9th Grade,Bengali,Assamese,Partial,"Partial Coverage of videos, lessons and private publishers"
Assam Board,9th Grade,Bodo,Assamese,Partial,"Partial Coverage of videos, lessons and private publishers"
Assam Board,9th Grade,Nepali,Assamese,Partial,"Partial Coverage of videos, lessons and private publishers"
Assam Board,9th Grade,Sanskrit,Assamese,Partial,"Partial Coverage of videos, lessons and private publishers"
Assam Board,10th Grade,Mathematics,Assamese,Partial,"Partial Coverage of videos, lessons and private publishers"
Assam Board,10th Grade,Science,Assamese,Partial,"Partial Coverage of videos, lessons and private publishers"
Assam Board,10th Grade,Social Science,Assamese,Partial,"Partial Coverage of videos, lessons and private publishers"
Assam Board,10th Grade,Environmental Studies,Assamese,Partial,"Partial Coverage of videos, lessons and private publishers"
Assam Board,10th Grade,Computer Education,Assamese,Partial,"Partial Coverage of videos, lessons and private publishers"
Assam Board,10th Grade,Physical Education,Assamese,Partial,"Partial Coverage of videos, lessons and private publishers"
Assam Board,10th Grade,Art Education,Assamese,Partial,"Partial Coverage of videos, lessons and private publishers"
Assam Board,10th Grade,Work Education,Assamese,Partial,"Partial Coverage of videos, lessons and private publishers"
Assam Board,10th Grade,English,Assamese,No,
Assam Board,10th Grade,Assamese,Assamese,Partial,"Partial Coverage of videos, lessons and private publishers"
Assam Board,10th Grade,Hindi,Assamese,Partial,"Partial Coverage of videos, lessons and private publishers"
Assam Board,10th Grade,Bengali,Assamese,Partial,"Partial Coverage of videos, lessons and private publishers"
Assam Board,10th Grade,Bodo,Assamese,Partial,"Partial Coverage of videos, lessons and private publishers"
Assam Board,10th Grade,Nepali,Assamese,Partial,"Partial Coverage of videos, lessons and private publishers"
Assam Board,10th Grade,Sanskrit,Assamese,Partial,"Partial Coverage of videos, lessons and private publishers"
Assam Board,11th Grade,Physics,Assamese,Partial,"Partial Coverage of videos, lessons and private publishers"
Assam Board,11th Grade,Chemistry,Assamese,Partial,"Partial Coverage of videos, lessons and private publishers"
Assam Board,11th Grade,Mathematics,Assamese,Partial,"Partial Coverage of videos, lessons and private publishers"
Assam Board,11th Grade,Biology,Assamese,Partial,"Partial Coverage of videos, lessons and private publishers"
Assam Board,11th Grade,Computer Science,Assamese,Partial,"Partial Coverage of videos, lessons and private publishers"
Assam Board,11th Grade,Biotechnology,Assamese,Partial,"Partial Coverage of videos, lessons and private publishers"
Assam Board,11th Grade,Environmental Science,Assamese,Partial,"Partial Coverage of videos, lessons and private publishers"
Assam Board,11th Grade,Economics,Assamese,Partial,"Partial Coverage of videos, lessons and private publishers"
Assam Board,11th Grade,History,Assamese,Partial,"Partial Coverage of videos, lessons and private publishers"
Assam Board,11th Grade,Geography,Assamese,Partial,"Partial Coverage of videos, lessons and private publishers"
Assam Board,11th Grade,Political Science,Assamese,Partial,"Partial Coverage of videos, lessons and private publishers"
Assam Board,11th Grade,Sociology,Assamese,Partial,"Partial Coverage of videos, lessons and private publishers"
Assam Board,11th Grade,Psychology,Assamese,Partial,"Partial Coverage of videos, lessons and private publishers"
Assam Board,11th Grade,Philosophy,Assamese,Partial,"Partial Coverage of videos, lessons and private publishers"
Assam Board,11th Grade,Education,Assamese,Partial,"Partial Coverage of videos, lessons and private publishers"
Assam Board,11th Grade,Accountancy,Assamese,Partial,"Partial Coverage of videos, lessons and private publishers"
Assam Board,11th Grade,Business Studies,Assamese,Partial,"Partial Coverage of videos, lessons and private publishers"
Assam Board,11th Grade,Finance,Assamese,Partial,"Partial Coverage of videos, lessons and private publishers"
Assam Board,11th Grade,Statistics,Assamese,Partial,"Partial Coverage of videos, lessons and private publishers"
Assam Board,11th Grade,Home Science,Assamese,Partial,"Partial Coverage of videos, lessons and private publishers"
Assam Board,11th Grade,Agriculture,Assamese,Partial,"Partial Coverage of videos, lessons and private publishers"
Assam Board,11th Grade,English,Assamese,No,
Assam Board,11th Grade,Assamese,Assamese,Partial,"Partial Coverage of videos, lessons and private publishers"
Assam Board,11th Grade,Hindi,Assamese,Partial,"Partial Coverage of videos, lessons and private publishers"
Assam Board,11th Grade,Bengali,Assamese,Partial,"Partial Coverage of videos, lessons and private publishers"
Assam Board,11th Grade,Bodo,Assamese,Partial,"Partial Coverage of videos, lessons and private publishers"
Assam Board,11th Grade,Nepali,Assamese,Partial,"Partial Coverage of videos, lessons and private publishers"
Assam Board,11th Grade,Sanskrit,Assamese,Partial,"Partial Coverage of videos, lessons and private publishers"
Assam Board,11th Grade,Arabic,Assamese,Partial,"Partial Coverage of videos, lessons and private publishers"
Assam Board,12th Grade,Physics,Assamese,Partial,"Partial Coverage of videos, lessons and private publishers"
Assam Board,12th Grade,Chemistry,Assamese,Partial,"Partial Coverage of videos, lessons and private publishers"
Assam Board,12th Grade,Mathematics,Assamese,Partial,"Partial Coverage of videos, lessons and private publishers"
Assam Board,12th Grade,Biology,Assamese,Partial,"Partial Coverage of videos, lessons and private publishers"
Assam Board,12th Grade,Computer Science,Assamese,Partial,"Partial Coverage of videos, lessons and private publishers"
Assam Board,12th Grade,Biotechnology,Assamese,Partial,"Partial Coverage of videos, lessons and private publishers"
Assam Board,12th Grade,Environmental Science,Assamese,Partial,"Partial Coverage of videos, lessons and private publishers"
Assam Board,12th Grade,Economics,Assamese,Partial,"Partial Coverage of videos, lessons and private publishers"
Assam Board,12th Grade,History,Assamese,Partial,"Partial Coverage of videos, lessons and private publishers"
Assam Board,12th Grade,Geography,Assamese,Partial,"Partial Coverage of videos, lessons and private publishers"
Assam Board,12th Grade,Political Science,Assamese,Partial,"Partial Coverage of videos, lessons and private publishers"
Assam Board,12th Grade,Sociology,Assamese,Partial,"Partial Coverage of videos, lessons and private publishers"
Assam Board,12th Grade,Psychology,Assamese,Partial,"Partial Coverage of videos, lessons and private publishers"
Assam Board,12th Grade,Philosophy,Assamese,Partial,"Partial Coverage of videos, lessons and private publishers"
Assam Board,12th Grade,Education,Assamese,Partial,"Partial Coverage of videos, lessons and private publishers"
Assam Board,12th Grade,Accountancy,Assamese,Partial,"Partial Coverage of videos, lessons and private publishers"
Assam Board,12th Grade,Business Studies,Assamese,Partial,"Partial Coverage of videos, lessons and private publishers"
Assam Board,12th Grade,Finance,Assamese,Partial,"Partial Coverage of videos, lessons and private publishers"
Assam Board,12th Grade,Statistics,Assamese,Partial,"Partial Coverage of videos, lessons and private publishers"
Assam Board,12th Grade,Home Science,Assamese,Partial,"Partial Coverage of videos, lessons and private publishers"
Assam Board,12th Grade,Agriculture,Assamese,Partial,"Partial Coverage of videos, lessons and private publishers"
Assam Board,12th Grade,English,Assamese,No,
Assam Board,12th Grade,Assamese,Assamese,Partial,"Partial Coverage of videos, lessons and private publishers"
Assam Board,12th Grade,Hindi,Assamese,Partial,"Partial Coverage of videos, lessons and private publishers"
Assam Board,12th Grade,Bengali,Assamese,Partial,"Partial Coverage of videos, lessons and private publishers"
Assam Board,12th Grade,Bodo,Assamese,Partial,"Partial Coverage of videos, lessons and private publishers"
Assam Board,12th Grade,Nepali,Assamese,Partial,"Partial Coverage of videos, lessons and private publishers"
Assam Board,12th Grade,Sanskrit,Assamese,Partial,"Partial Coverage of videos, lessons and private publishers"
Assam Board,12th Grade,Arabic,Assamese,Partial,"Partial Coverage of videos, lessons and private publishers"
Bihar State Board,9th Grade,Mathematics,English,Yes,
Bihar State Board,9th Grade,Science,English,Yes,
Bihar State Board,9th Grade,Social Science,English,No,
Bihar State Board,9th Grade,Computer Science,English,No,
Bihar State Board,9th Grade,English,English,No,
Bihar State Board,9th Grade,Hindi,English,No,
Bihar State Board,9th Grade,Urdu,English,No,
Bihar State Board,9th Grade,Sanskrit,English,No,
Bihar State Board,9th Grade,Bengali,English,No,
Bihar State Board,9th Grade,Maithili,English,No,
Bihar State Board,10th Grade,Mathematics,English,Yes,
Bihar State Board,10th Grade,Science,English,Yes,
Bihar State Board,10th Grade,Social Science,English,No,
Bihar State Board,10th Grade,Computer Science,English,No,
Bihar State Board,10th Grade,English,English,No,
Bihar State Board,10th Grade,Hindi,English,No,
Bihar State Board,10th Grade,Urdu,English,No,
Bihar State Board,10th Grade,Sanskrit,English,No,
Bihar State Board,10th Grade,Bengali,English,No,
Bihar State Board,10th Grade,Maithili,English,No,
Bihar State Board,11th Grade,Physics,English,Yes,
Bihar State Board,11th Grade,Chemistry,English,Yes,
Bihar State Board,11th Grade,Mathematics,English,Yes,
Bihar State Board,11th Grade,Biology,English,Yes,
Bihar State Board,11th Grade,Computer Science,English,No,
Bihar State Board,11th Grade,Economics,English,No,
Bihar State Board,11th Grade,History,English,No,
Bihar State Board,11th Grade,Geography,English,No,
Bihar State Board,11th Grade,Political Science,English,No,
Bihar State Board,11th Grade,Sociology,English,No,
Bihar State Board,11th Grade,Psychology,English,No,
Bihar State Board,11th Grade,Philosophy,English,No,
Bihar State Board,11th Grade,Home Science,English,No,
Bihar State Board,11th Grade,Accountancy,English,No,
Bihar State Board,11th Grade,Business Studies,English,No,
Bihar State Board,11th Grade,Entrepreneurship,English,No,
Bihar State Board,11th Grade,Statistics,English,No,
Bihar State Board,11th Grade,English,English,No,
Bihar State Board,11th Grade,Hindi,English,No,
Bihar State Board,11th Grade,Urdu,English,No,
Bihar State Board,11th Grade,Sanskrit,English,No,
Bihar State Board,11th Grade,Maithili,English,No,
Bihar State Board,11th Grade,Magahi,English,No,
Bihar State Board,11th Grade,Bhojpuri,English,No,
Bihar State Board,11th Grade,Arabic,English,No,
Bihar State Board,11th Grade,Persian,English,No,
Bihar State Board,11th Grade,Pali,English,No,
Bihar State Board,12th Grade,Physics,English,Yes,
Bihar State Board,12th Grade,Chemistry,English,Yes,
Bihar State Board,12th Grade,Mathematics,English,Yes,
Bihar State Board,12th Grade,Biology,English,Yes,
Bihar State Board,12th Grade,Computer Science,English,No,
Bihar State Board,12th Grade,Economics,English,No,
Bihar State Board,12th Grade,History,English,No,
Bihar State Board,12th Grade,Geography,English,No,
Bihar State Board,12th Grade,Political Science,English,No,
Bihar State Board,12th Grade,Sociology,English,No,
Bihar State Board,12th Grade,Psychology,English,No,
Bihar State Board,12th Grade,Philosophy,English,No,
Bihar State Board,12th Grade,Home Science,English,No,
Bihar State Board,12th Grade,Accountancy,English,No,
Bihar State Board,12th Grade,Business Studies,English,No,
Bihar State Board,12th Grade,Entrepreneurship,English,No,
Bihar State Board,12th Grade,Statistics,English,No,
Bihar State Board,12th Grade,English,English,No,
Bihar State Board,12th Grade,Hindi,English,No,
Bihar State Board,12th Grade,Urdu,English,No,
Bihar State Board,12th Grade,Sanskrit,English,No,
Bihar State Board,12th Grade,Maithili,English,No,
Bihar State Board,12th Grade,Magahi,English,No,
Bihar State Board,12th Grade,Bhojpuri,English,No,
Bihar State Board,12th Grade,Arabic,English,No,
Bihar State Board,12th Grade,Persian,English,No,
Bihar State Board,12th Grade,Pali,English,No,
Bihar State Board,1st Grade,Mathematics,Hindi,No,
Bihar State Board,1st Grade,Environmental Studies,Hindi,No,
Bihar State Board,1st Grade,Computer Awareness,Hindi,No,
Bihar State Board,1st Grade,General Knowledge,Hindi,No,
Bihar State Board,1st Grade,Moral Education,Hindi,No,
Bihar State Board,1st Grade,Physical Education,Hindi,No,
Bihar State Board,1st Grade,Art & Craft,Hindi,No,
Bihar State Board,1st Grade,Work Education,Hindi,No,
Bihar State Board,1st Grade,English,Hindi,No,
Bihar State Board,1st Grade,Hindi,Hindi,No,
Bihar State Board,1st Grade,Urdu,Hindi,No,
Bihar State Board,1st Grade,Maithili,Hindi,No,
Bihar State Board,2nd Grade,Mathematics,Hindi,No,
Bihar State Board,2nd Grade,Environmental Studies,Hindi,No,
Bihar State Board,2nd Grade,Computer Awareness,Hindi,No,
Bihar State Board,2nd Grade,General Knowledge,Hindi,No,
Bihar State Board,2nd Grade,Moral Education,Hindi,No,
Bihar State Board,2nd Grade,Physical Education,Hindi,No,
Bihar State Board,2nd Grade,Art & Craft,Hindi,No,
Bihar State Board,2nd Grade,Work Education,Hindi,No,
Bihar State Board,2nd Grade,English,Hindi,No,
Bihar State Board,2nd Grade,Hindi,Hindi,No,
Bihar State Board,2nd Grade,Urdu,Hindi,No,
Bihar State Board,2nd Grade,Maithili,Hindi,No,
Bihar State Board,3rd Grade,Mathematics,Hindi,No,
Bihar State Board,3rd Grade,Environmental Studies,Hindi,No,
Bihar State Board,3rd Grade,Computer Awareness,Hindi,No,
Bihar State Board,3rd Grade,General Knowledge,Hindi,No,
Bihar State Board,3rd Grade,Moral Education,Hindi,No,
Bihar State Board,3rd Grade,Physical Education,Hindi,No,
Bihar State Board,3rd Grade,Art & Craft,Hindi,No,
Bihar State Board,3rd Grade,Work Education,Hindi,No,
Bihar State Board,3rd Grade,English,Hindi,No,
Bihar State Board,3rd Grade,Hindi,Hindi,No,
Bihar State Board,3rd Grade,Urdu,Hindi,No,
Bihar State Board,3rd Grade,Maithili,Hindi,No,
Bihar State Board,4th Grade,Mathematics,Hindi,No,
Bihar State Board,4th Grade,Environmental Studies,Hindi,No,
Bihar State Board,4th Grade,Computer Awareness,Hindi,No,
Bihar State Board,4th Grade,General Knowledge,Hindi,No,
Bihar State Board,4th Grade,Moral Education,Hindi,No,
Bihar State Board,4th Grade,Physical Education,Hindi,No,
Bihar State Board,4th Grade,Art & Craft,Hindi,No,
Bihar State Board,4th Grade,Work Education,Hindi,No,
Bihar State Board,4th Grade,English,Hindi,No,
Bihar State Board,4th Grade,Hindi,Hindi,No,
Bihar State Board,4th Grade,Urdu,Hindi,No,
Bihar State Board,4th Grade,Maithili,Hindi,No,
Bihar State Board,5th Grade,Mathematics,Hindi,No,
Bihar State Board,5th Grade,Environmental Studies,Hindi,No,
Bihar State Board,5th Grade,Computer Awareness,Hindi,No,
Bihar State Board,5th Grade,General Knowledge,Hindi,No,
Bihar State Board,5th Grade,Moral Education,Hindi,No,
Bihar State Board,5th Grade,Physical Education,Hindi,No,
Bihar State Board,5th Grade,Art & Craft,Hindi,No,
Bihar State Board,5th Grade,Work Education,Hindi,No,
Bihar State Board,5th Grade,English,Hindi,No,
Bihar State Board,5th Grade,Hindi,Hindi,No,
Bihar State Board,5th Grade,Urdu,Hindi,No,
Bihar State Board,5th Grade,Maithili,Hindi,No,
Bihar State Board,6th Grade,Mathematics,Hindi,Partial,"Partial Coverage of videos, lessons and private publishers"
Bihar State Board,6th Grade,Science,Hindi,Partial,"Partial Coverage of videos, lessons and private publishers"
Bihar State Board,6th Grade,Social Science,Hindi,No,
Bihar State Board,6th Grade,Environmental Studies,Hindi,No,
Bihar State Board,6th Grade,Computer Education,Hindi,No,
Bihar State Board,6th Grade,Physical Education,Hindi,No,
Bihar State Board,6th Grade,Art Education,Hindi,No,
Bihar State Board,6th Grade,Work Education,Hindi,No,
Bihar State Board,6th Grade,English,Hindi,No,
Bihar State Board,6th Grade,Hindi,Hindi,No,
Bihar State Board,6th Grade,Urdu,Hindi,No,
Bihar State Board,6th Grade,Sanskrit,Hindi,No,
Bihar State Board,6th Grade,Maithili,Hindi,No,
Bihar State Board,7th Grade,Mathematics,Hindi,Partial,"Partial Coverage of videos, lessons and private publishers"
Bihar State Board,7th Grade,Science,Hindi,Partial,"Partial Coverage of videos, lessons and private publishers"
Bihar State Board,7th Grade,Social Science,Hindi,No,
Bihar State Board,7th Grade,Environmental Studies,Hindi,No,
Bihar State Board,7th Grade,Computer Education,Hindi,No,
Bihar State Board,7th Grade,Physical Education,Hindi,No,
Bihar State Board,7th Grade,Art Education,Hindi,No,
Bihar State Board,7th Grade,Work Education,Hindi,No,
Bihar State Board,7th Grade,English,Hindi,No,
Bihar State Board,7th Grade,Hindi,Hindi,No,
Bihar State Board,7th Grade,Urdu,Hindi,No,
Bihar State Board,7th Grade,Sanskrit,Hindi,No,
Bihar State Board,7th Grade,Maithili,Hindi,No,
Bihar State Board,8th Grade,Mathematics,Hindi,Partial,"Partial Coverage of videos, lessons and private publishers"
Bihar State Board,8th Grade,Science,Hindi,Partial,"Partial Coverage of videos, lessons and private publishers"
Bihar State Board,8th Grade,Social Science,Hindi,No,
Bihar State Board,8th Grade,Environmental Studies,Hindi,No,
Bihar State Board,8th Grade,Computer Education,Hindi,No,
Bihar State Board,8th Grade,Physical Education,Hindi,No,
Bihar State Board,8th Grade,Art Education,Hindi,No,
Bihar State Board,8th Grade,Work Education,Hindi,No,
Bihar State Board,8th Grade,English,Hindi,No,
Bihar State Board,8th Grade,Hindi,Hindi,No,
Bihar State Board,8th Grade,Urdu,Hindi,No,
Bihar State Board,8th Grade,Sanskrit,Hindi,No,
Bihar State Board,8th Grade,Maithili,Hindi,No,
Bihar State Board,9th Grade,Mathematics,Hindi,Partial,"Partial Coverage of videos, lessons and private publishers"
Bihar State Board,9th Grade,Science,Hindi,Partial,"Partial Coverage of videos, lessons and private publishers"
Bihar State Board,9th Grade,Social Science,Hindi,No,
Bihar State Board,9th Grade,Computer Science,Hindi,No,
Bihar State Board,9th Grade,English,Hindi,No,
Bihar State Board,9th Grade,Hindi,Hindi,No,
Bihar State Board,9th Grade,Urdu,Hindi,No,
Bihar State Board,9th Grade,Sanskrit,Hindi,No,
Bihar State Board,9th Grade,Bengali,Hindi,No,
Bihar State Board,9th Grade,Maithili,Hindi,No,
Bihar State Board,10th Grade,Mathematics,Hindi,Partial,"Partial Coverage of videos, lessons and private publishers"
Bihar State Board,10th Grade,Science,Hindi,Partial,"Partial Coverage of videos, lessons and private publishers"
Bihar State Board,10th Grade,Social Science,Hindi,No,
Bihar State Board,10th Grade,Computer Science,Hindi,No,
Bihar State Board,10th Grade,English,Hindi,No,
Bihar State Board,10th Grade,Hindi,Hindi,No,
Bihar State Board,10th Grade,Urdu,Hindi,No,
Bihar State Board,10th Grade,Sanskrit,Hindi,No,
Bihar State Board,10th Grade,Bengali,Hindi,No,
Bihar State Board,10th Grade,Maithili,Hindi,No,
Bihar State Board,11th Grade,Physics,Hindi,Partial,"Partial Coverage of videos, lessons and private publishers"
Bihar State Board,11th Grade,Chemistry,Hindi,Partial,"Partial Coverage of videos, lessons and private publishers"
Bihar State Board,11th Grade,Mathematics,Hindi,Partial,"Partial Coverage of videos, lessons and private publishers"
Bihar State Board,11th Grade,Biology,Hindi,Partial,"Partial Coverage of videos, lessons and private publishers"
Bihar State Board,11th Grade,Computer Science,Hindi,No,
Bihar State Board,11th Grade,Economics,Hindi,No,
Bihar State Board,11th Grade,History,Hindi,No,
Bihar State Board,11th Grade,Geography,Hindi,No,
Bihar State Board,11th Grade,Political Science,Hindi,No,
Bihar State Board,11th Grade,Sociology,Hindi,No,
Bihar State Board,11th Grade,Psychology,Hindi,No,
Bihar State Board,11th Grade,Philosophy,Hindi,No,
Bihar State Board,11th Grade,Home Science,Hindi,No,
Bihar State Board,11th Grade,Accountancy,Hindi,No,
Bihar State Board,11th Grade,Business Studies,Hindi,No,
Bihar State Board,11th Grade,Entrepreneurship,Hindi,No,
Bihar State Board,11th Grade,Statistics,Hindi,No,
Bihar State Board,11th Grade,English,Hindi,No,
Bihar State Board,11th Grade,Hindi,Hindi,No,
Bihar State Board,11th Grade,Urdu,Hindi,No,
Bihar State Board,11th Grade,Sanskrit,Hindi,No,
Bihar State Board,11th Grade,Maithili,Hindi,No,
Bihar State Board,11th Grade,Magahi,Hindi,No,
Bihar State Board,11th Grade,Bhojpuri,Hindi,No,
Bihar State Board,11th Grade,Arabic,Hindi,No,
Bihar State Board,11th Grade,Persian,Hindi,No,
Bihar State Board,11th Grade,Pali,Hindi,No,
Bihar State Board,12th Grade,Physics,Hindi,Partial,"Partial Coverage of videos, lessons and private publishers"
Bihar State Board,12th Grade,Chemistry,Hindi,Partial,"Partial Coverage of videos, lessons and private publishers"
Bihar State Board,12th Grade,Mathematics,Hindi,Partial,"Partial Coverage of videos, lessons and private publishers"
Bihar State Board,12th Grade,Biology,Hindi,Partial,"Partial Coverage of videos, lessons and private publishers"
Bihar State Board,12th Grade,Computer Science,Hindi,No,
Bihar State Board,12th Grade,Economics,Hindi,No,
Bihar State Board,12th Grade,History,Hindi,No,
Bihar State Board,12th Grade,Geography,Hindi,No,
Bihar State Board,12th Grade,Political Science,Hindi,No,
Bihar State Board,12th Grade,Sociology,Hindi,No,
Bihar State Board,12th Grade,Psychology,Hindi,No,
Bihar State Board,12th Grade,Philosophy,Hindi,No,
Bihar State Board,12th Grade,Home Science,Hindi,No,
Bihar State Board,12th Grade,Accountancy,Hindi,No,
Bihar State Board,12th Grade,Business Studies,Hindi,No,
Bihar State Board,12th Grade,Entrepreneurship,Hindi,No,
Bihar State Board,12th Grade,Statistics,Hindi,No,
Bihar State Board,12th Grade,English,Hindi,No,
Bihar State Board,12th Grade,Hindi,Hindi,No,
Bihar State Board,12th Grade,Urdu,Hindi,No,
Bihar State Board,12th Grade,Sanskrit,Hindi,No,
Bihar State Board,12th Grade,Maithili,Hindi,No,
Bihar State Board,12th Grade,Magahi,Hindi,No,
Bihar State Board,12th Grade,Bhojpuri,Hindi,No,
Bihar State Board,12th Grade,Arabic,Hindi,No,
Bihar State Board,12th Grade,Persian,Hindi,No,
Bihar State Board,12th Grade,Pali,Hindi,No,
Cambridge Board,Lower Secondary Stage - 7,Mathematics,English,Partial,"Partial Coverage of Questions, Videos and Lessons"
Cambridge Board,Lower Secondary Stage - 7,Science,English,Partial,"Partial Coverage of Questions, Videos and Lessons"
Cambridge Board,Lower Secondary Stage - 7,Global Perspectives,English,No,
Cambridge Board,Lower Secondary Stage - 7,Information & Communication Technology (ICT),English,No,
Cambridge Board,Lower Secondary Stage - 7,Art & Design,English,No,
Cambridge Board,Lower Secondary Stage - 7,Physical Education,English,No,
Cambridge Board,Lower Secondary Stage - 7,English,English,No,
Cambridge Board,Lower Secondary Stage - 7,Hindi,English,No,
Cambridge Board,Lower Secondary Stage - 7,French,English,No,
Cambridge Board,Lower Secondary Stage - 7,Spanish,English,No,
Cambridge Board,Lower Secondary Stage - 7,German,English,No,
Cambridge Board,Lower Secondary Stage - 7,Mandarin Chinese,English,No,
Cambridge Board,Lower Secondary Stage - 7,Arabic,English,No,
Cambridge Board,Lower Secondary Stage - 7,Urdu,English,No,
Cambridge Board,Lower Secondary Stage - 7,Portuguese,English,No,
Cambridge Board,Lower Secondary Stage - 7,Italian,English,No,
Cambridge Board,Lower Secondary Stage - 7,Russian,English,No,
Cambridge Board,Lower Secondary Stage - 7,Japanese,English,No,
Cambridge Board,Lower Secondary Stage - 8,Mathematics,English,Partial,"Partial Coverage of Questions, Videos and Lessons"
Cambridge Board,Lower Secondary Stage - 8,Science,English,Partial,"Partial Coverage of Questions, Videos and Lessons"
Cambridge Board,Lower Secondary Stage - 8,Global Perspectives,English,No,
Cambridge Board,Lower Secondary Stage - 8,Information & Communication Technology (ICT),English,No,
Cambridge Board,Lower Secondary Stage - 8,Art & Design,English,No,
Cambridge Board,Lower Secondary Stage - 8,Physical Education,English,No,
Cambridge Board,Lower Secondary Stage - 8,English,English,No,
Cambridge Board,Lower Secondary Stage - 8,Hindi,English,No,
Cambridge Board,Lower Secondary Stage - 8,French,English,No,
Cambridge Board,Lower Secondary Stage - 8,Spanish,English,No,
Cambridge Board,Lower Secondary Stage - 8,German,English,No,
Cambridge Board,Lower Secondary Stage - 8,Mandarin Chinese,English,No,
Cambridge Board,Lower Secondary Stage - 8,Arabic,English,No,
Cambridge Board,Lower Secondary Stage - 8,Urdu,English,No,
Cambridge Board,Lower Secondary Stage - 8,Portuguese,English,No,
Cambridge Board,Lower Secondary Stage - 8,Italian,English,No,
Cambridge Board,Lower Secondary Stage - 8,Russian,English,No,
Cambridge Board,Lower Secondary Stage - 8,Japanese,English,No,
Cambridge Board,Lower Secondary Stage - 9,Mathematics,English,Partial,"Partial Coverage of Questions, Videos and Lessons"
Cambridge Board,Lower Secondary Stage - 9,Science,English,Partial,"Partial Coverage of Questions, Videos and Lessons"
Cambridge Board,Lower Secondary Stage - 9,Global Perspectives,English,No,
Cambridge Board,Lower Secondary Stage - 9,Information & Communication Technology (ICT),English,No,
Cambridge Board,Lower Secondary Stage - 9,Art & Design,English,No,
Cambridge Board,Lower Secondary Stage - 9,Physical Education,English,No,
Cambridge Board,Lower Secondary Stage - 9,English,English,No,
Cambridge Board,Lower Secondary Stage - 9,Hindi,English,No,
Cambridge Board,Lower Secondary Stage - 9,French,English,No,
Cambridge Board,Lower Secondary Stage - 9,Spanish,English,No,
Cambridge Board,Lower Secondary Stage - 9,German,English,No,
Cambridge Board,Lower Secondary Stage - 9,Mandarin Chinese,English,No,
Cambridge Board,Lower Secondary Stage - 9,Arabic,English,No,
Cambridge Board,Lower Secondary Stage - 9,Urdu,English,No,
Cambridge Board,Lower Secondary Stage - 9,Portuguese,English,No,
Cambridge Board,Lower Secondary Stage - 9,Italian,English,No,
Cambridge Board,Lower Secondary Stage - 9,Russian,English,No,
Cambridge Board,Lower Secondary Stage - 9,Japanese,English,No,
Cambridge Board,Cambridge AS and A Level,Physics,English,Partial,"Partial Coverage of Questions, Videos and Lessons"
Cambridge Board,Cambridge AS and A Level,Chemistry,English,Partial,"Partial Coverage of Questions, Videos and Lessons"
Cambridge Board,Cambridge AS and A Level,Mathematics,English,Partial,"Partial Coverage of Questions, Videos and Lessons"
Cambridge Board,Cambridge AS and A Level,Biology,English,Partial,"Partial Coverage of Questions, Videos and Lessons"
Cambridge Board,Cambridge AS and A Level,Additional Mathematics,English,No,
Cambridge Board,Cambridge AS and A Level,Computer Science,English,No,
Cambridge Board,Cambridge AS and A Level,Information Technology,English,No,
Cambridge Board,Cambridge AS and A Level,Environmental Management,English,No,
Cambridge Board,Cambridge AS and A Level,Economics,English,No,
Cambridge Board,Cambridge AS and A Level,Business Studies,English,No,
Cambridge Board,Cambridge AS and A Level,Accounting,English,No,
Cambridge Board,Cambridge AS and A Level,Global Perspectives,English,No,
Cambridge Board,Cambridge AS and A Level,History,English,No,
Cambridge Board,Cambridge AS and A Level,Geography,English,No,
Cambridge Board,Cambridge AS and A Level,Sociology,English,No,
Cambridge Board,Cambridge AS and A Level,Psychology,English,No,
Cambridge Board,Cambridge AS and A Level,Philosophy,English,No,
Cambridge Board,Cambridge AS and A Level,Law,English,No,
Cambridge Board,Cambridge AS and A Level,Travel & Tourism,English,No,
Cambridge Board,Cambridge AS and A Level,Media Studies,English,No,
Cambridge Board,Cambridge AS and A Level,Art & Design,English,No,
Cambridge Board,Cambridge AS and A Level,Music,English,No,
Cambridge Board,Cambridge AS and A Level,Physical Education,English,No,
Cambridge Board,Cambridge AS and A Level,English,English,No,
Cambridge Board,Cambridge AS and A Level,English Literature,English,No,
Cambridge Board,Cambridge AS and A Level,Hindi,English,No,
Cambridge Board,Cambridge AS and A Level,French,English,No,
Cambridge Board,Cambridge AS and A Level,Spanish,English,No,
Cambridge Board,Cambridge AS and A Level,German,English,No,
Cambridge Board,Cambridge AS and A Level,Mandarin Chinese,English,No,
Cambridge Board,Cambridge AS and A Level,Arabic,English,No,
Cambridge Board,Cambridge AS and A Level,Urdu,English,No,
Cambridge Board,Cambridge AS and A Level,Portuguese,English,No,
Cambridge Board,Cambridge AS and A Level,Italian,English,No,
Cambridge Board,Cambridge AS and A Level,Russian,English,No,
Cambridge Board,Cambridge AS and A Level,Japanese,English,No,
Cambridge Board,Upper Secondary- IGCSE,Physics,English,Partial,"Partial Coverage of Questions, Videos and Lessons"
Cambridge Board,Upper Secondary- IGCSE,Chemistry,English,Partial,"Partial Coverage of Questions, Videos and Lessons"
Cambridge Board,Upper Secondary- IGCSE,Mathematics,English,Partial,"Partial Coverage of Questions, Videos and Lessons"
Cambridge Board,Upper Secondary- IGCSE,Biology,English,Partial,"Partial Coverage of Questions, Videos and Lessons"
Cambridge Board,Upper Secondary- IGCSE,Additional Mathematics,English,No,
Cambridge Board,Upper Secondary- IGCSE,Computer Science,English,No,
Cambridge Board,Upper Secondary- IGCSE,Information Technology,English,No,
Cambridge Board,Upper Secondary- IGCSE,Environmental Management,English,No,
Cambridge Board,Upper Secondary- IGCSE,Economics,English,No,
Cambridge Board,Upper Secondary- IGCSE,Business Studies,English,No,
Cambridge Board,Upper Secondary- IGCSE,Accounting,English,No,
Cambridge Board,Upper Secondary- IGCSE,Global Perspectives,English,No,
Cambridge Board,Upper Secondary- IGCSE,History,English,No,
Cambridge Board,Upper Secondary- IGCSE,Geography,English,No,
Cambridge Board,Upper Secondary- IGCSE,Sociology,English,No,
Cambridge Board,Upper Secondary- IGCSE,Psychology,English,No,
Cambridge Board,Upper Secondary- IGCSE,Philosophy,English,No,
Cambridge Board,Upper Secondary- IGCSE,Law,English,No,
Cambridge Board,Upper Secondary- IGCSE,Travel & Tourism,English,No,
Cambridge Board,Upper Secondary- IGCSE,Media Studies,English,No,
Cambridge Board,Upper Secondary- IGCSE,Art & Design,English,No,
Cambridge Board,Upper Secondary- IGCSE,Music,English,No,
Cambridge Board,Upper Secondary- IGCSE,Physical Education,English,No,
Cambridge Board,Upper Secondary- IGCSE,English,English,No,
Cambridge Board,Upper Secondary- IGCSE,English Literature,English,No,
Cambridge Board,Upper Secondary- IGCSE,Hindi,English,No,
Cambridge Board,Upper Secondary- IGCSE,French,English,No,
Cambridge Board,Upper Secondary- IGCSE,Spanish,English,No,
Cambridge Board,Upper Secondary- IGCSE,German,English,No,
Cambridge Board,Upper Secondary- IGCSE,Mandarin Chinese,English,No,
Cambridge Board,Upper Secondary- IGCSE,Arabic,English,No,
Cambridge Board,Upper Secondary- IGCSE,Urdu,English,No,
Cambridge Board,Upper Secondary- IGCSE,Portuguese,English,No,
Cambridge Board,Upper Secondary- IGCSE,Italian,English,No,
Cambridge Board,Upper Secondary- IGCSE,Russian,English,No,
Cambridge Board,Upper Secondary- IGCSE,Japanese,English,No,
CBSE,1st Grade,Mathematics,English,Yes,
CBSE,1st Grade,Environmental Studies,English,Yes,
CBSE,1st Grade,English,English,Partial,Only Grammar
CBSE,1st Grade,Computer Awareness,English,No,
CBSE,1st Grade,Artificial Intelligence,English,No,
CBSE,1st Grade,General Knowledge,English,No,
CBSE,1st Grade,Moral Education,English,No,
CBSE,1st Grade,Physical Education,English,No,
CBSE,1st Grade,Art & Craft,English,No,
CBSE,1st Grade,Work Education,English,No,
CBSE,1st Grade,Hindi,English,No,
CBSE,1st Grade,Assamese,English,No,
CBSE,1st Grade,Bengali,English,No,
CBSE,1st Grade,Gujarati,English,No,
CBSE,1st Grade,Kannada,English,No,
CBSE,1st Grade,Malayalam,English,No,
CBSE,1st Grade,Marathi,English,No,
CBSE,1st Grade,Odia,English,No,
CBSE,1st Grade,Punjabi,English,No,
CBSE,1st Grade,Tamil,English,No,
CBSE,1st Grade,Telugu,English,No,
CBSE,1st Grade,Urdu,English,No,
CBSE,2nd Grade,Mathematics,English,Yes,
CBSE,2nd Grade,Environmental Studies,English,Yes,
CBSE,2nd Grade,English,English,Partial,Only Grammar
CBSE,2nd Grade,Computer Awareness,English,No,
CBSE,2nd Grade,Artificial Intelligence,English,No,
CBSE,2nd Grade,General Knowledge,English,No,
CBSE,2nd Grade,Moral Education,English,No,
CBSE,2nd Grade,Physical Education,English,No,
CBSE,2nd Grade,Art & Craft,English,No,
CBSE,2nd Grade,Work Education,English,No,
CBSE,2nd Grade,Hindi,English,No,
CBSE,2nd Grade,Assamese,English,No,
CBSE,2nd Grade,Bengali,English,No,
CBSE,2nd Grade,Gujarati,English,No,
CBSE,2nd Grade,Kannada,English,No,
CBSE,2nd Grade,Malayalam,English,No,
CBSE,2nd Grade,Marathi,English,No,
CBSE,2nd Grade,Odia,English,No,
CBSE,2nd Grade,Punjabi,English,No,
CBSE,2nd Grade,Tamil,English,No,
CBSE,2nd Grade,Telugu,English,No,
CBSE,2nd Grade,Urdu,English,No,
CBSE,3rd Grade,Mathematics,English,Partial,"Deficiency of Videos, Lessons and Pvt Publication Books"
CBSE,3rd Grade,Environmental Studies,English,Partial,"Deficiency of Videos, Lessons and Pvt Publication Books"
CBSE,3rd Grade,English,English,Partial,Only Grammar
CBSE,3rd Grade,Computer Awareness,English,No,
CBSE,3rd Grade,Artificial Intelligence,English,No,
CBSE,3rd Grade,General Knowledge,English,No,
CBSE,3rd Grade,Moral Education,English,No,
CBSE,3rd Grade,Physical Education,English,No,
CBSE,3rd Grade,Art & Craft,English,No,
CBSE,3rd Grade,Work Education,English,No,
CBSE,3rd Grade,Hindi,English,No,
CBSE,3rd Grade,Assamese,English,No,
CBSE,3rd Grade,Bengali,English,No,
CBSE,3rd Grade,Gujarati,English,No,
CBSE,3rd Grade,Kannada,English,No,
CBSE,3rd Grade,Malayalam,English,No,
CBSE,3rd Grade,Marathi,English,No,
CBSE,3rd Grade,Odia,English,No,
CBSE,3rd Grade,Punjabi,English,No,
CBSE,3rd Grade,Tamil,English,No,
CBSE,3rd Grade,Telugu,English,No,
CBSE,3rd Grade,Urdu,English,No,
CBSE,4th Grade,Mathematics,English,Partial,"Deficiency of Videos, Lessons and Pvt Publication Books"
CBSE,4th Grade,Environmental Studies,English,Partial,"Deficiency of Videos, Lessons and Pvt Publication Books"
CBSE,4th Grade,English,English,Partial,Only Grammar
CBSE,4th Grade,Computer Awareness,English,No,
CBSE,4th Grade,Artificial Intelligence,English,No,
CBSE,4th Grade,General Knowledge,English,No,
CBSE,4th Grade,Moral Education,English,No,
CBSE,4th Grade,Physical Education,English,No,
CBSE,4th Grade,Art & Craft,English,No,
CBSE,4th Grade,Work Education,English,No,
CBSE,4th Grade,Hindi,English,No,
CBSE,4th Grade,Assamese,English,No,
CBSE,4th Grade,Bengali,English,No,
CBSE,4th Grade,Gujarati,English,No,
CBSE,4th Grade,Kannada,English,No,
CBSE,4th Grade,Malayalam,English,No,
CBSE,4th Grade,Marathi,English,No,
CBSE,4th Grade,Odia,English,No,
CBSE,4th Grade,Punjabi,English,No,
CBSE,4th Grade,Tamil,English,No,
CBSE,4th Grade,Telugu,English,No,
CBSE,4th Grade,Urdu,English,No,
CBSE,5th Grade,Mathematics,English,Partial,"Deficiency of Videos, Lessons and Pvt Publication Books"
CBSE,5th Grade,Environmental Studies,English,Partial,"Deficiency of Videos, Lessons and Pvt Publication Books"
CBSE,5th Grade,English,English,Partial,Only Grammar
CBSE,5th Grade,Computer Awareness,English,No,
CBSE,5th Grade,Artificial Intelligence,English,No,
CBSE,5th Grade,General Knowledge,English,No,
CBSE,5th Grade,Moral Education,English,No,
CBSE,5th Grade,Physical Education,English,No,
CBSE,5th Grade,Art & Craft,English,No,
CBSE,5th Grade,Work Education,English,No,
CBSE,5th Grade,Hindi,English,No,
CBSE,5th Grade,Assamese,English,No,
CBSE,5th Grade,Bengali,English,No,
CBSE,5th Grade,Gujarati,English,No,
CBSE,5th Grade,Kannada,English,No,
CBSE,5th Grade,Malayalam,English,No,
CBSE,5th Grade,Marathi,English,No,
CBSE,5th Grade,Odia,English,No,
CBSE,5th Grade,Punjabi,English,No,
CBSE,5th Grade,Tamil,English,No,
CBSE,5th Grade,Telugu,English,No,
CBSE,5th Grade,Urdu,English,No,
CBSE,6th Grade,Science,English,Yes,
CBSE,6th Grade, Mathematics,English,Yes,
CBSE,6th Grade, Social Science,English,Yes,
CBSE,6th Grade, English,English,Partial,Only Grammar
CBSE,6th Grade, Environmental Studies,English,No,
CBSE,6th Grade, Computer Applications,English,No,
CBSE,6th Grade, Information Technology,English,No,
CBSE,6th Grade, Artificial Intelligence,English,No,
CBSE,6th Grade, Physical Education,English,No,
CBSE,6th Grade, Art Education,English,No,
CBSE,6th Grade, Work Education,English,No,
CBSE,6th Grade, English,English,No,
CBSE,6th Grade, Hindi,English,No,
CBSE,6th Grade, Sanskrit,English,No,
CBSE,6th Grade, Urdu,English,No,
CBSE,6th Grade, French,English,No,
CBSE,6th Grade, German,English,No,
CBSE,6th Grade, Spanish,English,No,
CBSE,6th Grade, Assamese,English,No,
CBSE,6th Grade, Bengali,English,No,
CBSE,6th Grade, Bodo,English,No,
CBSE,6th Grade, Dogri,English,No,
CBSE,6th Grade, Gujarati,English,No,
CBSE,6th Grade, Kannada,English,No,
CBSE,6th Grade, Kashmiri,English,No,
CBSE,6th Grade, Konkani,English,No,
CBSE,6th Grade, Maithili,English,No,
CBSE,6th Grade, Malayalam,English,No,
CBSE,6th Grade, Manipuri (Meitei),English,No,
CBSE,6th Grade, Marathi,English,No,
CBSE,6th Grade, Nepali,English,No,
CBSE,6th Grade, Odia,English,No,
CBSE,6th Grade, Punjabi,English,No,
CBSE,6th Grade, Sindhi,English,No,
CBSE,6th Grade, Tamil,English,No,
CBSE,6th Grade, Telugu,English,No,
CBSE,6th Grade, Urdu,English,No,
CBSE,7th Grade,Science,English,Yes,
CBSE,7th Grade, Mathematics,English,Yes,
CBSE,7th Grade, Social Science,English,Yes,
CBSE,7th Grade, English,English,Partial,Only Grammar
CBSE,7th Grade, Environmental Studies,English,No,
CBSE,7th Grade, Computer Applications,English,No,
CBSE,7th Grade, Information Technology,English,No,
CBSE,7th Grade, Artificial Intelligence,English,No,
CBSE,7th Grade, Physical Education,English,No,
CBSE,7th Grade, Art Education,English,No,
CBSE,7th Grade, Work Education,English,No,
CBSE,7th Grade, English,English,No,
CBSE,7th Grade, Hindi,English,No,
CBSE,7th Grade, Sanskrit,English,No,
CBSE,7th Grade, Urdu,English,No,
CBSE,7th Grade, French,English,No,
CBSE,7th Grade, German,English,No,
CBSE,7th Grade, Spanish,English,No,
CBSE,7th Grade, Assamese,English,No,
CBSE,7th Grade, Bengali,English,No,
CBSE,7th Grade, Bodo,English,No,
CBSE,7th Grade, Dogri,English,No,
CBSE,7th Grade, Gujarati,English,No,
CBSE,7th Grade, Kannada,English,No,
CBSE,7th Grade, Kashmiri,English,No,
CBSE,7th Grade, Konkani,English,No,
CBSE,7th Grade, Maithili,English,No,
CBSE,7th Grade, Malayalam,English,No,
CBSE,7th Grade, Manipuri (Meitei),English,No,
CBSE,7th Grade, Marathi,English,No,
CBSE,7th Grade, Nepali,English,No,
CBSE,7th Grade, Odia,English,No,
CBSE,7th Grade, Punjabi,English,No,
CBSE,7th Grade, Sindhi,English,No,
CBSE,7th Grade, Tamil,English,No,
CBSE,7th Grade, Telugu,English,No,
CBSE,7th Grade, Urdu,English,No,
CBSE,8th Grade,Science,English,Yes,
CBSE,8th Grade, Mathematics,English,Yes,
CBSE,8th Grade, Social Science,English,Yes,
CBSE,8th Grade, English,English,Partial,Only Grammar
CBSE,8th Grade, Environmental Studies,English,No,
CBSE,8th Grade, Computer Applications,English,No,
CBSE,8th Grade, Information Technology,English,No,
CBSE,8th Grade, Artificial Intelligence,English,No,
CBSE,8th Grade, Physical Education,English,No,
CBSE,8th Grade, Art Education,English,No,
CBSE,8th Grade, Work Education,English,No,
CBSE,8th Grade, English,English,No,
CBSE,8th Grade, Hindi,English,No,
CBSE,8th Grade, Sanskrit,English,No,
CBSE,8th Grade, Urdu,English,No,
CBSE,8th Grade, French,English,No,
CBSE,8th Grade, German,English,No,
CBSE,8th Grade, Spanish,English,No,
CBSE,8th Grade, Assamese,English,No,
CBSE,8th Grade, Bengali,English,No,
CBSE,8th Grade, Bodo,English,No,
CBSE,8th Grade, Dogri,English,No,
CBSE,8th Grade, Gujarati,English,No,
CBSE,8th Grade, Kannada,English,No,
CBSE,8th Grade, Kashmiri,English,No,
CBSE,8th Grade, Konkani,English,No,
CBSE,8th Grade, Maithili,English,No,
CBSE,8th Grade, Malayalam,English,No,
CBSE,8th Grade, Manipuri (Meitei),English,No,
CBSE,8th Grade, Marathi,English,No,
CBSE,8th Grade, Nepali,English,No,
CBSE,8th Grade, Odia,English,No,
CBSE,8th Grade, Punjabi,English,No,
CBSE,8th Grade, Sindhi,English,No,
CBSE,8th Grade, Tamil,English,No,
CBSE,8th Grade, Telugu,English,No,
CBSE,8th Grade, Urdu,English,No,
CBSE,9th Grade,Science,English,Yes,
CBSE,9th Grade, Mathematics,English,Yes,
CBSE,9th Grade, Social Science,English,Yes,
CBSE,9th Grade, English,English,Partial,Only Grammar
CBSE,9th Grade, Environmental Studies,English,No,
CBSE,9th Grade, Computer Applications,English,No,
CBSE,9th Grade, Information Technology,English,No,
CBSE,9th Grade, Artificial Intelligence,English,No,
CBSE,9th Grade, Physical Education,English,No,
CBSE,9th Grade, Art Education,English,No,
CBSE,9th Grade, Work Education,English,No,
CBSE,9th Grade, English,English,No,
CBSE,9th Grade, Hindi,English,No,
CBSE,9th Grade, Sanskrit,English,No,
CBSE,9th Grade, Urdu,English,No,
CBSE,9th Grade, French,English,No,
CBSE,9th Grade, German,English,No,
CBSE,9th Grade, Spanish,English,No,
CBSE,9th Grade, Assamese,English,No,
CBSE,9th Grade, Bengali,English,No,
CBSE,9th Grade, Bodo,English,No,
CBSE,9th Grade, Dogri,English,No,
CBSE,9th Grade, Gujarati,English,No,
CBSE,9th Grade, Kannada,English,No,
CBSE,9th Grade, Kashmiri,English,No,
CBSE,9th Grade, Konkani,English,No,
CBSE,9th Grade, Maithili,English,No,
CBSE,9th Grade, Malayalam,English,No,
CBSE,9th Grade, Manipuri (Meitei),English,No,
CBSE,9th Grade, Marathi,English,No,
CBSE,9th Grade, Nepali,English,No,
CBSE,9th Grade, Odia,English,No,
CBSE,9th Grade, Punjabi,English,No,
CBSE,9th Grade, Sindhi,English,No,
CBSE,9th Grade, Tamil,English,No,
CBSE,9th Grade, Telugu,English,No,
CBSE,9th Grade, Urdu,English,No,
CBSE,10th Grade,Science,English,Yes,
CBSE,10th Grade, Mathematics,English,Yes,
CBSE,10th Grade, Social Science,English,Yes,
CBSE,10th Grade, English,English,Partial,Only Grammar
CBSE,10th Grade, Environmental Studies,English,No,
CBSE,10th Grade, Computer Applications,English,No,
CBSE,10th Grade, Information Technology,English,No,
CBSE,10th Grade, Artificial Intelligence,English,No,
CBSE,10th Grade, Physical Education,English,No,
CBSE,10th Grade, Art Education,English,No,
CBSE,10th Grade, Work Education,English,No,
CBSE,10th Grade, English,English,No,
CBSE,10th Grade, Hindi,English,No,
CBSE,10th Grade, Sanskrit,English,No,
CBSE,10th Grade, Urdu,English,No,
CBSE,10th Grade, French,English,No,
CBSE,10th Grade, German,English,No,
CBSE,10th Grade, Spanish,English,No,
CBSE,10th Grade, Assamese,English,No,
CBSE,10th Grade, Bengali,English,No,
CBSE,10th Grade, Bodo,English,No,
CBSE,10th Grade, Dogri,English,No,
CBSE,10th Grade, Gujarati,English,No,
CBSE,10th Grade, Kannada,English,No,
CBSE,10th Grade, Kashmiri,English,No,
CBSE,10th Grade, Konkani,English,No,
CBSE,10th Grade, Maithili,English,No,
CBSE,10th Grade, Malayalam,English,No,
CBSE,10th Grade, Manipuri (Meitei),English,No,
CBSE,10th Grade, Marathi,English,No,
CBSE,10th Grade, Nepali,English,No,
CBSE,10th Grade, Odia,English,No,
CBSE,10th Grade, Punjabi,English,No,
CBSE,10th Grade, Sindhi,English,No,
CBSE,10th Grade, Tamil,English,No,
CBSE,10th Grade, Telugu,English,No,
CBSE,10th Grade, Urdu,English,No,
CBSE,11th Grade,Physics,English,Yes,
CBSE,11th Grade,Chemistry,English,Yes,
CBSE,11th Grade,Mathematics,English,Yes,
CBSE,11th Grade,Biology,English,Yes,
CBSE,11th Grade,Accountancy,English,Partial,Limited to Textbook questions and Gen-AI Lessons & Videos
CBSE,11th Grade,Business Studies,English,Partial,Limited to Textbook questions and Gen-AI Lessons & Videos
CBSE,11th Grade,Economics,English,Partial,Limited to Textbook questions and Gen-AI Lessons & Videos
CBSE,11th Grade,English,English,Partial,Only Grammar
CBSE,11th Grade,Geography,English,Partial,Limited to Textbook questions and Gen-AI Lessons & Videos
CBSE,11th Grade,History,English,Partial,Limited to Textbook questions and Gen-AI Lessons & Videos
CBSE,11th Grade,Political Science,English,Partial,Limited to Textbook questions and Gen-AI Lessons & Videos
CBSE,11th Grade,Psychology,English,Partial,Limited to Textbook questions and Gen-AI Lessons & Videos
CBSE,11th Grade,Applied Mathematics,English,No,
CBSE,11th Grade,Computer Science,English,No,
CBSE,11th Grade,Informatics Practices,English,No,
CBSE,11th Grade,Artificial Intelligence,English,No,
CBSE,11th Grade,Biotechnology,English,No,
CBSE,11th Grade,Engineering Graphics,English,No,
CBSE,11th Grade,Environmental Science,English,No,
CBSE,11th Grade,Sociology,English,No,
CBSE,11th Grade,Philosophy,English,No,
CBSE,11th Grade,Home Science,English,No,
CBSE,11th Grade,Legal Studies,English,No,
CBSE,11th Grade,Accountancy,English,No,
CBSE,11th Grade,Business Studies,English,No,
CBSE,11th Grade,Entrepreneurship,English,No,
CBSE,11th Grade,Financial Markets Management,English,No,
CBSE,11th Grade,Statistics,English,No,
CBSE,11th Grade,Fine Arts,English,No,
CBSE,11th Grade,Music,English,No,
CBSE,11th Grade,Physical Education,English,No,
CBSE,11th Grade,Yoga,English,No,
CBSE,11th Grade,English,English,No,
CBSE,11th Grade,Hindi,English,No,
CBSE,11th Grade,Sanskrit,English,No,
CBSE,11th Grade,Urdu,English,No,
CBSE,11th Grade,French,English,No,
CBSE,11th Grade,German,English,No,
CBSE,11th Grade,Spanish,English,No,
CBSE,11th Grade,Arabic,English,No,
CBSE,11th Grade,Persian,English,No,
CBSE,11th Grade,Tibetan,English,No,
CBSE,11th Grade,Japanese,English,No,
CBSE,12th Grade,Physics,English,Yes,
CBSE,12th Grade,Chemistry,English,Yes,
CBSE,12th Grade,Mathematics,English,Yes,
CBSE,12th Grade,Biology,English,Yes,
CBSE,12th Grade,Accountancy,English,Partial,Limited to Textbook questions and Gen-AI Lessons & Videos
CBSE,12th Grade,Business Studies,English,Partial,Limited to Textbook questions and Gen-AI Lessons & Videos
CBSE,12th Grade,Economics,English,Partial,Limited to Textbook questions and Gen-AI Lessons & Videos
CBSE,12th Grade,English,English,Partial,Only Grammar
CBSE,12th Grade,Geography,English,Partial,Limited to Textbook questions and Gen-AI Lessons & Videos
CBSE,12th Grade,History,English,Partial,Limited to Textbook questions and Gen-AI Lessons & Videos
CBSE,12th Grade,Political Science,English,Partial,Limited to Textbook questions and Gen-AI Lessons & Videos
CBSE,12th Grade,Psychology,English,Partial,Limited to Textbook questions and Gen-AI Lessons & Videos
CBSE,12th Grade,Applied Mathematics,English,No,
CBSE,12th Grade,Computer Science,English,No,
CBSE,12th Grade,Informatics Practices,English,No,
CBSE,12th Grade,Artificial Intelligence,English,No,
CBSE,12th Grade,Biotechnology,English,No,
CBSE,12th Grade,Engineering Graphics,English,No,
CBSE,12th Grade,Environmental Science,English,No,
CBSE,12th Grade,Sociology,English,No,
CBSE,12th Grade,Philosophy,English,No,
CBSE,12th Grade,Home Science,English,No,
CBSE,12th Grade,Legal Studies,English,No,
CBSE,12th Grade,Accountancy,English,No,
CBSE,12th Grade,Business Studies,English,No,
CBSE,12th Grade,Entrepreneurship,English,No,
CBSE,12th Grade,Financial Markets Management,English,No,
CBSE,12th Grade,Statistics,English,No,
CBSE,12th Grade,Fine Arts,English,No,
CBSE,12th Grade,Music,English,No,
CBSE,12th Grade,Physical Education,English,No,
CBSE,12th Grade,Yoga,English,No,
CBSE,12th Grade,English,English,No,
CBSE,12th Grade,Hindi,English,No,
CBSE,12th Grade,Sanskrit,English,No,
CBSE,12th Grade,Urdu,English,No,
CBSE,12th Grade,French,English,No,
CBSE,12th Grade,German,English,No,
CBSE,12th Grade,Spanish,English,No,
CBSE,12th Grade,Arabic,English,No,
CBSE,12th Grade,Persian,English,No,
CBSE,12th Grade,Tibetan,English,No,
CBSE,12th Grade,Japanese,English,No,
CBSE,1st Grade,Mathematics,Hindi,Partial,"Partial Coverage of videos, lessons and private publishers"
CBSE,1st Grade,Environmental Studies,Hindi,Partial,"Partial Coverage of videos, lessons and private publishers"
CBSE,1st Grade,English,Hindi,Partial,"Partial Coverage of videos, lessons and private publishers"
CBSE,1st Grade,Computer Awareness,Hindi,No,
CBSE,1st Grade,Artificial Intelligence,Hindi,No,
CBSE,1st Grade,General Knowledge,Hindi,No,
CBSE,1st Grade,Moral Education,Hindi,No,
CBSE,1st Grade,Physical Education,Hindi,No,
CBSE,1st Grade,Art & Craft,Hindi,No,
CBSE,1st Grade,Work Education,Hindi,No,
CBSE,1st Grade,Hindi,Hindi,No,
CBSE,1st Grade,Assamese,Hindi,No,
CBSE,1st Grade,Bengali,Hindi,No,
CBSE,1st Grade,Gujarati,Hindi,No,
CBSE,1st Grade,Kannada,Hindi,No,
CBSE,1st Grade,Malayalam,Hindi,No,
CBSE,1st Grade,Marathi,Hindi,No,
CBSE,1st Grade,Odia,Hindi,No,
CBSE,1st Grade,Punjabi,Hindi,No,
CBSE,1st Grade,Tamil,Hindi,No,
CBSE,1st Grade,Telugu,Hindi,No,
CBSE,1st Grade,Urdu,Hindi,No,
CBSE,2nd Grade,Mathematics,Hindi,Partial,"Partial Coverage of videos, lessons and private publishers"
CBSE,2nd Grade,Environmental Studies,Hindi,Partial,"Partial Coverage of videos, lessons and private publishers"
CBSE,2nd Grade,English,Hindi,Partial,"Partial Coverage of videos, lessons and private publishers"
CBSE,2nd Grade,Computer Awareness,Hindi,No,
CBSE,2nd Grade,Artificial Intelligence,Hindi,No,
CBSE,2nd Grade,General Knowledge,Hindi,No,
CBSE,2nd Grade,Moral Education,Hindi,No,
CBSE,2nd Grade,Physical Education,Hindi,No,
CBSE,2nd Grade,Art & Craft,Hindi,No,
CBSE,2nd Grade,Work Education,Hindi,No,
CBSE,2nd Grade,Hindi,Hindi,No,
CBSE,2nd Grade,Assamese,Hindi,No,
CBSE,2nd Grade,Bengali,Hindi,No,
CBSE,2nd Grade,Gujarati,Hindi,No,
CBSE,2nd Grade,Kannada,Hindi,No,
CBSE,2nd Grade,Malayalam,Hindi,No,
CBSE,2nd Grade,Marathi,Hindi,No,
CBSE,2nd Grade,Odia,Hindi,No,
CBSE,2nd Grade,Punjabi,Hindi,No,
CBSE,2nd Grade,Tamil,Hindi,No,
CBSE,2nd Grade,Telugu,Hindi,No,
CBSE,2nd Grade,Urdu,Hindi,No,
CBSE,3rd Grade,Mathematics,Hindi,Partial,"Partial Coverage of videos, lessons and private publishers"
CBSE,3rd Grade,Environmental Studies,Hindi,Partial,"Partial Coverage of videos, lessons and private publishers"
CBSE,3rd Grade,English,Hindi,Partial,"Partial Coverage of videos, lessons and private publishers"
CBSE,3rd Grade,Computer Awareness,Hindi,No,
CBSE,3rd Grade,Artificial Intelligence,Hindi,No,
CBSE,3rd Grade,General Knowledge,Hindi,No,
CBSE,3rd Grade,Moral Education,Hindi,No,
CBSE,3rd Grade,Physical Education,Hindi,No,
CBSE,3rd Grade,Art & Craft,Hindi,No,
CBSE,3rd Grade,Work Education,Hindi,No,
CBSE,3rd Grade,Hindi,Hindi,No,
CBSE,3rd Grade,Assamese,Hindi,No,
CBSE,3rd Grade,Bengali,Hindi,No,
CBSE,3rd Grade,Gujarati,Hindi,No,
CBSE,3rd Grade,Kannada,Hindi,No,
CBSE,3rd Grade,Malayalam,Hindi,No,
CBSE,3rd Grade,Marathi,Hindi,No,
CBSE,3rd Grade,Odia,Hindi,No,
CBSE,3rd Grade,Punjabi,Hindi,No,
CBSE,3rd Grade,Tamil,Hindi,No,
CBSE,3rd Grade,Telugu,Hindi,No,
CBSE,3rd Grade,Urdu,Hindi,No,
CBSE,4th Grade,Mathematics,Hindi,Partial,"Partial Coverage of videos, lessons and private publishers"
CBSE,4th Grade,Environmental Studies,Hindi,Partial,"Partial Coverage of videos, lessons and private publishers"
CBSE,4th Grade,English,Hindi,Partial,"Partial Coverage of videos, lessons and private publishers"
CBSE,4th Grade,Computer Awareness,Hindi,No,
CBSE,4th Grade,Artificial Intelligence,Hindi,No,
CBSE,4th Grade,General Knowledge,Hindi,No,
CBSE,4th Grade,Moral Education,Hindi,No,
CBSE,4th Grade,Physical Education,Hindi,No,
CBSE,4th Grade,Art & Craft,Hindi,No,
CBSE,4th Grade,Work Education,Hindi,No,
CBSE,4th Grade,Hindi,Hindi,No,
CBSE,4th Grade,Assamese,Hindi,No,
CBSE,4th Grade,Bengali,Hindi,No,
CBSE,4th Grade,Gujarati,Hindi,No,
CBSE,4th Grade,Kannada,Hindi,No,
CBSE,4th Grade,Malayalam,Hindi,No,
CBSE,4th Grade,Marathi,Hindi,No,
CBSE,4th Grade,Odia,Hindi,No,
CBSE,4th Grade,Punjabi,Hindi,No,
CBSE,4th Grade,Tamil,Hindi,No,
CBSE,4th Grade,Telugu,Hindi,No,
CBSE,4th Grade,Urdu,Hindi,No,
CBSE,5th Grade,Mathematics,Hindi,Partial,"Partial Coverage of videos, lessons and private publishers"
CBSE,5th Grade,Environmental Studies,Hindi,Partial,"Partial Coverage of videos, lessons and private publishers"
CBSE,5th Grade,English,Hindi,Partial,"Partial Coverage of videos, lessons and private publishers"
CBSE,5th Grade,Computer Awareness,Hindi,No,
CBSE,5th Grade,Artificial Intelligence,Hindi,No,
CBSE,5th Grade,General Knowledge,Hindi,No,
CBSE,5th Grade,Moral Education,Hindi,No,
CBSE,5th Grade,Physical Education,Hindi,No,
CBSE,5th Grade,Art & Craft,Hindi,No,
CBSE,5th Grade,Work Education,Hindi,No,
CBSE,5th Grade,Hindi,Hindi,No,
CBSE,5th Grade,Assamese,Hindi,No,
CBSE,5th Grade,Bengali,Hindi,No,
CBSE,5th Grade,Gujarati,Hindi,No,
CBSE,5th Grade,Kannada,Hindi,No,
CBSE,5th Grade,Malayalam,Hindi,No,
CBSE,5th Grade,Marathi,Hindi,No,
CBSE,5th Grade,Odia,Hindi,No,
CBSE,5th Grade,Punjabi,Hindi,No,
CBSE,5th Grade,Tamil,Hindi,No,
CBSE,5th Grade,Telugu,Hindi,No,
CBSE,5th Grade,Urdu,Hindi,No,
CBSE,6th Grade,Science,Hindi,Partial,"Partial Coverage of videos, lessons and private publishers"
CBSE,6th Grade, Mathematics,Hindi,Partial,"Partial Coverage of videos, lessons and private publishers"
CBSE,6th Grade, Social Science,Hindi,Partial,"Partial Coverage of videos, lessons and private publishers"
CBSE,6th Grade, English,Hindi,No,
CBSE,6th Grade, Environmental Studies,Hindi,No,
CBSE,6th Grade, Computer Applications,Hindi,No,
CBSE,6th Grade, Information Technology,Hindi,No,
CBSE,6th Grade, Artificial Intelligence,Hindi,No,
CBSE,6th Grade, Physical Education,Hindi,No,
CBSE,6th Grade, Art Education,Hindi,No,
CBSE,6th Grade, Work Education,Hindi,No,
CBSE,6th Grade, English,Hindi,No,
CBSE,6th Grade, Hindi,Hindi,No,
CBSE,6th Grade, Sanskrit,Hindi,No,
CBSE,6th Grade, Urdu,Hindi,No,
CBSE,6th Grade, French,Hindi,No,
CBSE,6th Grade, German,Hindi,No,
CBSE,6th Grade, Spanish,Hindi,No,
CBSE,6th Grade, Assamese,Hindi,No,
CBSE,6th Grade, Bengali,Hindi,No,
CBSE,6th Grade, Bodo,Hindi,No,
CBSE,6th Grade, Dogri,Hindi,No,
CBSE,6th Grade, Gujarati,Hindi,No,
CBSE,6th Grade, Kannada,Hindi,No,
CBSE,6th Grade, Kashmiri,Hindi,No,
CBSE,6th Grade, Konkani,Hindi,No,
CBSE,6th Grade, Maithili,Hindi,No,
CBSE,6th Grade, Malayalam,Hindi,No,
CBSE,6th Grade, Manipuri (Meitei),Hindi,No,
CBSE,6th Grade, Marathi,Hindi,No,
CBSE,6th Grade, Nepali,Hindi,No,
CBSE,6th Grade, Odia,Hindi,No,
CBSE,6th Grade, Punjabi,Hindi,No,
CBSE,6th Grade, Sindhi,Hindi,No,
CBSE,6th Grade, Tamil,Hindi,No,
CBSE,6th Grade, Telugu,Hindi,No,
CBSE,6th Grade, Urdu,Hindi,No,
CBSE,7th Grade,Science,Hindi,Partial,"Partial Coverage of videos, lessons and private publishers"
CBSE,7th Grade, Mathematics,Hindi,Partial,"Partial Coverage of videos, lessons and private publishers"
CBSE,7th Grade, Social Science,Hindi,Partial,"Partial Coverage of videos, lessons and private publishers"
CBSE,7th Grade, English,Hindi,No,
CBSE,7th Grade, Environmental Studies,Hindi,No,
CBSE,7th Grade, Computer Applications,Hindi,No,
CBSE,7th Grade, Information Technology,Hindi,No,
CBSE,7th Grade, Artificial Intelligence,Hindi,No,
CBSE,7th Grade, Physical Education,Hindi,No,
CBSE,7th Grade, Art Education,Hindi,No,
CBSE,7th Grade, Work Education,Hindi,No,
CBSE,7th Grade, English,Hindi,No,
CBSE,7th Grade, Hindi,Hindi,No,
CBSE,7th Grade, Sanskrit,Hindi,No,
CBSE,7th Grade, Urdu,Hindi,No,
CBSE,7th Grade, French,Hindi,No,
CBSE,7th Grade, German,Hindi,No,
CBSE,7th Grade, Spanish,Hindi,No,
CBSE,7th Grade, Assamese,Hindi,No,
CBSE,7th Grade, Bengali,Hindi,No,
CBSE,7th Grade, Bodo,Hindi,No,
CBSE,7th Grade, Dogri,Hindi,No,
CBSE,7th Grade, Gujarati,Hindi,No,
CBSE,7th Grade, Kannada,Hindi,No,
CBSE,7th Grade, Kashmiri,Hindi,No,
CBSE,7th Grade, Konkani,Hindi,No,
CBSE,7th Grade, Maithili,Hindi,No,
CBSE,7th Grade, Malayalam,Hindi,No,
CBSE,7th Grade, Manipuri (Meitei),Hindi,No,
CBSE,7th Grade, Marathi,Hindi,No,
CBSE,7th Grade, Nepali,Hindi,No,
CBSE,7th Grade, Odia,Hindi,No,
CBSE,7th Grade, Punjabi,Hindi,No,
CBSE,7th Grade, Sindhi,Hindi,No,
CBSE,7th Grade, Tamil,Hindi,No,
CBSE,7th Grade, Telugu,Hindi,No,
CBSE,7th Grade, Urdu,Hindi,No,
CBSE,8th Grade,Science,Hindi,Partial,"Partial Coverage of videos, lessons and private publishers"
CBSE,8th Grade, Mathematics,Hindi,Partial,"Partial Coverage of videos, lessons and private publishers"
CBSE,8th Grade, Social Science,Hindi,Partial,"Partial Coverage of videos, lessons and private publishers"
CBSE,8th Grade, English,Hindi,No,
CBSE,8th Grade, Environmental Studies,Hindi,No,
CBSE,8th Grade, Computer Applications,Hindi,No,
CBSE,8th Grade, Information Technology,Hindi,No,
CBSE,8th Grade, Artificial Intelligence,Hindi,No,
CBSE,8th Grade, Physical Education,Hindi,No,
CBSE,8th Grade, Art Education,Hindi,No,
CBSE,8th Grade, Work Education,Hindi,No,
CBSE,8th Grade, English,Hindi,No,
CBSE,8th Grade, Hindi,Hindi,No,
CBSE,8th Grade, Sanskrit,Hindi,No,
CBSE,8th Grade, Urdu,Hindi,No,
CBSE,8th Grade, French,Hindi,No,
CBSE,8th Grade, German,Hindi,No,
CBSE,8th Grade, Spanish,Hindi,No,
CBSE,8th Grade, Assamese,Hindi,No,
CBSE,8th Grade, Bengali,Hindi,No,
CBSE,8th Grade, Bodo,Hindi,No,
CBSE,8th Grade, Dogri,Hindi,No,
CBSE,8th Grade, Gujarati,Hindi,No,
CBSE,8th Grade, Kannada,Hindi,No,
CBSE,8th Grade, Kashmiri,Hindi,No,
CBSE,8th Grade, Konkani,Hindi,No,
CBSE,8th Grade, Maithili,Hindi,No,
CBSE,8th Grade, Malayalam,Hindi,No,
CBSE,8th Grade, Manipuri (Meitei),Hindi,No,
CBSE,8th Grade, Marathi,Hindi,No,
CBSE,8th Grade, Nepali,Hindi,No,
CBSE,8th Grade, Odia,Hindi,No,
CBSE,8th Grade, Punjabi,Hindi,No,
CBSE,8th Grade, Sindhi,Hindi,No,
CBSE,8th Grade, Tamil,Hindi,No,
CBSE,8th Grade, Telugu,Hindi,No,
CBSE,8th Grade, Urdu,Hindi,No,
CBSE,9th Grade,Science,Hindi,Partial,"Partial Coverage of videos, lessons and private publishers"
CBSE,9th Grade, Mathematics,Hindi,Partial,"Partial Coverage of videos, lessons and private publishers"
CBSE,9th Grade, Social Science,Hindi,Partial,"Partial Coverage of videos, lessons and private publishers"
CBSE,9th Grade, English,Hindi,No,
CBSE,9th Grade, Environmental Studies,Hindi,No,
CBSE,9th Grade, Computer Applications,Hindi,No,
CBSE,9th Grade, Information Technology,Hindi,No,
CBSE,9th Grade, Artificial Intelligence,Hindi,No,
CBSE,9th Grade, Physical Education,Hindi,No,
CBSE,9th Grade, Art Education,Hindi,No,
CBSE,9th Grade, Work Education,Hindi,No,
CBSE,9th Grade, English,Hindi,No,
CBSE,9th Grade, Hindi,Hindi,No,
CBSE,9th Grade, Sanskrit,Hindi,No,
CBSE,9th Grade, Urdu,Hindi,No,
CBSE,9th Grade, French,Hindi,No,
CBSE,9th Grade, German,Hindi,No,
CBSE,9th Grade, Spanish,Hindi,No,
CBSE,9th Grade, Assamese,Hindi,No,
CBSE,9th Grade, Bengali,Hindi,No,
CBSE,9th Grade, Bodo,Hindi,No,
CBSE,9th Grade, Dogri,Hindi,No,
CBSE,9th Grade, Gujarati,Hindi,No,
CBSE,9th Grade, Kannada,Hindi,No,
CBSE,9th Grade, Kashmiri,Hindi,No,
CBSE,9th Grade, Konkani,Hindi,No,
CBSE,9th Grade, Maithili,Hindi,No,
CBSE,9th Grade, Malayalam,Hindi,No,
CBSE,9th Grade, Manipuri (Meitei),Hindi,No,
CBSE,9th Grade, Marathi,Hindi,No,
CBSE,9th Grade, Nepali,Hindi,No,
CBSE,9th Grade, Odia,Hindi,No,
CBSE,9th Grade, Punjabi,Hindi,No,
CBSE,9th Grade, Sindhi,Hindi,No,
CBSE,9th Grade, Tamil,Hindi,No,
CBSE,9th Grade, Telugu,Hindi,No,
CBSE,9th Grade, Urdu,Hindi,No,
CBSE,10th Grade,Science,Hindi,Partial,"Partial Coverage of videos, lessons and private publishers"
CBSE,10th Grade, Mathematics,Hindi,Partial,"Partial Coverage of videos, lessons and private publishers"
CBSE,10th Grade, Social Science,Hindi,Partial,"Partial Coverage of videos, lessons and private publishers"
CBSE,10th Grade, English,Hindi,No,
CBSE,10th Grade, Environmental Studies,Hindi,No,
CBSE,10th Grade, Computer Applications,Hindi,No,
CBSE,10th Grade, Information Technology,Hindi,No,
CBSE,10th Grade, Artificial Intelligence,Hindi,No,
CBSE,10th Grade, Physical Education,Hindi,No,
CBSE,10th Grade, Art Education,Hindi,No,
CBSE,10th Grade, Work Education,Hindi,No,
CBSE,10th Grade, English,Hindi,No,
CBSE,10th Grade, Hindi,Hindi,No,
CBSE,10th Grade, Sanskrit,Hindi,No,
CBSE,10th Grade, Urdu,Hindi,No,
CBSE,10th Grade, French,Hindi,No,
CBSE,10th Grade, German,Hindi,No,
CBSE,10th Grade, Spanish,Hindi,No,
CBSE,10th Grade, Assamese,Hindi,No,
CBSE,10th Grade, Bengali,Hindi,No,
CBSE,10th Grade, Bodo,Hindi,No,
CBSE,10th Grade, Dogri,Hindi,No,
CBSE,10th Grade, Gujarati,Hindi,No,
CBSE,10th Grade, Kannada,Hindi,No,
CBSE,10th Grade, Kashmiri,Hindi,No,
CBSE,10th Grade, Konkani,Hindi,No,
CBSE,10th Grade, Maithili,Hindi,No,
CBSE,10th Grade, Malayalam,Hindi,No,
CBSE,10th Grade, Manipuri (Meitei),Hindi,No,
CBSE,10th Grade, Marathi,Hindi,No,
CBSE,10th Grade, Nepali,Hindi,No,
CBSE,10th Grade, Odia,Hindi,No,
CBSE,10th Grade, Punjabi,Hindi,No,
CBSE,10th Grade, Sindhi,Hindi,No,
CBSE,10th Grade, Tamil,Hindi,No,
CBSE,10th Grade, Telugu,Hindi,No,
CBSE,10th Grade, Urdu,Hindi,No,
CBSE,11th Grade,Physics,Hindi,Partial,"Partial Coverage of videos, lessons and private publishers"
CBSE,11th Grade,Chemistry,Hindi,Partial,"Partial Coverage of videos, lessons and private publishers"
CBSE,11th Grade,Mathematics,Hindi,Partial,"Partial Coverage of videos, lessons and private publishers"
CBSE,11th Grade,Biology,Hindi,Partial,"Partial Coverage of videos, lessons and private publishers"
CBSE,11th Grade,Accountancy,Hindi,No,
CBSE,11th Grade,Business Studies,Hindi,No,
CBSE,11th Grade,Economics,Hindi,No,
CBSE,11th Grade,English,Hindi,No,
CBSE,11th Grade,Geography,Hindi,No,
CBSE,11th Grade,History,Hindi,No,
CBSE,11th Grade,Political Science,Hindi,No,
CBSE,11th Grade,Psychology,Hindi,No,
CBSE,11th Grade,Applied Mathematics,Hindi,No,
CBSE,11th Grade,Computer Science,Hindi,No,
CBSE,11th Grade,Informatics Practices,Hindi,No,
CBSE,11th Grade,Artificial Intelligence,Hindi,No,
CBSE,11th Grade,Biotechnology,Hindi,No,
CBSE,11th Grade,Engineering Graphics,Hindi,No,
CBSE,11th Grade,Environmental Science,Hindi,No,
CBSE,11th Grade,Sociology,Hindi,No,
CBSE,11th Grade,Philosophy,Hindi,No,
CBSE,11th Grade,Home Science,Hindi,No,
CBSE,11th Grade,Legal Studies,Hindi,No,
CBSE,11th Grade,Accountancy,Hindi,No,
CBSE,11th Grade,Business Studies,Hindi,No,
CBSE,11th Grade,Entrepreneurship,Hindi,No,
CBSE,11th Grade,Financial Markets Management,Hindi,No,
CBSE,11th Grade,Statistics,Hindi,No,
CBSE,11th Grade,Fine Arts,Hindi,No,
CBSE,11th Grade,Music,Hindi,No,
CBSE,11th Grade,Physical Education,Hindi,No,
CBSE,11th Grade,Yoga,Hindi,No,
CBSE,11th Grade,English,Hindi,No,
CBSE,11th Grade,Hindi,Hindi,No,
CBSE,11th Grade,Sanskrit,Hindi,No,
CBSE,11th Grade,Urdu,Hindi,No,
CBSE,11th Grade,French,Hindi,No,
CBSE,11th Grade,German,Hindi,No,
CBSE,11th Grade,Spanish,Hindi,No,
CBSE,11th Grade,Arabic,Hindi,No,
CBSE,11th Grade,Persian,Hindi,No,
CBSE,11th Grade,Tibetan,Hindi,No,
CBSE,11th Grade,Japanese,Hindi,No,
CBSE,12th Grade,Physics,Hindi,Partial,"Partial Coverage of videos, lessons and private publishers"
CBSE,12th Grade,Chemistry,Hindi,Partial,"Partial Coverage of videos, lessons and private publishers"
CBSE,12th Grade,Mathematics,Hindi,Partial,"Partial Coverage of videos, lessons and private publishers"
CBSE,12th Grade,Biology,Hindi,Partial,"Partial Coverage of videos, lessons and private publishers"
CBSE,12th Grade,Accountancy,Hindi,No,
CBSE,12th Grade,Business Studies,Hindi,No,
CBSE,12th Grade,Economics,Hindi,No,
CBSE,12th Grade,English,Hindi,No,
CBSE,12th Grade,Geography,Hindi,No,
CBSE,12th Grade,History,Hindi,No,
CBSE,12th Grade,Political Science,Hindi,No,
CBSE,12th Grade,Psychology,Hindi,No,
CBSE,12th Grade,Applied Mathematics,Hindi,No,
CBSE,12th Grade,Computer Science,Hindi,No,
CBSE,12th Grade,Informatics Practices,Hindi,No,
CBSE,12th Grade,Artificial Intelligence,Hindi,No,
CBSE,12th Grade,Biotechnology,Hindi,No,
CBSE,12th Grade,Engineering Graphics,Hindi,No,
CBSE,12th Grade,Environmental Science,Hindi,No,
CBSE,12th Grade,Sociology,Hindi,No,
CBSE,12th Grade,Philosophy,Hindi,No,
CBSE,12th Grade,Home Science,Hindi,No,
CBSE,12th Grade,Legal Studies,Hindi,No,
CBSE,12th Grade,Accountancy,Hindi,No,
CBSE,12th Grade,Business Studies,Hindi,No,
CBSE,12th Grade,Entrepreneurship,Hindi,No,
CBSE,12th Grade,Financial Markets Management,Hindi,No,
CBSE,12th Grade,Statistics,Hindi,No,
CBSE,12th Grade,Fine Arts,Hindi,No,
CBSE,12th Grade,Music,Hindi,No,
CBSE,12th Grade,Physical Education,Hindi,No,
CBSE,12th Grade,Yoga,Hindi,No,
CBSE,12th Grade,English,Hindi,No,
CBSE,12th Grade,Hindi,Hindi,No,
CBSE,12th Grade,Sanskrit,Hindi,No,
CBSE,12th Grade,Urdu,Hindi,No,
CBSE,12th Grade,French,Hindi,No,
CBSE,12th Grade,German,Hindi,No,
CBSE,12th Grade,Spanish,Hindi,No,
CBSE,12th Grade,Arabic,Hindi,No,
CBSE,12th Grade,Persian,Hindi,No,
CBSE,12th Grade,Tibetan,Hindi,No,
CBSE,12th Grade,Japanese,Hindi,No,
Chhattisgarh Board,1st Grade,Mathematics,English,No,
Chhattisgarh Board,1st Grade,Environmental Studies,English,No,
Chhattisgarh Board,1st Grade,Computer Awareness,English,No,
Chhattisgarh Board,1st Grade,General Knowledge,English,No,
Chhattisgarh Board,1st Grade,Moral Education,English,No,
Chhattisgarh Board,1st Grade,Physical Education,English,No,
Chhattisgarh Board,1st Grade,Art & Craft,English,No,
Chhattisgarh Board,1st Grade,Work Education,English,No,
Chhattisgarh Board,1st Grade,English,English,No,
Chhattisgarh Board,1st Grade,Hindi,English,No,
Chhattisgarh Board,1st Grade,Urdu,English,No,
Chhattisgarh Board,2nd Grade,Mathematics,English,No,
Chhattisgarh Board,2nd Grade,Environmental Studies,English,No,
Chhattisgarh Board,2nd Grade,Computer Awareness,English,No,
Chhattisgarh Board,2nd Grade,General Knowledge,English,No,
Chhattisgarh Board,2nd Grade,Moral Education,English,No,
Chhattisgarh Board,2nd Grade,Physical Education,English,No,
Chhattisgarh Board,2nd Grade,Art & Craft,English,No,
Chhattisgarh Board,2nd Grade,Work Education,English,No,
Chhattisgarh Board,2nd Grade,English,English,No,
Chhattisgarh Board,2nd Grade,Hindi,English,No,
Chhattisgarh Board,2nd Grade,Urdu,English,No,
Chhattisgarh Board,3rd Grade,Mathematics,English,No,
Chhattisgarh Board,3rd Grade,Environmental Studies,English,No,
Chhattisgarh Board,3rd Grade,Computer Awareness,English,No,
Chhattisgarh Board,3rd Grade,General Knowledge,English,No,
Chhattisgarh Board,3rd Grade,Moral Education,English,No,
Chhattisgarh Board,3rd Grade,Physical Education,English,No,
Chhattisgarh Board,3rd Grade,Art & Craft,English,No,
Chhattisgarh Board,3rd Grade,Work Education,English,No,
Chhattisgarh Board,3rd Grade,English,English,No,
Chhattisgarh Board,3rd Grade,Hindi,English,No,
Chhattisgarh Board,3rd Grade,Urdu,English,No,
Chhattisgarh Board,4th Grade,Mathematics,English,No,
Chhattisgarh Board,4th Grade,Environmental Studies,English,No,
Chhattisgarh Board,4th Grade,Computer Awareness,English,No,
Chhattisgarh Board,4th Grade,General Knowledge,English,No,
Chhattisgarh Board,4th Grade,Moral Education,English,No,
Chhattisgarh Board,4th Grade,Physical Education,English,No,
Chhattisgarh Board,4th Grade,Art & Craft,English,No,
Chhattisgarh Board,4th Grade,Work Education,English,No,
Chhattisgarh Board,4th Grade,English,English,No,
Chhattisgarh Board,4th Grade,Hindi,English,No,
Chhattisgarh Board,4th Grade,Urdu,English,No,
Chhattisgarh Board,5th Grade,Mathematics,English,No,
Chhattisgarh Board,5th Grade,Environmental Studies,English,No,
Chhattisgarh Board,5th Grade,Computer Awareness,English,No,
Chhattisgarh Board,5th Grade,General Knowledge,English,No,
Chhattisgarh Board,5th Grade,Moral Education,English,No,
Chhattisgarh Board,5th Grade,Physical Education,English,No,
Chhattisgarh Board,5th Grade,Art & Craft,English,No,
Chhattisgarh Board,5th Grade,Work Education,English,No,
Chhattisgarh Board,5th Grade,English,English,No,
Chhattisgarh Board,5th Grade,Hindi,English,No,
Chhattisgarh Board,5th Grade,Urdu,English,No,
Chhattisgarh Board,6th Grade,Mathematics,English,Yes,
Chhattisgarh Board,6th Grade,Science,English,Yes,
Chhattisgarh Board,6th Grade,Social Science,English,No,
Chhattisgarh Board,6th Grade,Environmental Studies,English,No,
Chhattisgarh Board,6th Grade,Computer Education,English,No,
Chhattisgarh Board,6th Grade,Physical Education,English,No,
Chhattisgarh Board,6th Grade,Art Education,English,No,
Chhattisgarh Board,6th Grade,Work Education,English,No,
Chhattisgarh Board,6th Grade,English,English,No,
Chhattisgarh Board,6th Grade,Hindi,English,No,
Chhattisgarh Board,6th Grade,Sanskrit,English,No,
Chhattisgarh Board,6th Grade,Urdu,English,No,
Chhattisgarh Board,7th Grade,Mathematics,English,Yes,
Chhattisgarh Board,7th Grade,Science,English,Yes,
Chhattisgarh Board,7th Grade,Social Science,English,No,
Chhattisgarh Board,7th Grade,Environmental Studies,English,No,
Chhattisgarh Board,7th Grade,Computer Education,English,No,
Chhattisgarh Board,7th Grade,Physical Education,English,No,
Chhattisgarh Board,7th Grade,Art Education,English,No,
Chhattisgarh Board,7th Grade,Work Education,English,No,
Chhattisgarh Board,7th Grade,English,English,No,
Chhattisgarh Board,7th Grade,Hindi,English,No,
Chhattisgarh Board,7th Grade,Sanskrit,English,No,
Chhattisgarh Board,7th Grade,Urdu,English,No,
Chhattisgarh Board,8th Grade,Mathematics,English,Yes,
Chhattisgarh Board,8th Grade,Science,English,Yes,
Chhattisgarh Board,8th Grade,Social Science,English,No,
Chhattisgarh Board,8th Grade,Environmental Studies,English,No,
Chhattisgarh Board,8th Grade,Computer Education,English,No,
Chhattisgarh Board,8th Grade,Physical Education,English,No,
Chhattisgarh Board,8th Grade,Art Education,English,No,
Chhattisgarh Board,8th Grade,Work Education,English,No,
Chhattisgarh Board,8th Grade,English,English,No,
Chhattisgarh Board,8th Grade,Hindi,English,No,
Chhattisgarh Board,8th Grade,Sanskrit,English,No,
Chhattisgarh Board,8th Grade,Urdu,English,No,
Chhattisgarh Board,9th Grade,Mathematics,English,Yes,
Chhattisgarh Board,9th Grade,Science,English,Yes,
Chhattisgarh Board,9th Grade,Social Science,English,No,
Chhattisgarh Board,9th Grade,Environmental Studies,English,No,
Chhattisgarh Board,9th Grade,Computer Education,English,No,
Chhattisgarh Board,9th Grade,Physical Education,English,No,
Chhattisgarh Board,9th Grade,Art Education,English,No,
Chhattisgarh Board,9th Grade,Work Education,English,No,
Chhattisgarh Board,9th Grade,English,English,No,
Chhattisgarh Board,9th Grade,Hindi,English,No,
Chhattisgarh Board,9th Grade,Sanskrit,English,No,
Chhattisgarh Board,9th Grade,Urdu,English,No,
Chhattisgarh Board,10th Grade,Mathematics,English,Partial,Partial Coverage of Videos
Chhattisgarh Board,10th Grade,Science,English,Yes,
Chhattisgarh Board,10th Grade,Social Science,English,No,
Chhattisgarh Board,10th Grade,Environmental Studies,English,No,
Chhattisgarh Board,10th Grade,Computer Education,English,No,
Chhattisgarh Board,10th Grade,Physical Education,English,No,
Chhattisgarh Board,10th Grade,Art Education,English,No,
Chhattisgarh Board,10th Grade,Work Education,English,No,
Chhattisgarh Board,10th Grade,English,English,No,
Chhattisgarh Board,10th Grade,Hindi,English,No,
Chhattisgarh Board,10th Grade,Sanskrit,English,No,
Chhattisgarh Board,10th Grade,Urdu,English,No,
Chhattisgarh Board,11th Grade,Physics,English,Yes,
Chhattisgarh Board,11th Grade,Chemistry,English,Yes,
Chhattisgarh Board,11th Grade,Mathematics,English,Yes,
Chhattisgarh Board,11th Grade,Biology,English,Yes,
Chhattisgarh Board,11th Grade,Computer Science,English,No,
Chhattisgarh Board,11th Grade,Information Practices,English,No,
Chhattisgarh Board,11th Grade,Environmental Science,English,No,
Chhattisgarh Board,11th Grade,Economics,English,No,
Chhattisgarh Board,11th Grade,History,English,No,
Chhattisgarh Board,11th Grade,Geography,English,No,
Chhattisgarh Board,11th Grade,Political Science,English,No,
Chhattisgarh Board,11th Grade,Sociology,English,No,
Chhattisgarh Board,11th Grade,Psychology,English,No,
Chhattisgarh Board,11th Grade,Philosophy,English,No,
Chhattisgarh Board,11th Grade,Home Science,English,No,
Chhattisgarh Board,11th Grade,Accountancy,English,No,
Chhattisgarh Board,11th Grade,Business Studies,English,No,
Chhattisgarh Board,11th Grade,Entrepreneurship,English,No,
Chhattisgarh Board,11th Grade,Statistics,English,No,
Chhattisgarh Board,11th Grade,Agriculture,English,No,
Chhattisgarh Board,11th Grade,English,English,No,
Chhattisgarh Board,11th Grade,Hindi,English,No,
Chhattisgarh Board,11th Grade,Sanskrit,English,No,
Chhattisgarh Board,11th Grade,Urdu,English,No,
Chhattisgarh Board,12th Grade,Physics,English,Yes,
Chhattisgarh Board,12th Grade,Chemistry,English,Yes,
Chhattisgarh Board,12th Grade,Mathematics,English,Yes,
Chhattisgarh Board,12th Grade,Biology,English,Yes,
Chhattisgarh Board,12th Grade,Computer Science,English,No,
Chhattisgarh Board,12th Grade,Information Practices,English,No,
Chhattisgarh Board,12th Grade,Environmental Science,English,No,
Chhattisgarh Board,12th Grade,Economics,English,No,
Chhattisgarh Board,12th Grade,History,English,No,
Chhattisgarh Board,12th Grade,Geography,English,No,
Chhattisgarh Board,12th Grade,Political Science,English,No,
Chhattisgarh Board,12th Grade,Sociology,English,No,
Chhattisgarh Board,12th Grade,Psychology,English,No,
Chhattisgarh Board,12th Grade,Philosophy,English,No,
Chhattisgarh Board,12th Grade,Home Science,English,No,
Chhattisgarh Board,12th Grade,Accountancy,English,No,
Chhattisgarh Board,12th Grade,Business Studies,English,No,
Chhattisgarh Board,12th Grade,Entrepreneurship,English,No,
Chhattisgarh Board,12th Grade,Statistics,English,No,
Chhattisgarh Board,12th Grade,Agriculture,English,No,
Chhattisgarh Board,12th Grade,English,English,No,
Chhattisgarh Board,12th Grade,Hindi,English,No,
Chhattisgarh Board,12th Grade,Sanskrit,English,No,
Chhattisgarh Board,12th Grade,Urdu,English,No,
Chhattisgarh Board,1st Grade,Mathematics,Hindi,No,
Chhattisgarh Board,1st Grade,Environmental Studies,Hindi,No,
Chhattisgarh Board,1st Grade,Computer Awareness,Hindi,No,
Chhattisgarh Board,1st Grade,General Knowledge,Hindi,No,
Chhattisgarh Board,1st Grade,Moral Education,Hindi,No,
Chhattisgarh Board,1st Grade,Physical Education,Hindi,No,
Chhattisgarh Board,1st Grade,Art & Craft,Hindi,No,
Chhattisgarh Board,1st Grade,Work Education,Hindi,No,
Chhattisgarh Board,1st Grade,English,Hindi,No,
Chhattisgarh Board,1st Grade,Hindi,Hindi,No,
Chhattisgarh Board,1st Grade,Urdu,Hindi,No,
Chhattisgarh Board,2nd Grade,Mathematics,Hindi,No,
Chhattisgarh Board,2nd Grade,Environmental Studies,Hindi,No,
Chhattisgarh Board,2nd Grade,Computer Awareness,Hindi,No,
Chhattisgarh Board,2nd Grade,General Knowledge,Hindi,No,
Chhattisgarh Board,2nd Grade,Moral Education,Hindi,No,
Chhattisgarh Board,2nd Grade,Physical Education,Hindi,No,
Chhattisgarh Board,2nd Grade,Art & Craft,Hindi,No,
Chhattisgarh Board,2nd Grade,Work Education,Hindi,No,
Chhattisgarh Board,2nd Grade,English,Hindi,No,
Chhattisgarh Board,2nd Grade,Hindi,Hindi,No,
Chhattisgarh Board,2nd Grade,Urdu,Hindi,No,
Chhattisgarh Board,3rd Grade,Mathematics,Hindi,No,
Chhattisgarh Board,3rd Grade,Environmental Studies,Hindi,No,
Chhattisgarh Board,3rd Grade,Computer Awareness,Hindi,No,
Chhattisgarh Board,3rd Grade,General Knowledge,Hindi,No,
Chhattisgarh Board,3rd Grade,Moral Education,Hindi,No,
Chhattisgarh Board,3rd Grade,Physical Education,Hindi,No,
Chhattisgarh Board,3rd Grade,Art & Craft,Hindi,No,
Chhattisgarh Board,3rd Grade,Work Education,Hindi,No,
Chhattisgarh Board,3rd Grade,English,Hindi,No,
Chhattisgarh Board,3rd Grade,Hindi,Hindi,No,
Chhattisgarh Board,3rd Grade,Urdu,Hindi,No,
Chhattisgarh Board,4th Grade,Mathematics,Hindi,No,
Chhattisgarh Board,4th Grade,Environmental Studies,Hindi,No,
Chhattisgarh Board,4th Grade,Computer Awareness,Hindi,No,
Chhattisgarh Board,4th Grade,General Knowledge,Hindi,No,
Chhattisgarh Board,4th Grade,Moral Education,Hindi,No,
Chhattisgarh Board,4th Grade,Physical Education,Hindi,No,
Chhattisgarh Board,4th Grade,Art & Craft,Hindi,No,
Chhattisgarh Board,4th Grade,Work Education,Hindi,No,
Chhattisgarh Board,4th Grade,English,Hindi,No,
Chhattisgarh Board,4th Grade,Hindi,Hindi,No,
Chhattisgarh Board,4th Grade,Urdu,Hindi,No,
Chhattisgarh Board,5th Grade,Mathematics,Hindi,No,
Chhattisgarh Board,5th Grade,Environmental Studies,Hindi,No,
Chhattisgarh Board,5th Grade,Computer Awareness,Hindi,No,
Chhattisgarh Board,5th Grade,General Knowledge,Hindi,No,
Chhattisgarh Board,5th Grade,Moral Education,Hindi,No,
Chhattisgarh Board,5th Grade,Physical Education,Hindi,No,
Chhattisgarh Board,5th Grade,Art & Craft,Hindi,No,
Chhattisgarh Board,5th Grade,Work Education,Hindi,No,
Chhattisgarh Board,5th Grade,English,Hindi,No,
Chhattisgarh Board,5th Grade,Hindi,Hindi,No,
Chhattisgarh Board,5th Grade,Urdu,Hindi,No,
Chhattisgarh Board,6th Grade,Mathematics,Hindi,Partial,"Partial Coverage of videos, lessons and private publishers"
Chhattisgarh Board,6th Grade,Science,Hindi,Partial,"Partial Coverage of videos, lessons and private publishers"
Chhattisgarh Board,6th Grade,Social Science,Hindi,No,
Chhattisgarh Board,6th Grade,Environmental Studies,Hindi,No,
Chhattisgarh Board,6th Grade,Computer Education,Hindi,No,
Chhattisgarh Board,6th Grade,Physical Education,Hindi,No,
Chhattisgarh Board,6th Grade,Art Education,Hindi,No,
Chhattisgarh Board,6th Grade,Work Education,Hindi,No,
Chhattisgarh Board,6th Grade,English,Hindi,No,
Chhattisgarh Board,6th Grade,Hindi,Hindi,No,
Chhattisgarh Board,6th Grade,Sanskrit,Hindi,No,
Chhattisgarh Board,6th Grade,Urdu,Hindi,No,
Chhattisgarh Board,7th Grade,Mathematics,Hindi,Partial,"Partial Coverage of videos, lessons and private publishers"
Chhattisgarh Board,7th Grade,Science,Hindi,Partial,"Partial Coverage of videos, lessons and private publishers"
Chhattisgarh Board,7th Grade,Social Science,Hindi,No,
Chhattisgarh Board,7th Grade,Environmental Studies,Hindi,No,
Chhattisgarh Board,7th Grade,Computer Education,Hindi,No,
Chhattisgarh Board,7th Grade,Physical Education,Hindi,No,
Chhattisgarh Board,7th Grade,Art Education,Hindi,No,
Chhattisgarh Board,7th Grade,Work Education,Hindi,No,
Chhattisgarh Board,7th Grade,English,Hindi,No,
Chhattisgarh Board,7th Grade,Hindi,Hindi,No,
Chhattisgarh Board,7th Grade,Sanskrit,Hindi,No,
Chhattisgarh Board,7th Grade,Urdu,Hindi,No,
Chhattisgarh Board,8th Grade,Mathematics,Hindi,Partial,"Partial Coverage of videos, lessons and private publishers"
Chhattisgarh Board,8th Grade,Science,Hindi,Partial,"Partial Coverage of videos, lessons and private publishers"
Chhattisgarh Board,8th Grade,Social Science,Hindi,No,
Chhattisgarh Board,8th Grade,Environmental Studies,Hindi,No,
Chhattisgarh Board,8th Grade,Computer Education,Hindi,No,
Chhattisgarh Board,8th Grade,Physical Education,Hindi,No,
Chhattisgarh Board,8th Grade,Art Education,Hindi,No,
Chhattisgarh Board,8th Grade,Work Education,Hindi,No,
Chhattisgarh Board,8th Grade,English,Hindi,No,
Chhattisgarh Board,8th Grade,Hindi,Hindi,No,
Chhattisgarh Board,8th Grade,Sanskrit,Hindi,No,
Chhattisgarh Board,8th Grade,Urdu,Hindi,No,
Chhattisgarh Board,9th Grade,Mathematics,Hindi,Partial,"Partial Coverage of videos, lessons and private publishers"
Chhattisgarh Board,9th Grade,Science,Hindi,Partial,"Partial Coverage of videos, lessons and private publishers"
Chhattisgarh Board,9th Grade,Social Science,Hindi,No,
Chhattisgarh Board,9th Grade,Environmental Studies,Hindi,No,
Chhattisgarh Board,9th Grade,Computer Education,Hindi,No,
Chhattisgarh Board,9th Grade,Physical Education,Hindi,No,
Chhattisgarh Board,9th Grade,Art Education,Hindi,No,
Chhattisgarh Board,9th Grade,Work Education,Hindi,No,
Chhattisgarh Board,9th Grade,English,Hindi,No,
Chhattisgarh Board,9th Grade,Hindi,Hindi,No,
Chhattisgarh Board,9th Grade,Sanskrit,Hindi,No,
Chhattisgarh Board,9th Grade,Urdu,Hindi,No,
Chhattisgarh Board,10th Grade,Mathematics,Hindi,Partial,"Partial Coverage of videos, lessons and private publishers"
Chhattisgarh Board,10th Grade,Science,Hindi,Partial,"Partial Coverage of videos, lessons and private publishers"
Chhattisgarh Board,10th Grade,Social Science,Hindi,No,
Chhattisgarh Board,10th Grade,Environmental Studies,Hindi,No,
Chhattisgarh Board,10th Grade,Computer Education,Hindi,No,
Chhattisgarh Board,10th Grade,Physical Education,Hindi,No,
Chhattisgarh Board,10th Grade,Art Education,Hindi,No,
Chhattisgarh Board,10th Grade,Work Education,Hindi,No,
Chhattisgarh Board,10th Grade,English,Hindi,No,
Chhattisgarh Board,10th Grade,Hindi,Hindi,No,
Chhattisgarh Board,10th Grade,Sanskrit,Hindi,No,
Chhattisgarh Board,10th Grade,Urdu,Hindi,No,
Chhattisgarh Board,11th Grade,Physics,Hindi,Partial,"Partial Coverage of videos, lessons and private publishers"
Chhattisgarh Board,11th Grade,Chemistry,Hindi,Partial,"Partial Coverage of videos, lessons and private publishers"
Chhattisgarh Board,11th Grade,Mathematics,Hindi,Partial,"Partial Coverage of videos, lessons and private publishers"
Chhattisgarh Board,11th Grade,Biology,Hindi,Partial,"Partial Coverage of videos, lessons and private publishers"
Chhattisgarh Board,11th Grade,Computer Science,Hindi,No,
Chhattisgarh Board,11th Grade,Information Practices,Hindi,No,
Chhattisgarh Board,11th Grade,Environmental Science,Hindi,No,
Chhattisgarh Board,11th Grade,Economics,Hindi,No,
Chhattisgarh Board,11th Grade,History,Hindi,No,
Chhattisgarh Board,11th Grade,Geography,Hindi,No,
Chhattisgarh Board,11th Grade,Political Science,Hindi,No,
Chhattisgarh Board,11th Grade,Sociology,Hindi,No,
Chhattisgarh Board,11th Grade,Psychology,Hindi,No,
Chhattisgarh Board,11th Grade,Philosophy,Hindi,No,
Chhattisgarh Board,11th Grade,Home Science,Hindi,No,
Chhattisgarh Board,11th Grade,Accountancy,Hindi,No,
Chhattisgarh Board,11th Grade,Business Studies,Hindi,No,
Chhattisgarh Board,11th Grade,Entrepreneurship,Hindi,No,
Chhattisgarh Board,11th Grade,Statistics,Hindi,No,
Chhattisgarh Board,11th Grade,Agriculture,Hindi,No,
Chhattisgarh Board,11th Grade,English,Hindi,No,
Chhattisgarh Board,11th Grade,Hindi,Hindi,No,
Chhattisgarh Board,11th Grade,Sanskrit,Hindi,No,
Chhattisgarh Board,11th Grade,Urdu,Hindi,No,
Chhattisgarh Board,12th Grade,Physics,Hindi,Partial,"Partial Coverage of videos, lessons and private publishers"
Chhattisgarh Board,12th Grade,Chemistry,Hindi,Partial,"Partial Coverage of videos, lessons and private publishers"
Chhattisgarh Board,12th Grade,Mathematics,Hindi,Partial,"Partial Coverage of videos, lessons and private publishers"
Chhattisgarh Board,12th Grade,Biology,Hindi,Partial,"Partial Coverage of videos, lessons and private publishers"
Chhattisgarh Board,12th Grade,Computer Science,Hindi,No,
Chhattisgarh Board,12th Grade,Information Practices,Hindi,No,
Chhattisgarh Board,12th Grade,Environmental Science,Hindi,No,
Chhattisgarh Board,12th Grade,Economics,Hindi,No,
Chhattisgarh Board,12th Grade,History,Hindi,No,
Chhattisgarh Board,12th Grade,Geography,Hindi,No,
Chhattisgarh Board,12th Grade,Political Science,Hindi,No,
Chhattisgarh Board,12th Grade,Sociology,Hindi,No,
Chhattisgarh Board,12th Grade,Psychology,Hindi,No,
Chhattisgarh Board,12th Grade,Philosophy,Hindi,No,
Chhattisgarh Board,12th Grade,Home Science,Hindi,No,
Chhattisgarh Board,12th Grade,Accountancy,Hindi,No,
Chhattisgarh Board,12th Grade,Business Studies,Hindi,No,
Chhattisgarh Board,12th Grade,Entrepreneurship,Hindi,No,
Chhattisgarh Board,12th Grade,Statistics,Hindi,No,
Chhattisgarh Board,12th Grade,Agriculture,Hindi,No,
Chhattisgarh Board,12th Grade,English,Hindi,No,
Chhattisgarh Board,12th Grade,Hindi,Hindi,No,
Chhattisgarh Board,12th Grade,Sanskrit,Hindi,No,
Chhattisgarh Board,12th Grade,Urdu,Hindi,No,
Delhi Board,1st Grade,Mathematics,English,No,
Delhi Board,1st Grade,Environmental Studies,English,No,
Delhi Board,1st Grade,English,English,No,
Delhi Board,1st Grade,Computer Awareness,English,No,
Delhi Board,1st Grade,Artificial Intelligence,English,No,
Delhi Board,1st Grade,General Knowledge,English,No,
Delhi Board,1st Grade,Moral Education,English,No,
Delhi Board,1st Grade,Physical Education,English,No,
Delhi Board,1st Grade,Art & Craft,English,No,
Delhi Board,1st Grade,Work Education,English,No,
Delhi Board,1st Grade,Hindi,English,No,
Delhi Board,1st Grade,Assamese,English,No,
Delhi Board,1st Grade,Bengali,English,No,
Delhi Board,1st Grade,Gujarati,English,No,
Delhi Board,1st Grade,Kannada,English,No,
Delhi Board,1st Grade,Malayalam,English,No,
Delhi Board,1st Grade,Marathi,English,No,
Delhi Board,1st Grade,Odia,English,No,
Delhi Board,1st Grade,Punjabi,English,No,
Delhi Board,1st Grade,Tamil,English,No,
Delhi Board,1st Grade,Telugu,English,No,
Delhi Board,1st Grade,Urdu,English,No,
Delhi Board,2nd Grade,Mathematics,English,No,
Delhi Board,2nd Grade,Environmental Studies,English,No,
Delhi Board,2nd Grade,English,English,No,
Delhi Board,2nd Grade,Computer Awareness,English,No,
Delhi Board,2nd Grade,Artificial Intelligence,English,No,
Delhi Board,2nd Grade,General Knowledge,English,No,
Delhi Board,2nd Grade,Moral Education,English,No,
Delhi Board,2nd Grade,Physical Education,English,No,
Delhi Board,2nd Grade,Art & Craft,English,No,
Delhi Board,2nd Grade,Work Education,English,No,
Delhi Board,2nd Grade,Hindi,English,No,
Delhi Board,2nd Grade,Assamese,English,No,
Delhi Board,2nd Grade,Bengali,English,No,
Delhi Board,2nd Grade,Gujarati,English,No,
Delhi Board,2nd Grade,Kannada,English,No,
Delhi Board,2nd Grade,Malayalam,English,No,
Delhi Board,2nd Grade,Marathi,English,No,
Delhi Board,2nd Grade,Odia,English,No,
Delhi Board,2nd Grade,Punjabi,English,No,
Delhi Board,2nd Grade,Tamil,English,No,
Delhi Board,2nd Grade,Telugu,English,No,
Delhi Board,2nd Grade,Urdu,English,No,
Delhi Board,3rd Grade,Mathematics,English,No,
Delhi Board,3rd Grade,Environmental Studies,English,No,
Delhi Board,3rd Grade,English,English,No,
Delhi Board,3rd Grade,Computer Awareness,English,No,
Delhi Board,3rd Grade,Artificial Intelligence,English,No,
Delhi Board,3rd Grade,General Knowledge,English,No,
Delhi Board,3rd Grade,Moral Education,English,No,
Delhi Board,3rd Grade,Physical Education,English,No,
Delhi Board,3rd Grade,Art & Craft,English,No,
Delhi Board,3rd Grade,Work Education,English,No,
Delhi Board,3rd Grade,Hindi,English,No,
Delhi Board,3rd Grade,Assamese,English,No,
Delhi Board,3rd Grade,Bengali,English,No,
Delhi Board,3rd Grade,Gujarati,English,No,
Delhi Board,3rd Grade,Kannada,English,No,
Delhi Board,3rd Grade,Malayalam,English,No,
Delhi Board,3rd Grade,Marathi,English,No,
Delhi Board,3rd Grade,Odia,English,No,
Delhi Board,3rd Grade,Punjabi,English,No,
Delhi Board,3rd Grade,Tamil,English,No,
Delhi Board,3rd Grade,Telugu,English,No,
Delhi Board,3rd Grade,Urdu,English,No,
Delhi Board,4th Grade,Mathematics,English,No,
Delhi Board,4th Grade,Environmental Studies,English,No,
Delhi Board,4th Grade,English,English,No,
Delhi Board,4th Grade,Computer Awareness,English,No,
Delhi Board,4th Grade,Artificial Intelligence,English,No,
Delhi Board,4th Grade,General Knowledge,English,No,
Delhi Board,4th Grade,Moral Education,English,No,
Delhi Board,4th Grade,Physical Education,English,No,
Delhi Board,4th Grade,Art & Craft,English,No,
Delhi Board,4th Grade,Work Education,English,No,
Delhi Board,4th Grade,Hindi,English,No,
Delhi Board,4th Grade,Assamese,English,No,
Delhi Board,4th Grade,Bengali,English,No,
Delhi Board,4th Grade,Gujarati,English,No,
Delhi Board,4th Grade,Kannada,English,No,
Delhi Board,4th Grade,Malayalam,English,No,
Delhi Board,4th Grade,Marathi,English,No,
Delhi Board,4th Grade,Odia,English,No,
Delhi Board,4th Grade,Punjabi,English,No,
Delhi Board,4th Grade,Tamil,English,No,
Delhi Board,4th Grade,Telugu,English,No,
Delhi Board,4th Grade,Urdu,English,No,
Delhi Board,5th Grade,Mathematics,English,No,
Delhi Board,5th Grade,Environmental Studies,English,No,
Delhi Board,5th Grade,English,English,No,
Delhi Board,5th Grade,Computer Awareness,English,No,
Delhi Board,5th Grade,Artificial Intelligence,English,No,
Delhi Board,5th Grade,General Knowledge,English,No,
Delhi Board,5th Grade,Moral Education,English,No,
Delhi Board,5th Grade,Physical Education,English,No,
Delhi Board,5th Grade,Art & Craft,English,No,
Delhi Board,5th Grade,Work Education,English,No,
Delhi Board,5th Grade,Hindi,English,No,
Delhi Board,5th Grade,Assamese,English,No,
Delhi Board,5th Grade,Bengali,English,No,
Delhi Board,5th Grade,Gujarati,English,No,
Delhi Board,5th Grade,Kannada,English,No,
Delhi Board,5th Grade,Malayalam,English,No,
Delhi Board,5th Grade,Marathi,English,No,
Delhi Board,5th Grade,Odia,English,No,
Delhi Board,5th Grade,Punjabi,English,No,
Delhi Board,5th Grade,Tamil,English,No,
Delhi Board,5th Grade,Telugu,English,No,
Delhi Board,5th Grade,Urdu,English,No,
Delhi Board,6th Grade,Science,English,Yes,
Delhi Board,6th Grade,Mathematics,English,Yes,
Delhi Board,6th Grade,Social Science,English,Partial,Partial Coverage of Lessons and Videos
Delhi Board,6th Grade,English,English,No,
Delhi Board,6th Grade,Environmental Studies,English,No,
Delhi Board,6th Grade,Computer Applications,English,No,
Delhi Board,6th Grade,Information Technology,English,No,
Delhi Board,6th Grade,Artificial Intelligence,English,No,
Delhi Board,6th Grade,Physical Education,English,No,
Delhi Board,6th Grade,Art Education,English,No,
Delhi Board,6th Grade,Work Education,English,No,
Delhi Board,6th Grade,English,English,No,
Delhi Board,6th Grade,Hindi,English,No,
Delhi Board,6th Grade,Sanskrit,English,No,
Delhi Board,6th Grade,Urdu,English,No,
Delhi Board,6th Grade,French,English,No,
Delhi Board,6th Grade,German,English,No,
Delhi Board,6th Grade,Spanish,English,No,
Delhi Board,6th Grade,Assamese,English,No,
Delhi Board,6th Grade,Bengali,English,No,
Delhi Board,6th Grade,Bodo,English,No,
Delhi Board,6th Grade,Dogri,English,No,
Delhi Board,6th Grade,Gujarati,English,No,
Delhi Board,6th Grade,Kannada,English,No,
Delhi Board,6th Grade,Kashmiri,English,No,
Delhi Board,6th Grade,Konkani,English,No,
Delhi Board,6th Grade,Maithili,English,No,
Delhi Board,6th Grade,Malayalam,English,No,
Delhi Board,6th Grade,Manipuri (Meitei),English,No,
Delhi Board,6th Grade,Marathi,English,No,
Delhi Board,6th Grade,Nepali,English,No,
Delhi Board,6th Grade,Odia,English,No,
Delhi Board,6th Grade,Punjabi,English,No,
Delhi Board,6th Grade,Sindhi,English,No,
Delhi Board,6th Grade,Tamil,English,No,
Delhi Board,6th Grade,Telugu,English,No,
Delhi Board,6th Grade,Urdu,English,No,
Delhi Board,7th Grade,Science,English,Yes,
Delhi Board,7th Grade,Mathematics,English,Yes,
Delhi Board,7th Grade,Social Science,English,Partial,Partial Coverage of Lessons and Videos
Delhi Board,7th Grade,English,English,No,
Delhi Board,7th Grade,Environmental Studies,English,No,
Delhi Board,7th Grade,Computer Applications,English,No,
Delhi Board,7th Grade,Information Technology,English,No,
Delhi Board,7th Grade,Artificial Intelligence,English,No,
Delhi Board,7th Grade,Physical Education,English,No,
Delhi Board,7th Grade,Art Education,English,No,
Delhi Board,7th Grade,Work Education,English,No,
Delhi Board,7th Grade,English,English,No,
Delhi Board,7th Grade,Hindi,English,No,
Delhi Board,7th Grade,Sanskrit,English,No,
Delhi Board,7th Grade,Urdu,English,No,
Delhi Board,7th Grade,French,English,No,
Delhi Board,7th Grade,German,English,No,
Delhi Board,7th Grade,Spanish,English,No,
Delhi Board,7th Grade,Assamese,English,No,
Delhi Board,7th Grade,Bengali,English,No,
Delhi Board,7th Grade,Bodo,English,No,
Delhi Board,7th Grade,Dogri,English,No,
Delhi Board,7th Grade,Gujarati,English,No,
Delhi Board,7th Grade,Kannada,English,No,
Delhi Board,7th Grade,Kashmiri,English,No,
Delhi Board,7th Grade,Konkani,English,No,
Delhi Board,7th Grade,Maithili,English,No,
Delhi Board,7th Grade,Malayalam,English,No,
Delhi Board,7th Grade,Manipuri (Meitei),English,No,
Delhi Board,7th Grade,Marathi,English,No,
Delhi Board,7th Grade,Nepali,English,No,
Delhi Board,7th Grade,Odia,English,No,
Delhi Board,7th Grade,Punjabi,English,No,
Delhi Board,7th Grade,Sindhi,English,No,
Delhi Board,7th Grade,Tamil,English,No,
Delhi Board,7th Grade,Telugu,English,No,
Delhi Board,7th Grade,Urdu,English,No,
Delhi Board,8th Grade,Science,English,Yes,
Delhi Board,8th Grade,Mathematics,English,Yes,
Delhi Board,8th Grade,Social Science,English,Partial,Partial Coverage of Lessons and Videos
Delhi Board,8th Grade,English,English,No,
Delhi Board,8th Grade,Environmental Studies,English,No,
Delhi Board,8th Grade,Computer Applications,English,No,
Delhi Board,8th Grade,Information Technology,English,No,
Delhi Board,8th Grade,Artificial Intelligence,English,No,
Delhi Board,8th Grade,Physical Education,English,No,
Delhi Board,8th Grade,Art Education,English,No,
Delhi Board,8th Grade,Work Education,English,No,
Delhi Board,8th Grade,English,English,No,
Delhi Board,8th Grade,Hindi,English,No,
Delhi Board,8th Grade,Sanskrit,English,No,
Delhi Board,8th Grade,Urdu,English,No,
Delhi Board,8th Grade,French,English,No,
Delhi Board,8th Grade,German,English,No,
Delhi Board,8th Grade,Spanish,English,No,
Delhi Board,8th Grade,Assamese,English,No,
Delhi Board,8th Grade,Bengali,English,No,
Delhi Board,8th Grade,Bodo,English,No,
Delhi Board,8th Grade,Dogri,English,No,
Delhi Board,8th Grade,Gujarati,English,No,
Delhi Board,8th Grade,Kannada,English,No,
Delhi Board,8th Grade,Kashmiri,English,No,
Delhi Board,8th Grade,Konkani,English,No,
Delhi Board,8th Grade,Maithili,English,No,
Delhi Board,8th Grade,Malayalam,English,No,
Delhi Board,8th Grade,Manipuri (Meitei),English,No,
Delhi Board,8th Grade,Marathi,English,No,
Delhi Board,8th Grade,Nepali,English,No,
Delhi Board,8th Grade,Odia,English,No,
Delhi Board,8th Grade,Punjabi,English,No,
Delhi Board,8th Grade,Sindhi,English,No,
Delhi Board,8th Grade,Tamil,English,No,
Delhi Board,8th Grade,Telugu,English,No,
Delhi Board,8th Grade,Urdu,English,No,
Delhi Board,9th Grade,Science,English,Yes,
Delhi Board,9th Grade,Mathematics,English,Yes,
Delhi Board,9th Grade,Social Science,English,Partial,Partial Coverage of Lessons and Videos
Delhi Board,9th Grade,English,English,No,
Delhi Board,9th Grade,Environmental Studies,English,No,
Delhi Board,9th Grade,Computer Applications,English,No,
Delhi Board,9th Grade,Information Technology,English,No,
Delhi Board,9th Grade,Artificial Intelligence,English,No,
Delhi Board,9th Grade,Physical Education,English,No,
Delhi Board,9th Grade,Art Education,English,No,
Delhi Board,9th Grade,Work Education,English,No,
Delhi Board,9th Grade,English,English,No,
Delhi Board,9th Grade,Hindi,English,No,
Delhi Board,9th Grade,Sanskrit,English,No,
Delhi Board,9th Grade,Urdu,English,No,
Delhi Board,9th Grade,French,English,No,
Delhi Board,9th Grade,German,English,No,
Delhi Board,9th Grade,Spanish,English,No,
Delhi Board,9th Grade,Assamese,English,No,
Delhi Board,9th Grade,Bengali,English,No,
Delhi Board,9th Grade,Bodo,English,No,
Delhi Board,9th Grade,Dogri,English,No,
Delhi Board,9th Grade,Gujarati,English,No,
Delhi Board,9th Grade,Kannada,English,No,
Delhi Board,9th Grade,Kashmiri,English,No,
Delhi Board,9th Grade,Konkani,English,No,
Delhi Board,9th Grade,Maithili,English,No,
Delhi Board,9th Grade,Malayalam,English,No,
Delhi Board,9th Grade,Manipuri (Meitei),English,No,
Delhi Board,9th Grade,Marathi,English,No,
Delhi Board,9th Grade,Nepali,English,No,
Delhi Board,9th Grade,Odia,English,No,
Delhi Board,9th Grade,Punjabi,English,No,
Delhi Board,9th Grade,Sindhi,English,No,
Delhi Board,9th Grade,Tamil,English,No,
Delhi Board,9th Grade,Telugu,English,No,
Delhi Board,9th Grade,Urdu,English,No,
Delhi Board,10th Grade,Science,English,Yes,
Delhi Board,10th Grade,Mathematics,English,Yes,
Delhi Board,10th Grade,Social Science,English,Partial,Partial Coverage of Lessons and Videos
Delhi Board,10th Grade,English,English,No,
Delhi Board,10th Grade,Environmental Studies,English,No,
Delhi Board,10th Grade,Computer Applications,English,No,
Delhi Board,10th Grade,Information Technology,English,No,
Delhi Board,10th Grade,Artificial Intelligence,English,No,
Delhi Board,10th Grade,Physical Education,English,No,
Delhi Board,10th Grade,Art Education,English,No,
Delhi Board,10th Grade,Work Education,English,No,
Delhi Board,10th Grade,English,English,No,
Delhi Board,10th Grade,Hindi,English,No,
Delhi Board,10th Grade,Sanskrit,English,No,
Delhi Board,10th Grade,Urdu,English,No,
Delhi Board,10th Grade,French,English,No,
Delhi Board,10th Grade,German,English,No,
Delhi Board,10th Grade,Spanish,English,No,
Delhi Board,10th Grade,Assamese,English,No,
Delhi Board,10th Grade,Bengali,English,No,
Delhi Board,10th Grade,Bodo,English,No,
Delhi Board,10th Grade,Dogri,English,No,
Delhi Board,10th Grade,Gujarati,English,No,
Delhi Board,10th Grade,Kannada,English,No,
Delhi Board,10th Grade,Kashmiri,English,No,
Delhi Board,10th Grade,Konkani,English,No,
Delhi Board,10th Grade,Maithili,English,No,
Delhi Board,10th Grade,Malayalam,English,No,
Delhi Board,10th Grade,Manipuri (Meitei),English,No,
Delhi Board,10th Grade,Marathi,English,No,
Delhi Board,10th Grade,Nepali,English,No,
Delhi Board,10th Grade,Odia,English,No,
Delhi Board,10th Grade,Punjabi,English,No,
Delhi Board,10th Grade,Sindhi,English,No,
Delhi Board,10th Grade,Tamil,English,No,
Delhi Board,10th Grade,Telugu,English,No,
Delhi Board,10th Grade,Urdu,English,No,
Delhi Board,11th Grade,Physics,English,Yes,
Delhi Board,11th Grade,Chemistry,English,Yes,
Delhi Board,11th Grade,Mathematics,English,Yes,
Delhi Board,11th Grade,Biology,English,Yes,
Delhi Board,11th Grade,Accountancy,English,No,
Delhi Board,11th Grade,Business Studies,English,No,
Delhi Board,11th Grade,Economics,English,No,
Delhi Board,11th Grade,English,English,No,
Delhi Board,11th Grade,Geography,English,No,
Delhi Board,11th Grade,History,English,No,
Delhi Board,11th Grade,Political Science,English,No,
Delhi Board,11th Grade,Psychology,English,No,
Delhi Board,11th Grade,Applied Mathematics,English,No,
Delhi Board,11th Grade,Computer Science,English,No,
Delhi Board,11th Grade,Informatics Practices,English,No,
Delhi Board,11th Grade,Artificial Intelligence,English,No,
Delhi Board,11th Grade,Biotechnology,English,No,
Delhi Board,11th Grade,Engineering Graphics,English,No,
Delhi Board,11th Grade,Environmental Science,English,No,
Delhi Board,11th Grade,Sociology,English,No,
Delhi Board,11th Grade,Philosophy,English,No,
Delhi Board,11th Grade,Home Science,English,No,
Delhi Board,11th Grade,Legal Studies,English,No,
Delhi Board,11th Grade,Accountancy,English,No,
Delhi Board,11th Grade,Business Studies,English,No,
Delhi Board,11th Grade,Entrepreneurship,English,No,
Delhi Board,11th Grade,Financial Markets Management,English,No,
Delhi Board,11th Grade,Statistics,English,No,
Delhi Board,11th Grade,Fine Arts,English,No,
Delhi Board,11th Grade,Music,English,No,
Delhi Board,11th Grade,Physical Education,English,No,
Delhi Board,11th Grade,Yoga,English,No,
Delhi Board,11th Grade,English,English,No,
Delhi Board,11th Grade,Hindi,English,No,
Delhi Board,11th Grade,Sanskrit,English,No,
Delhi Board,11th Grade,Urdu,English,No,
Delhi Board,11th Grade,French,English,No,
Delhi Board,11th Grade,German,English,No,
Delhi Board,11th Grade,Spanish,English,No,
Delhi Board,11th Grade,Arabic,English,No,
Delhi Board,11th Grade,Persian,English,No,
Delhi Board,11th Grade,Tibetan,English,No,
Delhi Board,11th Grade,Japanese,English,No,
Delhi Board,12th Grade,Physics,English,Yes,
Delhi Board,12th Grade,Chemistry,English,Yes,
Delhi Board,12th Grade,Mathematics,English,Yes,
Delhi Board,12th Grade,Biology,English,Yes,
Delhi Board,12th Grade,Accountancy,English,No,
Delhi Board,12th Grade,Business Studies,English,No,
Delhi Board,12th Grade,Economics,English,No,
Delhi Board,12th Grade,English,English,No,
Delhi Board,12th Grade,Geography,English,No,
Delhi Board,12th Grade,History,English,No,
Delhi Board,12th Grade,Political Science,English,No,
Delhi Board,12th Grade,Psychology,English,No,
Delhi Board,12th Grade,Applied Mathematics,English,No,
Delhi Board,12th Grade,Computer Science,English,No,
Delhi Board,12th Grade,Informatics Practices,English,No,
Delhi Board,12th Grade,Artificial Intelligence,English,No,
Delhi Board,12th Grade,Biotechnology,English,No,
Delhi Board,12th Grade,Engineering Graphics,English,No,
Delhi Board,12th Grade,Environmental Science,English,No,
Delhi Board,12th Grade,Sociology,English,No,
Delhi Board,12th Grade,Philosophy,English,No,
Delhi Board,12th Grade,Home Science,English,No,
Delhi Board,12th Grade,Legal Studies,English,No,
Delhi Board,12th Grade,Accountancy,English,No,
Delhi Board,12th Grade,Business Studies,English,No,
Delhi Board,12th Grade,Entrepreneurship,English,No,
Delhi Board,12th Grade,Financial Markets Management,English,No,
Delhi Board,12th Grade,Statistics,English,No,
Delhi Board,12th Grade,Fine Arts,English,No,
Delhi Board,12th Grade,Music,English,No,
Delhi Board,12th Grade,Physical Education,English,No,
Delhi Board,12th Grade,Yoga,English,No,
Delhi Board,12th Grade,English,English,No,
Delhi Board,12th Grade,Hindi,English,No,
Delhi Board,12th Grade,Sanskrit,English,No,
Delhi Board,12th Grade,Urdu,English,No,
Delhi Board,12th Grade,French,English,No,
Delhi Board,12th Grade,German,English,No,
Delhi Board,12th Grade,Spanish,English,No,
Delhi Board,12th Grade,Arabic,English,No,
Delhi Board,12th Grade,Persian,English,No,
Delhi Board,12th Grade,Tibetan,English,No,
Delhi Board,12th Grade,Japanese,English,No,
Delhi Board,1st Grade,Mathematics,Hindi,No,
Delhi Board,1st Grade,Environmental Studies,Hindi,No,
Delhi Board,1st Grade,English,Hindi,No,
Delhi Board,1st Grade,Computer Awareness,Hindi,No,
Delhi Board,1st Grade,Artificial Intelligence,Hindi,No,
Delhi Board,1st Grade,General Knowledge,Hindi,No,
Delhi Board,1st Grade,Moral Education,Hindi,No,
Delhi Board,1st Grade,Physical Education,Hindi,No,
Delhi Board,1st Grade,Art & Craft,Hindi,No,
Delhi Board,1st Grade,Work Education,Hindi,No,
Delhi Board,1st Grade,Hindi,Hindi,No,
Delhi Board,1st Grade,Assamese,Hindi,No,
Delhi Board,1st Grade,Bengali,Hindi,No,
Delhi Board,1st Grade,Gujarati,Hindi,No,
Delhi Board,1st Grade,Kannada,Hindi,No,
Delhi Board,1st Grade,Malayalam,Hindi,No,
Delhi Board,1st Grade,Marathi,Hindi,No,
Delhi Board,1st Grade,Odia,Hindi,No,
Delhi Board,1st Grade,Punjabi,Hindi,No,
Delhi Board,1st Grade,Tamil,Hindi,No,
Delhi Board,1st Grade,Telugu,Hindi,No,
Delhi Board,1st Grade,Urdu,Hindi,No,
Delhi Board,2nd Grade,Mathematics,Hindi,No,
Delhi Board,2nd Grade,Environmental Studies,Hindi,No,
Delhi Board,2nd Grade,English,Hindi,No,
Delhi Board,2nd Grade,Computer Awareness,Hindi,No,
Delhi Board,2nd Grade,Artificial Intelligence,Hindi,No,
Delhi Board,2nd Grade,General Knowledge,Hindi,No,
Delhi Board,2nd Grade,Moral Education,Hindi,No,
Delhi Board,2nd Grade,Physical Education,Hindi,No,
Delhi Board,2nd Grade,Art & Craft,Hindi,No,
Delhi Board,2nd Grade,Work Education,Hindi,No,
Delhi Board,2nd Grade,Hindi,Hindi,No,
Delhi Board,2nd Grade,Assamese,Hindi,No,
Delhi Board,2nd Grade,Bengali,Hindi,No,
Delhi Board,2nd Grade,Gujarati,Hindi,No,
Delhi Board,2nd Grade,Kannada,Hindi,No,
Delhi Board,2nd Grade,Malayalam,Hindi,No,
Delhi Board,2nd Grade,Marathi,Hindi,No,
Delhi Board,2nd Grade,Odia,Hindi,No,
Delhi Board,2nd Grade,Punjabi,Hindi,No,
Delhi Board,2nd Grade,Tamil,Hindi,No,
Delhi Board,2nd Grade,Telugu,Hindi,No,
Delhi Board,2nd Grade,Urdu,Hindi,No,
Delhi Board,3rd Grade,Mathematics,Hindi,No,
Delhi Board,3rd Grade,Environmental Studies,Hindi,No,
Delhi Board,3rd Grade,English,Hindi,No,
Delhi Board,3rd Grade,Computer Awareness,Hindi,No,
Delhi Board,3rd Grade,Artificial Intelligence,Hindi,No,
Delhi Board,3rd Grade,General Knowledge,Hindi,No,
Delhi Board,3rd Grade,Moral Education,Hindi,No,
Delhi Board,3rd Grade,Physical Education,Hindi,No,
Delhi Board,3rd Grade,Art & Craft,Hindi,No,
Delhi Board,3rd Grade,Work Education,Hindi,No,
Delhi Board,3rd Grade,Hindi,Hindi,No,
Delhi Board,3rd Grade,Assamese,Hindi,No,
Delhi Board,3rd Grade,Bengali,Hindi,No,
Delhi Board,3rd Grade,Gujarati,Hindi,No,
Delhi Board,3rd Grade,Kannada,Hindi,No,
Delhi Board,3rd Grade,Malayalam,Hindi,No,
Delhi Board,3rd Grade,Marathi,Hindi,No,
Delhi Board,3rd Grade,Odia,Hindi,No,
Delhi Board,3rd Grade,Punjabi,Hindi,No,
Delhi Board,3rd Grade,Tamil,Hindi,No,
Delhi Board,3rd Grade,Telugu,Hindi,No,
Delhi Board,3rd Grade,Urdu,Hindi,No,
Delhi Board,4th Grade,Mathematics,Hindi,No,
Delhi Board,4th Grade,Environmental Studies,Hindi,No,
Delhi Board,4th Grade,English,Hindi,No,
Delhi Board,4th Grade,Computer Awareness,Hindi,No,
Delhi Board,4th Grade,Artificial Intelligence,Hindi,No,
Delhi Board,4th Grade,General Knowledge,Hindi,No,
Delhi Board,4th Grade,Moral Education,Hindi,No,
Delhi Board,4th Grade,Physical Education,Hindi,No,
Delhi Board,4th Grade,Art & Craft,Hindi,No,
Delhi Board,4th Grade,Work Education,Hindi,No,
Delhi Board,4th Grade,Hindi,Hindi,No,
Delhi Board,4th Grade,Assamese,Hindi,No,
Delhi Board,4th Grade,Bengali,Hindi,No,
Delhi Board,4th Grade,Gujarati,Hindi,No,
Delhi Board,4th Grade,Kannada,Hindi,No,
Delhi Board,4th Grade,Malayalam,Hindi,No,
Delhi Board,4th Grade,Marathi,Hindi,No,
Delhi Board,4th Grade,Odia,Hindi,No,
Delhi Board,4th Grade,Punjabi,Hindi,No,
Delhi Board,4th Grade,Tamil,Hindi,No,
Delhi Board,4th Grade,Telugu,Hindi,No,
Delhi Board,4th Grade,Urdu,Hindi,No,
Delhi Board,5th Grade,Mathematics,Hindi,No,
Delhi Board,5th Grade,Environmental Studies,Hindi,No,
Delhi Board,5th Grade,English,Hindi,No,
Delhi Board,5th Grade,Computer Awareness,Hindi,No,
Delhi Board,5th Grade,Artificial Intelligence,Hindi,No,
Delhi Board,5th Grade,General Knowledge,Hindi,No,
Delhi Board,5th Grade,Moral Education,Hindi,No,
Delhi Board,5th Grade,Physical Education,Hindi,No,
Delhi Board,5th Grade,Art & Craft,Hindi,No,
Delhi Board,5th Grade,Work Education,Hindi,No,
Delhi Board,5th Grade,Hindi,Hindi,No,
Delhi Board,5th Grade,Assamese,Hindi,No,
Delhi Board,5th Grade,Bengali,Hindi,No,
Delhi Board,5th Grade,Gujarati,Hindi,No,
Delhi Board,5th Grade,Kannada,Hindi,No,
Delhi Board,5th Grade,Malayalam,Hindi,No,
Delhi Board,5th Grade,Marathi,Hindi,No,
Delhi Board,5th Grade,Odia,Hindi,No,
Delhi Board,5th Grade,Punjabi,Hindi,No,
Delhi Board,5th Grade,Tamil,Hindi,No,
Delhi Board,5th Grade,Telugu,Hindi,No,
Delhi Board,5th Grade,Urdu,Hindi,No,
Delhi Board,6th Grade,Science,Hindi,Partial,"Partial Coverage of videos, lessons and private publishers"
Delhi Board,6th Grade,Mathematics,Hindi,Partial,"Partial Coverage of videos, lessons and private publishers"
Delhi Board,6th Grade,Social Science,Hindi,Partial,"Partial Coverage of videos, lessons and private publishers"
Delhi Board,6th Grade,English,Hindi,No,
Delhi Board,6th Grade,Environmental Studies,Hindi,No,
Delhi Board,6th Grade,Computer Applications,Hindi,No,
Delhi Board,6th Grade,Information Technology,Hindi,No,
Delhi Board,6th Grade,Artificial Intelligence,Hindi,No,
Delhi Board,6th Grade,Physical Education,Hindi,No,
Delhi Board,6th Grade,Art Education,Hindi,No,
Delhi Board,6th Grade,Work Education,Hindi,No,
Delhi Board,6th Grade,English,Hindi,No,
Delhi Board,6th Grade,Hindi,Hindi,No,
Delhi Board,6th Grade,Sanskrit,Hindi,No,
Delhi Board,6th Grade,Urdu,Hindi,No,
Delhi Board,6th Grade,French,Hindi,No,
Delhi Board,6th Grade,German,Hindi,No,
Delhi Board,6th Grade,Spanish,Hindi,No,
Delhi Board,6th Grade,Assamese,Hindi,No,
Delhi Board,6th Grade,Bengali,Hindi,No,
Delhi Board,6th Grade,Bodo,Hindi,No,
Delhi Board,6th Grade,Dogri,Hindi,No,
Delhi Board,6th Grade,Gujarati,Hindi,No,
Delhi Board,6th Grade,Kannada,Hindi,No,
Delhi Board,6th Grade,Kashmiri,Hindi,No,
Delhi Board,6th Grade,Konkani,Hindi,No,
Delhi Board,6th Grade,Maithili,Hindi,No,
Delhi Board,6th Grade,Malayalam,Hindi,No,
Delhi Board,6th Grade,Manipuri (Meitei),Hindi,No,
Delhi Board,6th Grade,Marathi,Hindi,No,
Delhi Board,6th Grade,Nepali,Hindi,No,
Delhi Board,6th Grade,Odia,Hindi,No,
Delhi Board,6th Grade,Punjabi,Hindi,No,
Delhi Board,6th Grade,Sindhi,Hindi,No,
Delhi Board,6th Grade,Tamil,Hindi,No,
Delhi Board,6th Grade,Telugu,Hindi,No,
Delhi Board,6th Grade,Urdu,Hindi,No,
Delhi Board,7th Grade,Science,Hindi,Partial,"Partial Coverage of videos, lessons and private publishers"
Delhi Board,7th Grade,Mathematics,Hindi,Partial,"Partial Coverage of videos, lessons and private publishers"
Delhi Board,7th Grade,Social Science,Hindi,Partial,"Partial Coverage of videos, lessons and private publishers"
Delhi Board,7th Grade,English,Hindi,No,
Delhi Board,7th Grade,Environmental Studies,Hindi,No,
Delhi Board,7th Grade,Computer Applications,Hindi,No,
Delhi Board,7th Grade,Information Technology,Hindi,No,
Delhi Board,7th Grade,Artificial Intelligence,Hindi,No,
Delhi Board,7th Grade,Physical Education,Hindi,No,
Delhi Board,7th Grade,Art Education,Hindi,No,
Delhi Board,7th Grade,Work Education,Hindi,No,
Delhi Board,7th Grade,English,Hindi,No,
Delhi Board,7th Grade,Hindi,Hindi,No,
Delhi Board,7th Grade,Sanskrit,Hindi,No,
Delhi Board,7th Grade,Urdu,Hindi,No,
Delhi Board,7th Grade,French,Hindi,No,
Delhi Board,7th Grade,German,Hindi,No,
Delhi Board,7th Grade,Spanish,Hindi,No,
Delhi Board,7th Grade,Assamese,Hindi,No,
Delhi Board,7th Grade,Bengali,Hindi,No,
Delhi Board,7th Grade,Bodo,Hindi,No,
Delhi Board,7th Grade,Dogri,Hindi,No,
Delhi Board,7th Grade,Gujarati,Hindi,No,
Delhi Board,7th Grade,Kannada,Hindi,No,
Delhi Board,7th Grade,Kashmiri,Hindi,No,
Delhi Board,7th Grade,Konkani,Hindi,No,
Delhi Board,7th Grade,Maithili,Hindi,No,
Delhi Board,7th Grade,Malayalam,Hindi,No,
Delhi Board,7th Grade,Manipuri (Meitei),Hindi,No,
Delhi Board,7th Grade,Marathi,Hindi,No,
Delhi Board,7th Grade,Nepali,Hindi,No,
Delhi Board,7th Grade,Odia,Hindi,No,
Delhi Board,7th Grade,Punjabi,Hindi,No,
Delhi Board,7th Grade,Sindhi,Hindi,No,
Delhi Board,7th Grade,Tamil,Hindi,No,
Delhi Board,7th Grade,Telugu,Hindi,No,
Delhi Board,7th Grade,Urdu,Hindi,No,
Delhi Board,8th Grade,Science,Hindi,Partial,"Partial Coverage of videos, lessons and private publishers"
Delhi Board,8th Grade,Mathematics,Hindi,Partial,"Partial Coverage of videos, lessons and private publishers"
Delhi Board,8th Grade,Social Science,Hindi,Partial,"Partial Coverage of videos, lessons and private publishers"
Delhi Board,8th Grade,English,Hindi,No,
Delhi Board,8th Grade,Environmental Studies,Hindi,No,
Delhi Board,8th Grade,Computer Applications,Hindi,No,
Delhi Board,8th Grade,Information Technology,Hindi,No,
Delhi Board,8th Grade,Artificial Intelligence,Hindi,No,
Delhi Board,8th Grade,Physical Education,Hindi,No,
Delhi Board,8th Grade,Art Education,Hindi,No,
Delhi Board,8th Grade,Work Education,Hindi,No,
Delhi Board,8th Grade,English,Hindi,No,
Delhi Board,8th Grade,Hindi,Hindi,No,
Delhi Board,8th Grade,Sanskrit,Hindi,No,
Delhi Board,8th Grade,Urdu,Hindi,No,
Delhi Board,8th Grade,French,Hindi,No,
Delhi Board,8th Grade,German,Hindi,No,
Delhi Board,8th Grade,Spanish,Hindi,No,
Delhi Board,8th Grade,Assamese,Hindi,No,
Delhi Board,8th Grade,Bengali,Hindi,No,
Delhi Board,8th Grade,Bodo,Hindi,No,
Delhi Board,8th Grade,Dogri,Hindi,No,
Delhi Board,8th Grade,Gujarati,Hindi,No,
Delhi Board,8th Grade,Kannada,Hindi,No,
Delhi Board,8th Grade,Kashmiri,Hindi,No,
Delhi Board,8th Grade,Konkani,Hindi,No,
Delhi Board,8th Grade,Maithili,Hindi,No,
Delhi Board,8th Grade,Malayalam,Hindi,No,
Delhi Board,8th Grade,Manipuri (Meitei),Hindi,No,
Delhi Board,8th Grade,Marathi,Hindi,No,
Delhi Board,8th Grade,Nepali,Hindi,No,
Delhi Board,8th Grade,Odia,Hindi,No,
Delhi Board,8th Grade,Punjabi,Hindi,No,
Delhi Board,8th Grade,Sindhi,Hindi,No,
Delhi Board,8th Grade,Tamil,Hindi,No,
Delhi Board,8th Grade,Telugu,Hindi,No,
Delhi Board,8th Grade,Urdu,Hindi,No,
Delhi Board,9th Grade,Science,Hindi,Partial,"Partial Coverage of videos, lessons and private publishers"
Delhi Board,9th Grade,Mathematics,Hindi,Partial,"Partial Coverage of videos, lessons and private publishers"
Delhi Board,9th Grade,Social Science,Hindi,Partial,"Partial Coverage of videos, lessons and private publishers"
Delhi Board,9th Grade,English,Hindi,No,
Delhi Board,9th Grade,Environmental Studies,Hindi,No,
Delhi Board,9th Grade,Computer Applications,Hindi,No,
Delhi Board,9th Grade,Information Technology,Hindi,No,
Delhi Board,9th Grade,Artificial Intelligence,Hindi,No,
Delhi Board,9th Grade,Physical Education,Hindi,No,
Delhi Board,9th Grade,Art Education,Hindi,No,
Delhi Board,9th Grade,Work Education,Hindi,No,
Delhi Board,9th Grade,English,Hindi,No,
Delhi Board,9th Grade,Hindi,Hindi,No,
Delhi Board,9th Grade,Sanskrit,Hindi,No,
Delhi Board,9th Grade,Urdu,Hindi,No,
Delhi Board,9th Grade,French,Hindi,No,
Delhi Board,9th Grade,German,Hindi,No,
Delhi Board,9th Grade,Spanish,Hindi,No,
Delhi Board,9th Grade,Assamese,Hindi,No,
Delhi Board,9th Grade,Bengali,Hindi,No,
Delhi Board,9th Grade,Bodo,Hindi,No,
Delhi Board,9th Grade,Dogri,Hindi,No,
Delhi Board,9th Grade,Gujarati,Hindi,No,
Delhi Board,9th Grade,Kannada,Hindi,No,
Delhi Board,9th Grade,Kashmiri,Hindi,No,
Delhi Board,9th Grade,Konkani,Hindi,No,
Delhi Board,9th Grade,Maithili,Hindi,No,
Delhi Board,9th Grade,Malayalam,Hindi,No,
Delhi Board,9th Grade,Manipuri (Meitei),Hindi,No,
Delhi Board,9th Grade,Marathi,Hindi,No,
Delhi Board,9th Grade,Nepali,Hindi,No,
Delhi Board,9th Grade,Odia,Hindi,No,
Delhi Board,9th Grade,Punjabi,Hindi,No,
Delhi Board,9th Grade,Sindhi,Hindi,No,
Delhi Board,9th Grade,Tamil,Hindi,No,
Delhi Board,9th Grade,Telugu,Hindi,No,
Delhi Board,9th Grade,Urdu,Hindi,No,
Delhi Board,10th Grade,Science,Hindi,Partial,"Partial Coverage of videos, lessons and private publishers"
Delhi Board,10th Grade,Mathematics,Hindi,Partial,"Partial Coverage of videos, lessons and private publishers"
Delhi Board,10th Grade,Social Science,Hindi,Partial,"Partial Coverage of videos, lessons and private publishers"
Delhi Board,10th Grade,English,Hindi,No,
Delhi Board,10th Grade,Environmental Studies,Hindi,No,
Delhi Board,10th Grade,Computer Applications,Hindi,No,
Delhi Board,10th Grade,Information Technology,Hindi,No,
Delhi Board,10th Grade,Artificial Intelligence,Hindi,No,
Delhi Board,10th Grade,Physical Education,Hindi,No,
Delhi Board,10th Grade,Art Education,Hindi,No,
Delhi Board,10th Grade,Work Education,Hindi,No,
Delhi Board,10th Grade,English,Hindi,No,
Delhi Board,10th Grade,Hindi,Hindi,No,
Delhi Board,10th Grade,Sanskrit,Hindi,No,
Delhi Board,10th Grade,Urdu,Hindi,No,
Delhi Board,10th Grade,French,Hindi,No,
Delhi Board,10th Grade,German,Hindi,No,
Delhi Board,10th Grade,Spanish,Hindi,No,
Delhi Board,10th Grade,Assamese,Hindi,No,
Delhi Board,10th Grade,Bengali,Hindi,No,
Delhi Board,10th Grade,Bodo,Hindi,No,
Delhi Board,10th Grade,Dogri,Hindi,No,
Delhi Board,10th Grade,Gujarati,Hindi,No,
Delhi Board,10th Grade,Kannada,Hindi,No,
Delhi Board,10th Grade,Kashmiri,Hindi,No,
Delhi Board,10th Grade,Konkani,Hindi,No,
Delhi Board,10th Grade,Maithili,Hindi,No,
Delhi Board,10th Grade,Malayalam,Hindi,No,
Delhi Board,10th Grade,Manipuri (Meitei),Hindi,No,
Delhi Board,10th Grade,Marathi,Hindi,No,
Delhi Board,10th Grade,Nepali,Hindi,No,
Delhi Board,10th Grade,Odia,Hindi,No,
Delhi Board,10th Grade,Punjabi,Hindi,No,
Delhi Board,10th Grade,Sindhi,Hindi,No,
Delhi Board,10th Grade,Tamil,Hindi,No,
Delhi Board,10th Grade,Telugu,Hindi,No,
Delhi Board,10th Grade,Urdu,Hindi,No,
Delhi Board,11th Grade,Physics,Hindi,Partial,"Partial Coverage of videos, lessons and private publishers"
Delhi Board,11th Grade,Chemistry,Hindi,Partial,"Partial Coverage of videos, lessons and private publishers"
Delhi Board,11th Grade,Mathematics,Hindi,Partial,"Partial Coverage of videos, lessons and private publishers"
Delhi Board,11th Grade,Biology,Hindi,Partial,"Partial Coverage of videos, lessons and private publishers"
Delhi Board,11th Grade,Accountancy,Hindi,No,
Delhi Board,11th Grade,Business Studies,Hindi,No,
Delhi Board,11th Grade,Economics,Hindi,No,
Delhi Board,11th Grade,English,Hindi,No,
Delhi Board,11th Grade,Geography,Hindi,No,
Delhi Board,11th Grade,History,Hindi,No,
Delhi Board,11th Grade,Political Science,Hindi,No,
Delhi Board,11th Grade,Psychology,Hindi,No,
Delhi Board,11th Grade,Applied Mathematics,Hindi,No,
Delhi Board,11th Grade,Computer Science,Hindi,No,
Delhi Board,11th Grade,Informatics Practices,Hindi,No,
Delhi Board,11th Grade,Artificial Intelligence,Hindi,No,
Delhi Board,11th Grade,Biotechnology,Hindi,No,
Delhi Board,11th Grade,Engineering Graphics,Hindi,No,
Delhi Board,11th Grade,Environmental Science,Hindi,No,
Delhi Board,11th Grade,Sociology,Hindi,No,
Delhi Board,11th Grade,Philosophy,Hindi,No,
Delhi Board,11th Grade,Home Science,Hindi,No,
Delhi Board,11th Grade,Legal Studies,Hindi,No,
Delhi Board,11th Grade,Accountancy,Hindi,No,
Delhi Board,11th Grade,Business Studies,Hindi,No,
Delhi Board,11th Grade,Entrepreneurship,Hindi,No,
Delhi Board,11th Grade,Financial Markets Management,Hindi,No,
Delhi Board,11th Grade,Statistics,Hindi,No,
Delhi Board,11th Grade,Fine Arts,Hindi,No,
Delhi Board,11th Grade,Music,Hindi,No,
Delhi Board,11th Grade,Physical Education,Hindi,No,
Delhi Board,11th Grade,Yoga,Hindi,No,
Delhi Board,11th Grade,English,Hindi,No,
Delhi Board,11th Grade,Hindi,Hindi,No,
Delhi Board,11th Grade,Sanskrit,Hindi,No,
Delhi Board,11th Grade,Urdu,Hindi,No,
Delhi Board,11th Grade,French,Hindi,No,
Delhi Board,11th Grade,German,Hindi,No,
Delhi Board,11th Grade,Spanish,Hindi,No,
Delhi Board,11th Grade,Arabic,Hindi,No,
Delhi Board,11th Grade,Persian,Hindi,No,
Delhi Board,11th Grade,Tibetan,Hindi,No,
Delhi Board,11th Grade,Japanese,Hindi,No,
Delhi Board,12th Grade,Physics,Hindi,Partial,"Partial Coverage of videos, lessons and private publishers"
Delhi Board,12th Grade,Chemistry,Hindi,Partial,"Partial Coverage of videos, lessons and private publishers"
Delhi Board,12th Grade,Mathematics,Hindi,Partial,"Partial Coverage of videos, lessons and private publishers"
Delhi Board,12th Grade,Biology,Hindi,Partial,"Partial Coverage of videos, lessons and private publishers"
Delhi Board,12th Grade,Accountancy,Hindi,No,
Delhi Board,12th Grade,Business Studies,Hindi,No,
Delhi Board,12th Grade,Economics,Hindi,No,
Delhi Board,12th Grade,English,Hindi,No,
Delhi Board,12th Grade,Geography,Hindi,No,
Delhi Board,12th Grade,History,Hindi,No,
Delhi Board,12th Grade,Political Science,Hindi,No,
Delhi Board,12th Grade,Psychology,Hindi,No,
Delhi Board,12th Grade,Applied Mathematics,Hindi,No,
Delhi Board,12th Grade,Computer Science,Hindi,No,
Delhi Board,12th Grade,Informatics Practices,Hindi,No,
Delhi Board,12th Grade,Artificial Intelligence,Hindi,No,
Delhi Board,12th Grade,Biotechnology,Hindi,No,
Delhi Board,12th Grade,Engineering Graphics,Hindi,No,
Delhi Board,12th Grade,Environmental Science,Hindi,No,
Delhi Board,12th Grade,Sociology,Hindi,No,
Delhi Board,12th Grade,Philosophy,Hindi,No,
Delhi Board,12th Grade,Home Science,Hindi,No,
Delhi Board,12th Grade,Legal Studies,Hindi,No,
Delhi Board,12th Grade,Accountancy,Hindi,No,
Delhi Board,12th Grade,Business Studies,Hindi,No,
Delhi Board,12th Grade,Entrepreneurship,Hindi,No,
Delhi Board,12th Grade,Financial Markets Management,Hindi,No,
Delhi Board,12th Grade,Statistics,Hindi,No,
Delhi Board,12th Grade,Fine Arts,Hindi,No,
Delhi Board,12th Grade,Music,Hindi,No,
Delhi Board,12th Grade,Physical Education,Hindi,No,
Delhi Board,12th Grade,Yoga,Hindi,No,
Delhi Board,12th Grade,English,Hindi,No,
Delhi Board,12th Grade,Hindi,Hindi,No,
Delhi Board,12th Grade,Sanskrit,Hindi,No,
Delhi Board,12th Grade,Urdu,Hindi,No,
Delhi Board,12th Grade,French,Hindi,No,
Delhi Board,12th Grade,German,Hindi,No,
Delhi Board,12th Grade,Spanish,Hindi,No,
Delhi Board,12th Grade,Arabic,Hindi,No,
Delhi Board,12th Grade,Persian,Hindi,No,
Delhi Board,12th Grade,Tibetan,Hindi,No,
Delhi Board,12th Grade,Japanese,Hindi,No,
Goa Board,1st Grade,Mathematics,English,No,
Goa Board,1st Grade,Environmental Studies,English,No,
Goa Board,1st Grade,Computer Awareness,English,No,
Goa Board,1st Grade,General Knowledge,English,No,
Goa Board,1st Grade,Moral Education,English,No,
Goa Board,1st Grade,Physical Education,English,No,
Goa Board,1st Grade,Art & Craft,English,No,
Goa Board,1st Grade,Work Education,English,No,
Goa Board,1st Grade,English,English,No,
Goa Board,1st Grade,Konkani,English,No,
Goa Board,1st Grade,Marathi,English,No,
Goa Board,1st Grade,Hindi,English,No,
Goa Board,2nd Grade,Mathematics,English,No,
Goa Board,2nd Grade,Environmental Studies,English,No,
Goa Board,2nd Grade,Computer Awareness,English,No,
Goa Board,2nd Grade,General Knowledge,English,No,
Goa Board,2nd Grade,Moral Education,English,No,
Goa Board,2nd Grade,Physical Education,English,No,
Goa Board,2nd Grade,Art & Craft,English,No,
Goa Board,2nd Grade,Work Education,English,No,
Goa Board,2nd Grade,English,English,No,
Goa Board,2nd Grade,Konkani,English,No,
Goa Board,2nd Grade,Marathi,English,No,
Goa Board,2nd Grade,Hindi,English,No,
Goa Board,3rd Grade,Mathematics,English,No,
Goa Board,3rd Grade,Environmental Studies,English,No,
Goa Board,3rd Grade,Computer Awareness,English,No,
Goa Board,3rd Grade,General Knowledge,English,No,
Goa Board,3rd Grade,Moral Education,English,No,
Goa Board,3rd Grade,Physical Education,English,No,
Goa Board,3rd Grade,Art & Craft,English,No,
Goa Board,3rd Grade,Work Education,English,No,
Goa Board,3rd Grade,English,English,No,
Goa Board,3rd Grade,Konkani,English,No,
Goa Board,3rd Grade,Marathi,English,No,
Goa Board,3rd Grade,Hindi,English,No,
Goa Board,4th Grade,Mathematics,English,No,
Goa Board,4th Grade,Environmental Studies,English,No,
Goa Board,4th Grade,Computer Awareness,English,No,
Goa Board,4th Grade,General Knowledge,English,No,
Goa Board,4th Grade,Moral Education,English,No,
Goa Board,4th Grade,Physical Education,English,No,
Goa Board,4th Grade,Art & Craft,English,No,
Goa Board,4th Grade,Work Education,English,No,
Goa Board,4th Grade,English,English,No,
Goa Board,4th Grade,Konkani,English,No,
Goa Board,4th Grade,Marathi,English,No,
Goa Board,4th Grade,Hindi,English,No,
Goa Board,5th Grade,Mathematics,English,No,
Goa Board,5th Grade,Environmental Studies,English,No,
Goa Board,5th Grade,Computer Awareness,English,No,
Goa Board,5th Grade,General Knowledge,English,No,
Goa Board,5th Grade,Moral Education,English,No,
Goa Board,5th Grade,Physical Education,English,No,
Goa Board,5th Grade,Art & Craft,English,No,
Goa Board,5th Grade,Work Education,English,No,
Goa Board,5th Grade,English,English,No,
Goa Board,5th Grade,Konkani,English,No,
Goa Board,5th Grade,Marathi,English,No,
Goa Board,5th Grade,Hindi,English,No,
Goa Board,6th Grade,Mathematics,English,Yes,
Goa Board,6th Grade,Science,English,Yes,
Goa Board,6th Grade,Social Science,English,Partial,"Deficiency of Videos, Lessons and Pvt Publication Books"
Goa Board,6th Grade,Environmental Studies,English,No,
Goa Board,6th Grade,Computer Education,English,No,
Goa Board,6th Grade,Physical Education,English,No,
Goa Board,6th Grade,Art Education,English,No,
Goa Board,6th Grade,Work Education,English,No,
Goa Board,6th Grade,English,English,No,
Goa Board,6th Grade,Konkani,English,No,
Goa Board,6th Grade,Marathi,English,No,
Goa Board,6th Grade,Hindi,English,No,
Goa Board,7th Grade,Mathematics,English,Yes,
Goa Board,7th Grade,Science,English,Yes,
Goa Board,7th Grade,Social Science,English,Partial,"Deficiency of Videos, Lessons and Pvt Publication Books"
Goa Board,7th Grade,Environmental Studies,English,No,
Goa Board,7th Grade,Computer Education,English,No,
Goa Board,7th Grade,Physical Education,English,No,
Goa Board,7th Grade,Art Education,English,No,
Goa Board,7th Grade,Work Education,English,No,
Goa Board,7th Grade,English,English,No,
Goa Board,7th Grade,Konkani,English,No,
Goa Board,7th Grade,Marathi,English,No,
Goa Board,7th Grade,Hindi,English,No,
Goa Board,8th Grade,Mathematics,English,Yes,
Goa Board,8th Grade,Science,English,Yes,
Goa Board,8th Grade,Social Science,English,Partial,"Deficiency of Videos, Lessons and Pvt Publication Books"
Goa Board,8th Grade,Environmental Studies,English,No,
Goa Board,8th Grade,Computer Education,English,No,
Goa Board,8th Grade,Physical Education,English,No,
Goa Board,8th Grade,Art Education,English,No,
Goa Board,8th Grade,Work Education,English,No,
Goa Board,8th Grade,English,English,No,
Goa Board,8th Grade,Konkani,English,No,
Goa Board,8th Grade,Marathi,English,No,
Goa Board,8th Grade,Hindi,English,No,
Goa Board,9th Grade,Mathematics,English,Yes,
Goa Board,9th Grade,Science,English,Yes,
Goa Board,9th Grade,Social Science,English,Partial,"Deficiency of Videos, Lessons and Pvt Publication Books"
Goa Board,9th Grade,Environmental Studies,English,No,
Goa Board,9th Grade,Computer Education,English,No,
Goa Board,9th Grade,Physical Education,English,No,
Goa Board,9th Grade,Art Education,English,No,
Goa Board,9th Grade,Work Education,English,No,
Goa Board,9th Grade,English,English,No,
Goa Board,9th Grade,Konkani,English,No,
Goa Board,9th Grade,Marathi,English,No,
Goa Board,9th Grade,Hindi,English,No,
Goa Board,10th Grade,Mathematics,English,Yes,
Goa Board,10th Grade,Science,English,Yes,
Goa Board,10th Grade,Social Science,English,Partial,"Deficiency of Videos, Lessons and Pvt Publication Books"
Goa Board,10th Grade,Environmental Studies,English,No,
Goa Board,10th Grade,Computer Education,English,No,
Goa Board,10th Grade,Physical Education,English,No,
Goa Board,10th Grade,Art Education,English,No,
Goa Board,10th Grade,Work Education,English,No,
Goa Board,10th Grade,English,English,No,
Goa Board,10th Grade,Konkani,English,No,
Goa Board,10th Grade,Marathi,English,No,
Goa Board,10th Grade,Hindi,English,No,
Goa Board,11th Grade,Physics,English,Yes,
Goa Board,11th Grade,Chemistry,English,Yes,
Goa Board,11th Grade,Mathematics,English,Yes,
Goa Board,11th Grade,Biology,English,Yes,
Goa Board,11th Grade,Computer Science,English,No,
Goa Board,11th Grade,Informatics Practices,English,No,
Goa Board,11th Grade,Environmental Science,English,No,
Goa Board,11th Grade,Economics,English,No,
Goa Board,11th Grade,History,English,No,
Goa Board,11th Grade,Geography,English,No,
Goa Board,11th Grade,Political Science,English,No,
Goa Board,11th Grade,Sociology,English,No,
Goa Board,11th Grade,Psychology,English,No,
Goa Board,11th Grade,Philosophy,English,No,
Goa Board,11th Grade,Home Science,English,No,
Goa Board,11th Grade,Accountancy,English,No,
Goa Board,11th Grade,Business Studies,English,No,
Goa Board,11th Grade,Entrepreneurship,English,No,
Goa Board,11th Grade,Statistics,English,No,
Goa Board,11th Grade,Biotechnology,English,No,
Goa Board,11th Grade,English,English,No,
Goa Board,11th Grade,Hindi,English,No,
Goa Board,11th Grade,Konkani,English,No,
Goa Board,11th Grade,Marathi,English,No,
Goa Board,11th Grade,Portuguese,English,No,
Goa Board,12th Grade,Physics,English,Yes,
Goa Board,12th Grade,Chemistry,English,Yes,
Goa Board,12th Grade,Mathematics,English,Yes,
Goa Board,12th Grade,Biology,English,Yes,
Goa Board,12th Grade,Computer Science,English,No,
Goa Board,12th Grade,Informatics Practices,English,No,
Goa Board,12th Grade,Environmental Science,English,No,
Goa Board,12th Grade,Economics,English,No,
Goa Board,12th Grade,History,English,No,
Goa Board,12th Grade,Geography,English,No,
Goa Board,12th Grade,Political Science,English,No,
Goa Board,12th Grade,Sociology,English,No,
Goa Board,12th Grade,Psychology,English,No,
Goa Board,12th Grade,Philosophy,English,No,
Goa Board,12th Grade,Home Science,English,No,
Goa Board,12th Grade,Accountancy,English,No,
Goa Board,12th Grade,Business Studies,English,No,
Goa Board,12th Grade,Entrepreneurship,English,No,
Goa Board,12th Grade,Statistics,English,No,
Goa Board,12th Grade,Biotechnology,English,No,
Goa Board,12th Grade,English,English,No,
Goa Board,12th Grade,Hindi,English,No,
Goa Board,12th Grade,Konkani,English,No,
Goa Board,12th Grade,Marathi,English,No,
Goa Board,12th Grade,Portuguese,English,No,
Gujarat Board,1st Grade,Mathematics,English,No,
Gujarat Board,1st Grade,Environmental Studies,English,No,
Gujarat Board,1st Grade,Computer Awareness,English,No,
Gujarat Board,1st Grade,General Knowledge,English,No,
Gujarat Board,1st Grade,Moral Education,English,No,
Gujarat Board,1st Grade,Physical Education,English,No,
Gujarat Board,1st Grade,Art & Craft,English,No,
Gujarat Board,1st Grade,Work Education,English,No,
Gujarat Board,1st Grade,English,English,No,
Gujarat Board,1st Grade,Gujarati,English,No,
Gujarat Board,1st Grade,Hindi,English,No,
Gujarat Board,1st Grade,Urdu,English,No,
Gujarat Board,2nd Grade,Mathematics,English,No,
Gujarat Board,2nd Grade,Environmental Studies,English,No,
Gujarat Board,2nd Grade,Computer Awareness,English,No,
Gujarat Board,2nd Grade,General Knowledge,English,No,
Gujarat Board,2nd Grade,Moral Education,English,No,
Gujarat Board,2nd Grade,Physical Education,English,No,
Gujarat Board,2nd Grade,Art & Craft,English,No,
Gujarat Board,2nd Grade,Work Education,English,No,
Gujarat Board,2nd Grade,English,English,No,
Gujarat Board,2nd Grade,Gujarati,English,No,
Gujarat Board,2nd Grade,Hindi,English,No,
Gujarat Board,2nd Grade,Urdu,English,No,
Gujarat Board,3rd Grade,Mathematics,English,No,
Gujarat Board,3rd Grade,Environmental Studies,English,No,
Gujarat Board,3rd Grade,Computer Awareness,English,No,
Gujarat Board,3rd Grade,General Knowledge,English,No,
Gujarat Board,3rd Grade,Moral Education,English,No,
Gujarat Board,3rd Grade,Physical Education,English,No,
Gujarat Board,3rd Grade,Art & Craft,English,No,
Gujarat Board,3rd Grade,Work Education,English,No,
Gujarat Board,3rd Grade,English,English,No,
Gujarat Board,3rd Grade,Gujarati,English,No,
Gujarat Board,3rd Grade,Hindi,English,No,
Gujarat Board,3rd Grade,Urdu,English,No,
Gujarat Board,4th Grade,Mathematics,English,No,
Gujarat Board,4th Grade,Environmental Studies,English,No,
Gujarat Board,4th Grade,Computer Awareness,English,No,
Gujarat Board,4th Grade,General Knowledge,English,No,
Gujarat Board,4th Grade,Moral Education,English,No,
Gujarat Board,4th Grade,Physical Education,English,No,
Gujarat Board,4th Grade,Art & Craft,English,No,
Gujarat Board,4th Grade,Work Education,English,No,
Gujarat Board,4th Grade,English,English,No,
Gujarat Board,4th Grade,Gujarati,English,No,
Gujarat Board,4th Grade,Hindi,English,No,
Gujarat Board,4th Grade,Urdu,English,No,
Gujarat Board,5th Grade,Mathematics,English,No,
Gujarat Board,5th Grade,Environmental Studies,English,No,
Gujarat Board,5th Grade,Computer Awareness,English,No,
Gujarat Board,5th Grade,General Knowledge,English,No,
Gujarat Board,5th Grade,Moral Education,English,No,
Gujarat Board,5th Grade,Physical Education,English,No,
Gujarat Board,5th Grade,Art & Craft,English,No,
Gujarat Board,5th Grade,Work Education,English,No,
Gujarat Board,5th Grade,English,English,No,
Gujarat Board,5th Grade,Gujarati,English,No,
Gujarat Board,5th Grade,Hindi,English,No,
Gujarat Board,5th Grade,Urdu,English,No,
Gujarat Board,6th Grade,Mathematics,English,Yes,
Gujarat Board,6th Grade,Science,English,Yes,
Gujarat Board,6th Grade,Social Science,English,No,
Gujarat Board,6th Grade,Environmental Studies,English,No,
Gujarat Board,6th Grade,Computer Education,English,No,
Gujarat Board,6th Grade,Physical Education,English,No,
Gujarat Board,6th Grade,Art Education,English,No,
Gujarat Board,6th Grade,Work Education,English,No,
Gujarat Board,6th Grade,English,English,No,
Gujarat Board,6th Grade,Gujarati,English,No,
Gujarat Board,6th Grade,Hindi,English,No,
Gujarat Board,6th Grade,Sanskrit,English,No,
Gujarat Board,6th Grade,Urdu,English,No,
Gujarat Board,7th Grade,Mathematics,English,Yes,
Gujarat Board,7th Grade,Science,English,Yes,
Gujarat Board,7th Grade,Social Science,English,No,
Gujarat Board,7th Grade,Environmental Studies,English,No,
Gujarat Board,7th Grade,Computer Education,English,No,
Gujarat Board,7th Grade,Physical Education,English,No,
Gujarat Board,7th Grade,Art Education,English,No,
Gujarat Board,7th Grade,Work Education,English,No,
Gujarat Board,7th Grade,English,English,No,
Gujarat Board,7th Grade,Gujarati,English,No,
Gujarat Board,7th Grade,Hindi,English,No,
Gujarat Board,7th Grade,Sanskrit,English,No,
Gujarat Board,7th Grade,Urdu,English,No,
Gujarat Board,8th Grade,Mathematics,English,Yes,
Gujarat Board,8th Grade,Science,English,Yes,
Gujarat Board,8th Grade,Social Science,English,No,
Gujarat Board,8th Grade,Environmental Studies,English,No,
Gujarat Board,8th Grade,Computer Education,English,No,
Gujarat Board,8th Grade,Physical Education,English,No,
Gujarat Board,8th Grade,Art Education,English,No,
Gujarat Board,8th Grade,Work Education,English,No,
Gujarat Board,8th Grade,English,English,No,
Gujarat Board,8th Grade,Gujarati,English,No,
Gujarat Board,8th Grade,Hindi,English,No,
Gujarat Board,8th Grade,Sanskrit,English,No,
Gujarat Board,8th Grade,Urdu,English,No,
Gujarat Board,9th Grade,Mathematics,English,Yes,
Gujarat Board,9th Grade,Science,English,Yes,
Gujarat Board,9th Grade,Social Science,English,No,
Gujarat Board,9th Grade,Environmental Studies,English,No,
Gujarat Board,9th Grade,Computer Education,English,No,
Gujarat Board,9th Grade,Physical Education,English,No,
Gujarat Board,9th Grade,Art Education,English,No,
Gujarat Board,9th Grade,Work Education,English,No,
Gujarat Board,9th Grade,English,English,No,
Gujarat Board,9th Grade,Gujarati,English,No,
Gujarat Board,9th Grade,Hindi,English,No,
Gujarat Board,9th Grade,Sanskrit,English,No,
Gujarat Board,9th Grade,Urdu,English,No,
Gujarat Board,10th Grade,Mathematics,English,Yes,
Gujarat Board,10th Grade,Science,English,Yes,
Gujarat Board,10th Grade,Social Science,English,No,
Gujarat Board,10th Grade,Environmental Studies,English,No,
Gujarat Board,10th Grade,Computer Education,English,No,
Gujarat Board,10th Grade,Physical Education,English,No,
Gujarat Board,10th Grade,Art Education,English,No,
Gujarat Board,10th Grade,Work Education,English,No,
Gujarat Board,10th Grade,English,English,No,
Gujarat Board,10th Grade,Gujarati,English,No,
Gujarat Board,10th Grade,Hindi,English,No,
Gujarat Board,10th Grade,Sanskrit,English,No,
Gujarat Board,10th Grade,Urdu,English,No,
Gujarat Board,11th Grade,Physics,English,Yes,
Gujarat Board,11th Grade,Chemistry,English,Yes,
Gujarat Board,11th Grade,Mathematics,English,Yes,
Gujarat Board,11th Grade,Biology,English,Yes,
Gujarat Board,11th Grade,Computer Science,English,No,
Gujarat Board,11th Grade,Environmental Science,English,No,
Gujarat Board,11th Grade,Economics,English,No,
Gujarat Board,11th Grade,History,English,No,
Gujarat Board,11th Grade,Geography,English,No,
Gujarat Board,11th Grade,Political Science,English,No,
Gujarat Board,11th Grade,Sociology,English,No,
Gujarat Board,11th Grade,Psychology,English,No,
Gujarat Board,11th Grade,Philosophy,English,No,
Gujarat Board,11th Grade,Home Science,English,No,
Gujarat Board,11th Grade,Accountancy,English,No,
Gujarat Board,11th Grade,Business Studies,English,No,
Gujarat Board,11th Grade,Entrepreneurship,English,No,
Gujarat Board,11th Grade,Statistics,English,No,
Gujarat Board,11th Grade,Agriculture,English,No,
Gujarat Board,11th Grade,Biotechnology,English,No,
Gujarat Board,11th Grade,English,English,No,
Gujarat Board,11th Grade,Hindi,English,No,
Gujarat Board,11th Grade,Gujarati,English,No,
Gujarat Board,11th Grade,Sanskrit,English,No,
Gujarat Board,11th Grade,Urdu,English,No,
Gujarat Board,12th Grade,Physics,English,Yes,
Gujarat Board,12th Grade,Chemistry,English,Yes,
Gujarat Board,12th Grade,Mathematics,English,Yes,
Gujarat Board,12th Grade,Biology,English,Yes,
Gujarat Board,12th Grade,Computer Science,English,No,
Gujarat Board,12th Grade,Environmental Science,English,No,
Gujarat Board,12th Grade,Economics,English,No,
Gujarat Board,12th Grade,History,English,No,
Gujarat Board,12th Grade,Geography,English,No,
Gujarat Board,12th Grade,Political Science,English,No,
Gujarat Board,12th Grade,Sociology,English,No,
Gujarat Board,12th Grade,Psychology,English,No,
Gujarat Board,12th Grade,Philosophy,English,No,
Gujarat Board,12th Grade,Home Science,English,No,
Gujarat Board,12th Grade,Accountancy,English,No,
Gujarat Board,12th Grade,Business Studies,English,No,
Gujarat Board,12th Grade,Entrepreneurship,English,No,
Gujarat Board,12th Grade,Statistics,English,No,
Gujarat Board,12th Grade,Agriculture,English,No,
Gujarat Board,12th Grade,Biotechnology,English,No,
Gujarat Board,12th Grade,English,English,No,
Gujarat Board,12th Grade,Hindi,English,No,
Gujarat Board,12th Grade,Gujarati,English,No,
Gujarat Board,12th Grade,Sanskrit,English,No,
Gujarat Board,12th Grade,Urdu,English,No,
Gujarat Board,1st Grade,Mathematics,Gujarati,No,
Gujarat Board,1st Grade,Environmental Studies,Gujarati,No,
Gujarat Board,1st Grade,Computer Awareness,Gujarati,No,
Gujarat Board,1st Grade,General Knowledge,Gujarati,No,
Gujarat Board,1st Grade,Moral Education,Gujarati,No,
Gujarat Board,1st Grade,Physical Education,Gujarati,No,
Gujarat Board,1st Grade,Art & Craft,Gujarati,No,
Gujarat Board,1st Grade,Work Education,Gujarati,No,
Gujarat Board,1st Grade,English,Gujarati,No,
Gujarat Board,1st Grade,Gujarati,Gujarati,No,
Gujarat Board,1st Grade,Hindi,Gujarati,No,
Gujarat Board,1st Grade,Urdu,Gujarati,No,
Gujarat Board,2nd Grade,Mathematics,Gujarati,No,
Gujarat Board,2nd Grade,Environmental Studies,Gujarati,No,
Gujarat Board,2nd Grade,Computer Awareness,Gujarati,No,
Gujarat Board,2nd Grade,General Knowledge,Gujarati,No,
Gujarat Board,2nd Grade,Moral Education,Gujarati,No,
Gujarat Board,2nd Grade,Physical Education,Gujarati,No,
Gujarat Board,2nd Grade,Art & Craft,Gujarati,No,
Gujarat Board,2nd Grade,Work Education,Gujarati,No,
Gujarat Board,2nd Grade,English,Gujarati,No,
Gujarat Board,2nd Grade,Gujarati,Gujarati,No,
Gujarat Board,2nd Grade,Hindi,Gujarati,No,
Gujarat Board,2nd Grade,Urdu,Gujarati,No,
Gujarat Board,3rd Grade,Mathematics,Gujarati,No,
Gujarat Board,3rd Grade,Environmental Studies,Gujarati,No,
Gujarat Board,3rd Grade,Computer Awareness,Gujarati,No,
Gujarat Board,3rd Grade,General Knowledge,Gujarati,No,
Gujarat Board,3rd Grade,Moral Education,Gujarati,No,
Gujarat Board,3rd Grade,Physical Education,Gujarati,No,
Gujarat Board,3rd Grade,Art & Craft,Gujarati,No,
Gujarat Board,3rd Grade,Work Education,Gujarati,No,
Gujarat Board,3rd Grade,English,Gujarati,No,
Gujarat Board,3rd Grade,Gujarati,Gujarati,No,
Gujarat Board,3rd Grade,Hindi,Gujarati,No,
Gujarat Board,3rd Grade,Urdu,Gujarati,No,
Gujarat Board,4th Grade,Mathematics,Gujarati,No,
Gujarat Board,4th Grade,Environmental Studies,Gujarati,No,
Gujarat Board,4th Grade,Computer Awareness,Gujarati,No,
Gujarat Board,4th Grade,General Knowledge,Gujarati,No,
Gujarat Board,4th Grade,Moral Education,Gujarati,No,
Gujarat Board,4th Grade,Physical Education,Gujarati,No,
Gujarat Board,4th Grade,Art & Craft,Gujarati,No,
Gujarat Board,4th Grade,Work Education,Gujarati,No,
Gujarat Board,4th Grade,English,Gujarati,No,
Gujarat Board,4th Grade,Gujarati,Gujarati,No,
Gujarat Board,4th Grade,Hindi,Gujarati,No,
Gujarat Board,4th Grade,Urdu,Gujarati,No,
Gujarat Board,5th Grade,Mathematics,Gujarati,No,
Gujarat Board,5th Grade,Environmental Studies,Gujarati,No,
Gujarat Board,5th Grade,Computer Awareness,Gujarati,No,
Gujarat Board,5th Grade,General Knowledge,Gujarati,No,
Gujarat Board,5th Grade,Moral Education,Gujarati,No,
Gujarat Board,5th Grade,Physical Education,Gujarati,No,
Gujarat Board,5th Grade,Art & Craft,Gujarati,No,
Gujarat Board,5th Grade,Work Education,Gujarati,No,
Gujarat Board,5th Grade,English,Gujarati,No,
Gujarat Board,5th Grade,Gujarati,Gujarati,No,
Gujarat Board,5th Grade,Hindi,Gujarati,No,
Gujarat Board,5th Grade,Urdu,Gujarati,No,
Gujarat Board,6th Grade,Mathematics,Gujarati,Partial,"Partial Coverage of videos, lessons and private publishers"
Gujarat Board,6th Grade,Science,Gujarati,Partial,"Partial Coverage of videos, lessons and private publishers"
Gujarat Board,6th Grade,Social Science,Gujarati,No,
Gujarat Board,6th Grade,Environmental Studies,Gujarati,No,
Gujarat Board,6th Grade,Computer Education,Gujarati,No,
Gujarat Board,6th Grade,Physical Education,Gujarati,No,
Gujarat Board,6th Grade,Art Education,Gujarati,No,
Gujarat Board,6th Grade,Work Education,Gujarati,No,
Gujarat Board,6th Grade,English,Gujarati,No,
Gujarat Board,6th Grade,Gujarati,Gujarati,No,
Gujarat Board,6th Grade,Hindi,Gujarati,No,
Gujarat Board,6th Grade,Sanskrit,Gujarati,No,
Gujarat Board,6th Grade,Urdu,Gujarati,No,
Gujarat Board,7th Grade,Mathematics,Gujarati,Partial,"Partial Coverage of videos, lessons and private publishers"
Gujarat Board,7th Grade,Science,Gujarati,Partial,"Partial Coverage of videos, lessons and private publishers"
Gujarat Board,7th Grade,Social Science,Gujarati,No,
Gujarat Board,7th Grade,Environmental Studies,Gujarati,No,
Gujarat Board,7th Grade,Computer Education,Gujarati,No,
Gujarat Board,7th Grade,Physical Education,Gujarati,No,
Gujarat Board,7th Grade,Art Education,Gujarati,No,
Gujarat Board,7th Grade,Work Education,Gujarati,No,
Gujarat Board,7th Grade,English,Gujarati,No,
Gujarat Board,7th Grade,Gujarati,Gujarati,No,
Gujarat Board,7th Grade,Hindi,Gujarati,No,
Gujarat Board,7th Grade,Sanskrit,Gujarati,No,
Gujarat Board,7th Grade,Urdu,Gujarati,No,
Gujarat Board,8th Grade,Mathematics,Gujarati,Partial,"Partial Coverage of videos, lessons and private publishers"
Gujarat Board,8th Grade,Science,Gujarati,Partial,"Partial Coverage of videos, lessons and private publishers"
Gujarat Board,8th Grade,Social Science,Gujarati,No,
Gujarat Board,8th Grade,Environmental Studies,Gujarati,No,
Gujarat Board,8th Grade,Computer Education,Gujarati,No,
Gujarat Board,8th Grade,Physical Education,Gujarati,No,
Gujarat Board,8th Grade,Art Education,Gujarati,No,
Gujarat Board,8th Grade,Work Education,Gujarati,No,
Gujarat Board,8th Grade,English,Gujarati,No,
Gujarat Board,8th Grade,Gujarati,Gujarati,No,
Gujarat Board,8th Grade,Hindi,Gujarati,No,
Gujarat Board,8th Grade,Sanskrit,Gujarati,No,
Gujarat Board,8th Grade,Urdu,Gujarati,No,
Gujarat Board,9th Grade,Mathematics,Gujarati,Partial,"Partial Coverage of videos, lessons and private publishers"
Gujarat Board,9th Grade,Science,Gujarati,Partial,"Partial Coverage of videos, lessons and private publishers"
Gujarat Board,9th Grade,Social Science,Gujarati,No,
Gujarat Board,9th Grade,Environmental Studies,Gujarati,No,
Gujarat Board,9th Grade,Computer Education,Gujarati,No,
Gujarat Board,9th Grade,Physical Education,Gujarati,No,
Gujarat Board,9th Grade,Art Education,Gujarati,No,
Gujarat Board,9th Grade,Work Education,Gujarati,No,
Gujarat Board,9th Grade,English,Gujarati,No,
Gujarat Board,9th Grade,Gujarati,Gujarati,No,
Gujarat Board,9th Grade,Hindi,Gujarati,No,
Gujarat Board,9th Grade,Sanskrit,Gujarati,No,
Gujarat Board,9th Grade,Urdu,Gujarati,No,
Gujarat Board,10th Grade,Mathematics,Gujarati,Partial,"Partial Coverage of videos, lessons and private publishers"
Gujarat Board,10th Grade,Science,Gujarati,Partial,"Partial Coverage of videos, lessons and private publishers"
Gujarat Board,10th Grade,Social Science,Gujarati,No,
Gujarat Board,10th Grade,Environmental Studies,Gujarati,No,
Gujarat Board,10th Grade,Computer Education,Gujarati,No,
Gujarat Board,10th Grade,Physical Education,Gujarati,No,
Gujarat Board,10th Grade,Art Education,Gujarati,No,
Gujarat Board,10th Grade,Work Education,Gujarati,No,
Gujarat Board,10th Grade,English,Gujarati,No,
Gujarat Board,10th Grade,Gujarati,Gujarati,No,
Gujarat Board,10th Grade,Hindi,Gujarati,No,
Gujarat Board,10th Grade,Sanskrit,Gujarati,No,
Gujarat Board,10th Grade,Urdu,Gujarati,No,
Gujarat Board,11th Grade,Physics,Gujarati,Partial,"Partial Coverage of videos, lessons and private publishers"
Gujarat Board,11th Grade,Chemistry,Gujarati,Partial,"Partial Coverage of videos, lessons and private publishers"
Gujarat Board,11th Grade,Mathematics,Gujarati,Partial,"Partial Coverage of videos, lessons and private publishers"
Gujarat Board,11th Grade,Biology,Gujarati,Partial,"Partial Coverage of videos, lessons and private publishers"
Gujarat Board,11th Grade,Computer Science,Gujarati,No,
Gujarat Board,11th Grade,Environmental Science,Gujarati,No,
Gujarat Board,11th Grade,Economics,Gujarati,No,
Gujarat Board,11th Grade,History,Gujarati,No,
Gujarat Board,11th Grade,Geography,Gujarati,No,
Gujarat Board,11th Grade,Political Science,Gujarati,No,
Gujarat Board,11th Grade,Sociology,Gujarati,No,
Gujarat Board,11th Grade,Psychology,Gujarati,No,
Gujarat Board,11th Grade,Philosophy,Gujarati,No,
Gujarat Board,11th Grade,Home Science,Gujarati,No,
Gujarat Board,11th Grade,Accountancy,Gujarati,No,
Gujarat Board,11th Grade,Business Studies,Gujarati,No,
Gujarat Board,11th Grade,Entrepreneurship,Gujarati,No,
Gujarat Board,11th Grade,Statistics,Gujarati,No,
Gujarat Board,11th Grade,Agriculture,Gujarati,No,
Gujarat Board,11th Grade,Biotechnology,Gujarati,No,
Gujarat Board,11th Grade,English,Gujarati,No,
Gujarat Board,11th Grade,Hindi,Gujarati,No,
Gujarat Board,11th Grade,Gujarati,Gujarati,No,
Gujarat Board,11th Grade,Sanskrit,Gujarati,No,
Gujarat Board,11th Grade,Urdu,Gujarati,No,
Gujarat Board,12th Grade,Physics,Gujarati,Partial,"Partial Coverage of videos, lessons and private publishers"
Gujarat Board,12th Grade,Chemistry,Gujarati,Partial,"Partial Coverage of videos, lessons and private publishers"
Gujarat Board,12th Grade,Mathematics,Gujarati,Partial,"Partial Coverage of videos, lessons and private publishers"
Gujarat Board,12th Grade,Biology,Gujarati,Partial,"Partial Coverage of videos, lessons and private publishers"
Gujarat Board,12th Grade,Computer Science,Gujarati,No,
Gujarat Board,12th Grade,Environmental Science,Gujarati,No,
Gujarat Board,12th Grade,Economics,Gujarati,No,
Gujarat Board,12th Grade,History,Gujarati,No,
Gujarat Board,12th Grade,Geography,Gujarati,No,
Gujarat Board,12th Grade,Political Science,Gujarati,No,
Gujarat Board,12th Grade,Sociology,Gujarati,No,
Gujarat Board,12th Grade,Psychology,Gujarati,No,
Gujarat Board,12th Grade,Philosophy,Gujarati,No,
Gujarat Board,12th Grade,Home Science,Gujarati,No,
Gujarat Board,12th Grade,Accountancy,Gujarati,No,
Gujarat Board,12th Grade,Business Studies,Gujarati,No,
Gujarat Board,12th Grade,Entrepreneurship,Gujarati,No,
Gujarat Board,12th Grade,Statistics,Gujarati,No,
Gujarat Board,12th Grade,Agriculture,Gujarati,No,
Gujarat Board,12th Grade,Biotechnology,Gujarati,No,
Gujarat Board,12th Grade,English,Gujarati,No,
Gujarat Board,12th Grade,Hindi,Gujarati,No,
Gujarat Board,12th Grade,Gujarati,Gujarati,No,
Gujarat Board,12th Grade,Sanskrit,Gujarati,No,
Gujarat Board,12th Grade,Urdu,Gujarati,No,
Haryana Board,1st Grade,Mathematics,English,No,
Haryana Board,1st Grade,Environmental Studies,English,No,
Haryana Board,1st Grade,Computer Awareness,English,No,
Haryana Board,1st Grade,General Knowledge,English,No,
Haryana Board,1st Grade,Moral Education,English,No,
Haryana Board,1st Grade,Physical Education,English,No,
Haryana Board,1st Grade,Art & Craft,English,No,
Haryana Board,1st Grade,Work Education,English,No,
Haryana Board,1st Grade,English,English,No,
Haryana Board,1st Grade,Hindi,English,No,
Haryana Board,1st Grade,Punjabi,English,No,
Haryana Board,1st Grade,Urdu,English,No,
Haryana Board,2nd Grade,Mathematics,English,No,
Haryana Board,2nd Grade,Environmental Studies,English,No,
Haryana Board,2nd Grade,Computer Awareness,English,No,
Haryana Board,2nd Grade,General Knowledge,English,No,
Haryana Board,2nd Grade,Moral Education,English,No,
Haryana Board,2nd Grade,Physical Education,English,No,
Haryana Board,2nd Grade,Art & Craft,English,No,
Haryana Board,2nd Grade,Work Education,English,No,
Haryana Board,2nd Grade,English,English,No,
Haryana Board,2nd Grade,Hindi,English,No,
Haryana Board,2nd Grade,Punjabi,English,No,
Haryana Board,2nd Grade,Urdu,English,No,
Haryana Board,3rd Grade,Mathematics,English,No,
Haryana Board,3rd Grade,Environmental Studies,English,No,
Haryana Board,3rd Grade,Computer Awareness,English,No,
Haryana Board,3rd Grade,General Knowledge,English,No,
Haryana Board,3rd Grade,Moral Education,English,No,
Haryana Board,3rd Grade,Physical Education,English,No,
Haryana Board,3rd Grade,Art & Craft,English,No,
Haryana Board,3rd Grade,Work Education,English,No,
Haryana Board,3rd Grade,English,English,No,
Haryana Board,3rd Grade,Hindi,English,No,
Haryana Board,3rd Grade,Punjabi,English,No,
Haryana Board,3rd Grade,Urdu,English,No,
Haryana Board,4th Grade,Mathematics,English,No,
Haryana Board,4th Grade,Environmental Studies,English,No,
Haryana Board,4th Grade,Computer Awareness,English,No,
Haryana Board,4th Grade,General Knowledge,English,No,
Haryana Board,4th Grade,Moral Education,English,No,
Haryana Board,4th Grade,Physical Education,English,No,
Haryana Board,4th Grade,Art & Craft,English,No,
Haryana Board,4th Grade,Work Education,English,No,
Haryana Board,4th Grade,English,English,No,
Haryana Board,4th Grade,Hindi,English,No,
Haryana Board,4th Grade,Punjabi,English,No,
Haryana Board,4th Grade,Urdu,English,No,
Haryana Board,5th Grade,Mathematics,English,No,
Haryana Board,5th Grade,Environmental Studies,English,No,
Haryana Board,5th Grade,Computer Awareness,English,No,
Haryana Board,5th Grade,General Knowledge,English,No,
Haryana Board,5th Grade,Moral Education,English,No,
Haryana Board,5th Grade,Physical Education,English,No,
Haryana Board,5th Grade,Art & Craft,English,No,
Haryana Board,5th Grade,Work Education,English,No,
Haryana Board,5th Grade,English,English,No,
Haryana Board,5th Grade,Hindi,English,No,
Haryana Board,5th Grade,Punjabi,English,No,
Haryana Board,5th Grade,Urdu,English,No,
Haryana Board,6th Grade,Mathematics,English,Yes,
Haryana Board,6th Grade,Science,English,Yes,
Haryana Board,6th Grade,Social Science,English,No,
Haryana Board,6th Grade,Environmental Studies,English,No,
Haryana Board,6th Grade,Computer Education,English,No,
Haryana Board,6th Grade,Physical Education,English,No,
Haryana Board,6th Grade,Art Education,English,No,
Haryana Board,6th Grade,Work Education,English,No,
Haryana Board,6th Grade,English,English,No,
Haryana Board,6th Grade,Hindi,English,No,
Haryana Board,6th Grade,Sanskrit,English,No,
Haryana Board,6th Grade,Punjabi,English,No,
Haryana Board,6th Grade,Urdu,English,No,
Haryana Board,7th Grade,Mathematics,English,Yes,
Haryana Board,7th Grade,Science,English,Yes,
Haryana Board,7th Grade,Social Science,English,No,
Haryana Board,7th Grade,Environmental Studies,English,No,
Haryana Board,7th Grade,Computer Education,English,No,
Haryana Board,7th Grade,Physical Education,English,No,
Haryana Board,7th Grade,Art Education,English,No,
Haryana Board,7th Grade,Work Education,English,No,
Haryana Board,7th Grade,English,English,No,
Haryana Board,7th Grade,Hindi,English,No,
Haryana Board,7th Grade,Sanskrit,English,No,
Haryana Board,7th Grade,Punjabi,English,No,
Haryana Board,7th Grade,Urdu,English,No,
Haryana Board,8th Grade,Mathematics,English,Yes,
Haryana Board,8th Grade,Science,English,Yes,
Haryana Board,8th Grade,Social Science,English,No,
Haryana Board,8th Grade,Environmental Studies,English,No,
Haryana Board,8th Grade,Computer Education,English,No,
Haryana Board,8th Grade,Physical Education,English,No,
Haryana Board,8th Grade,Art Education,English,No,
Haryana Board,8th Grade,Work Education,English,No,
Haryana Board,8th Grade,English,English,No,
Haryana Board,8th Grade,Hindi,English,No,
Haryana Board,8th Grade,Sanskrit,English,No,
Haryana Board,8th Grade,Punjabi,English,No,
Haryana Board,8th Grade,Urdu,English,No,
Haryana Board,9th Grade,Mathematics,English,Yes,
Haryana Board,9th Grade,Science,English,Yes,
Haryana Board,9th Grade,Social Science,English,No,
Haryana Board,9th Grade,Environmental Studies,English,No,
Haryana Board,9th Grade,Computer Education,English,No,
Haryana Board,9th Grade,Physical Education,English,No,
Haryana Board,9th Grade,Art Education,English,No,
Haryana Board,9th Grade,Work Education,English,No,
Haryana Board,9th Grade,English,English,No,
Haryana Board,9th Grade,Hindi,English,No,
Haryana Board,9th Grade,Sanskrit,English,No,
Haryana Board,9th Grade,Punjabi,English,No,
Haryana Board,9th Grade,Urdu,English,No,
Haryana Board,10th Grade,Mathematics,English,Yes,
Haryana Board,10th Grade,Science,English,Yes,
Haryana Board,10th Grade,Social Science,English,No,
Haryana Board,10th Grade,Environmental Studies,English,No,
Haryana Board,10th Grade,Computer Education,English,No,
Haryana Board,10th Grade,Physical Education,English,No,
Haryana Board,10th Grade,Art Education,English,No,
Haryana Board,10th Grade,Work Education,English,No,
Haryana Board,10th Grade,English,English,No,
Haryana Board,10th Grade,Hindi,English,No,
Haryana Board,10th Grade,Sanskrit,English,No,
Haryana Board,10th Grade,Punjabi,English,No,
Haryana Board,10th Grade,Urdu,English,No,
Haryana Board,11th Grade,Physics,English,Yes,
Haryana Board,11th Grade,Chemistry,English,Yes,
Haryana Board,11th Grade,Mathematics,English,Yes,
Haryana Board,11th Grade,Biology,English,Yes,
Haryana Board,11th Grade,Computer Science,English,No,
Haryana Board,11th Grade,Environmental Science,English,No,
Haryana Board,11th Grade,Economics,English,No,
Haryana Board,11th Grade,History,English,No,
Haryana Board,11th Grade,Geography,English,No,
Haryana Board,11th Grade,Political Science,English,No,
Haryana Board,11th Grade,Sociology,English,No,
Haryana Board,11th Grade,Psychology,English,No,
Haryana Board,11th Grade,Philosophy,English,No,
Haryana Board,11th Grade,Home Science,English,No,
Haryana Board,11th Grade,Physical Education,English,No,
Haryana Board,11th Grade,Accountancy,English,No,
Haryana Board,11th Grade,Business Studies,English,No,
Haryana Board,11th Grade,Entrepreneurship,English,No,
Haryana Board,11th Grade,Statistics,English,No,
Haryana Board,11th Grade,Agriculture,English,No,
Haryana Board,11th Grade,English,English,No,
Haryana Board,11th Grade,Hindi,English,No,
Haryana Board,11th Grade,Sanskrit,English,No,
Haryana Board,11th Grade,Punjabi,English,No,
Haryana Board,11th Grade,Urdu,English,No,
Haryana Board,12th Grade,Physics,English,Yes,
Haryana Board,12th Grade,Chemistry,English,Yes,
Haryana Board,12th Grade,Mathematics,English,Yes,
Haryana Board,12th Grade,Biology,English,Yes,
Haryana Board,12th Grade,Computer Science,English,No,
Haryana Board,12th Grade,Environmental Science,English,No,
Haryana Board,12th Grade,Economics,English,No,
Haryana Board,12th Grade,History,English,No,
Haryana Board,12th Grade,Geography,English,No,
Haryana Board,12th Grade,Political Science,English,No,
Haryana Board,12th Grade,Sociology,English,No,
Haryana Board,12th Grade,Psychology,English,No,
Haryana Board,12th Grade,Philosophy,English,No,
Haryana Board,12th Grade,Home Science,English,No,
Haryana Board,12th Grade,Physical Education,English,No,
Haryana Board,12th Grade,Accountancy,English,No,
Haryana Board,12th Grade,Business Studies,English,No,
Haryana Board,12th Grade,Entrepreneurship,English,No,
Haryana Board,12th Grade,Statistics,English,No,
Haryana Board,12th Grade,Agriculture,English,No,
Haryana Board,12th Grade,English,English,No,
Haryana Board,12th Grade,Hindi,English,No,
Haryana Board,12th Grade,Sanskrit,English,No,
Haryana Board,12th Grade,Punjabi,English,No,
Haryana Board,12th Grade,Urdu,English,No,
Haryana Board,1st Grade,Mathematics,Hindi,No,
Haryana Board,1st Grade,Environmental Studies,Hindi,No,
Haryana Board,1st Grade,Computer Awareness,Hindi,No,
Haryana Board,1st Grade,General Knowledge,Hindi,No,
Haryana Board,1st Grade,Moral Education,Hindi,No,
Haryana Board,1st Grade,Physical Education,Hindi,No,
Haryana Board,1st Grade,Art & Craft,Hindi,No,
Haryana Board,1st Grade,Work Education,Hindi,No,
Haryana Board,1st Grade,English,Hindi,No,
Haryana Board,1st Grade,Hindi,Hindi,No,
Haryana Board,1st Grade,Punjabi,Hindi,No,
Haryana Board,1st Grade,Urdu,Hindi,No,
Haryana Board,2nd Grade,Mathematics,Hindi,No,
Haryana Board,2nd Grade,Environmental Studies,Hindi,No,
Haryana Board,2nd Grade,Computer Awareness,Hindi,No,
Haryana Board,2nd Grade,General Knowledge,Hindi,No,
Haryana Board,2nd Grade,Moral Education,Hindi,No,
Haryana Board,2nd Grade,Physical Education,Hindi,No,
Haryana Board,2nd Grade,Art & Craft,Hindi,No,
Haryana Board,2nd Grade,Work Education,Hindi,No,
Haryana Board,2nd Grade,English,Hindi,No,
Haryana Board,2nd Grade,Hindi,Hindi,No,
Haryana Board,2nd Grade,Punjabi,Hindi,No,
Haryana Board,2nd Grade,Urdu,Hindi,No,
Haryana Board,3rd Grade,Mathematics,Hindi,No,
Haryana Board,3rd Grade,Environmental Studies,Hindi,No,
Haryana Board,3rd Grade,Computer Awareness,Hindi,No,
Haryana Board,3rd Grade,General Knowledge,Hindi,No,
Haryana Board,3rd Grade,Moral Education,Hindi,No,
Haryana Board,3rd Grade,Physical Education,Hindi,No,
Haryana Board,3rd Grade,Art & Craft,Hindi,No,
Haryana Board,3rd Grade,Work Education,Hindi,No,
Haryana Board,3rd Grade,English,Hindi,No,
Haryana Board,3rd Grade,Hindi,Hindi,No,
Haryana Board,3rd Grade,Punjabi,Hindi,No,
Haryana Board,3rd Grade,Urdu,Hindi,No,
Haryana Board,4th Grade,Mathematics,Hindi,No,
Haryana Board,4th Grade,Environmental Studies,Hindi,No,
Haryana Board,4th Grade,Computer Awareness,Hindi,No,
Haryana Board,4th Grade,General Knowledge,Hindi,No,
Haryana Board,4th Grade,Moral Education,Hindi,No,
Haryana Board,4th Grade,Physical Education,Hindi,No,
Haryana Board,4th Grade,Art & Craft,Hindi,No,
Haryana Board,4th Grade,Work Education,Hindi,No,
Haryana Board,4th Grade,English,Hindi,No,
Haryana Board,4th Grade,Hindi,Hindi,No,
Haryana Board,4th Grade,Punjabi,Hindi,No,
Haryana Board,4th Grade,Urdu,Hindi,No,
Haryana Board,5th Grade,Mathematics,Hindi,No,
Haryana Board,5th Grade,Environmental Studies,Hindi,No,
Haryana Board,5th Grade,Computer Awareness,Hindi,No,
Haryana Board,5th Grade,General Knowledge,Hindi,No,
Haryana Board,5th Grade,Moral Education,Hindi,No,
Haryana Board,5th Grade,Physical Education,Hindi,No,
Haryana Board,5th Grade,Art & Craft,Hindi,No,
Haryana Board,5th Grade,Work Education,Hindi,No,
Haryana Board,5th Grade,English,Hindi,No,
Haryana Board,5th Grade,Hindi,Hindi,No,
Haryana Board,5th Grade,Punjabi,Hindi,No,
Haryana Board,5th Grade,Urdu,Hindi,No,
Haryana Board,6th Grade,Mathematics,Hindi,Partial,"Partial Coverage of videos, lessons and private publishers"
Haryana Board,6th Grade,Science,Hindi,Partial,"Partial Coverage of videos, lessons and private publishers"
Haryana Board,6th Grade,Social Science,Hindi,No,
Haryana Board,6th Grade,Environmental Studies,Hindi,No,
Haryana Board,6th Grade,Computer Education,Hindi,No,
Haryana Board,6th Grade,Physical Education,Hindi,No,
Haryana Board,6th Grade,Art Education,Hindi,No,
Haryana Board,6th Grade,Work Education,Hindi,No,
Haryana Board,6th Grade,English,Hindi,No,
Haryana Board,6th Grade,Hindi,Hindi,No,
Haryana Board,6th Grade,Sanskrit,Hindi,No,
Haryana Board,6th Grade,Punjabi,Hindi,No,
Haryana Board,6th Grade,Urdu,Hindi,No,
Haryana Board,7th Grade,Mathematics,Hindi,Partial,"Partial Coverage of videos, lessons and private publishers"
Haryana Board,7th Grade,Science,Hindi,Partial,"Partial Coverage of videos, lessons and private publishers"
Haryana Board,7th Grade,Social Science,Hindi,No,
Haryana Board,7th Grade,Environmental Studies,Hindi,No,
Haryana Board,7th Grade,Computer Education,Hindi,No,
Haryana Board,7th Grade,Physical Education,Hindi,No,
Haryana Board,7th Grade,Art Education,Hindi,No,
Haryana Board,7th Grade,Work Education,Hindi,No,
Haryana Board,7th Grade,English,Hindi,No,
Haryana Board,7th Grade,Hindi,Hindi,No,
Haryana Board,7th Grade,Sanskrit,Hindi,No,
Haryana Board,7th Grade,Punjabi,Hindi,No,
Haryana Board,7th Grade,Urdu,Hindi,No,
Haryana Board,8th Grade,Mathematics,Hindi,Partial,"Partial Coverage of videos, lessons and private publishers"
Haryana Board,8th Grade,Science,Hindi,Partial,"Partial Coverage of videos, lessons and private publishers"
Haryana Board,8th Grade,Social Science,Hindi,No,
Haryana Board,8th Grade,Environmental Studies,Hindi,No,
Haryana Board,8th Grade,Computer Education,Hindi,No,
Haryana Board,8th Grade,Physical Education,Hindi,No,
Haryana Board,8th Grade,Art Education,Hindi,No,
Haryana Board,8th Grade,Work Education,Hindi,No,
Haryana Board,8th Grade,English,Hindi,No,
Haryana Board,8th Grade,Hindi,Hindi,No,
Haryana Board,8th Grade,Sanskrit,Hindi,No,
Haryana Board,8th Grade,Punjabi,Hindi,No,
Haryana Board,8th Grade,Urdu,Hindi,No,
Haryana Board,9th Grade,Mathematics,Hindi,Partial,"Partial Coverage of videos, lessons and private publishers"
Haryana Board,9th Grade,Science,Hindi,Partial,"Partial Coverage of videos, lessons and private publishers"
Haryana Board,9th Grade,Social Science,Hindi,No,
Haryana Board,9th Grade,Environmental Studies,Hindi,No,
Haryana Board,9th Grade,Computer Education,Hindi,No,
Haryana Board,9th Grade,Physical Education,Hindi,No,
Haryana Board,9th Grade,Art Education,Hindi,No,
Haryana Board,9th Grade,Work Education,Hindi,No,
Haryana Board,9th Grade,English,Hindi,No,
Haryana Board,9th Grade,Hindi,Hindi,No,
Haryana Board,9th Grade,Sanskrit,Hindi,No,
Haryana Board,9th Grade,Punjabi,Hindi,No,
Haryana Board,9th Grade,Urdu,Hindi,No,
Haryana Board,10th Grade,Mathematics,Hindi,Partial,"Partial Coverage of videos, lessons and private publishers"
Haryana Board,10th Grade,Science,Hindi,Partial,"Partial Coverage of videos, lessons and private publishers"
Haryana Board,10th Grade,Social Science,Hindi,No,
Haryana Board,10th Grade,Environmental Studies,Hindi,No,
Haryana Board,10th Grade,Computer Education,Hindi,No,
Haryana Board,10th Grade,Physical Education,Hindi,No,
Haryana Board,10th Grade,Art Education,Hindi,No,
Haryana Board,10th Grade,Work Education,Hindi,No,
Haryana Board,10th Grade,English,Hindi,No,
Haryana Board,10th Grade,Hindi,Hindi,No,
Haryana Board,10th Grade,Sanskrit,Hindi,No,
Haryana Board,10th Grade,Punjabi,Hindi,No,
Haryana Board,10th Grade,Urdu,Hindi,No,
Haryana Board,11th Grade,Physics,Hindi,Partial,"Partial Coverage of videos, lessons and private publishers"
Haryana Board,11th Grade,Chemistry,Hindi,Partial,"Partial Coverage of videos, lessons and private publishers"
Haryana Board,11th Grade,Mathematics,Hindi,Partial,"Partial Coverage of videos, lessons and private publishers"
Haryana Board,11th Grade,Biology,Hindi,Partial,"Partial Coverage of videos, lessons and private publishers"
Haryana Board,11th Grade,Computer Science,Hindi,No,
Haryana Board,11th Grade,Environmental Science,Hindi,No,
Haryana Board,11th Grade,Economics,Hindi,No,
Haryana Board,11th Grade,History,Hindi,No,
Haryana Board,11th Grade,Geography,Hindi,No,
Haryana Board,11th Grade,Political Science,Hindi,No,
Haryana Board,11th Grade,Sociology,Hindi,No,
Haryana Board,11th Grade,Psychology,Hindi,No,
Haryana Board,11th Grade,Philosophy,Hindi,No,
Haryana Board,11th Grade,Home Science,Hindi,No,
Haryana Board,11th Grade,Physical Education,Hindi,No,
Haryana Board,11th Grade,Accountancy,Hindi,No,
Haryana Board,11th Grade,Business Studies,Hindi,No,
Haryana Board,11th Grade,Entrepreneurship,Hindi,No,
Haryana Board,11th Grade,Statistics,Hindi,No,
Haryana Board,11th Grade,Agriculture,Hindi,No,
Haryana Board,11th Grade,English,Hindi,No,
Haryana Board,11th Grade,Hindi,Hindi,No,
Haryana Board,11th Grade,Sanskrit,Hindi,No,
Haryana Board,11th Grade,Punjabi,Hindi,No,
Haryana Board,11th Grade,Urdu,Hindi,No,
Haryana Board,12th Grade,Physics,Hindi,Partial,"Partial Coverage of videos, lessons and private publishers"
Haryana Board,12th Grade,Chemistry,Hindi,Partial,"Partial Coverage of videos, lessons and private publishers"
Haryana Board,12th Grade,Mathematics,Hindi,Partial,"Partial Coverage of videos, lessons and private publishers"
Haryana Board,12th Grade,Biology,Hindi,Partial,"Partial Coverage of videos, lessons and private publishers"
Haryana Board,12th Grade,Computer Science,Hindi,No,
Haryana Board,12th Grade,Environmental Science,Hindi,No,
Haryana Board,12th Grade,Economics,Hindi,No,
Haryana Board,12th Grade,History,Hindi,No,
Haryana Board,12th Grade,Geography,Hindi,No,
Haryana Board,12th Grade,Political Science,Hindi,No,
Haryana Board,12th Grade,Sociology,Hindi,No,
Haryana Board,12th Grade,Psychology,Hindi,No,
Haryana Board,12th Grade,Philosophy,Hindi,No,
Haryana Board,12th Grade,Home Science,Hindi,No,
Haryana Board,12th Grade,Physical Education,Hindi,No,
Haryana Board,12th Grade,Accountancy,Hindi,No,
Haryana Board,12th Grade,Business Studies,Hindi,No,
Haryana Board,12th Grade,Entrepreneurship,Hindi,No,
Haryana Board,12th Grade,Statistics,Hindi,No,
Haryana Board,12th Grade,Agriculture,Hindi,No,
Haryana Board,12th Grade,English,Hindi,No,
Haryana Board,12th Grade,Hindi,Hindi,No,
Haryana Board,12th Grade,Sanskrit,Hindi,No,
Haryana Board,12th Grade,Punjabi,Hindi,No,
Haryana Board,12th Grade,Urdu,Hindi,No,
Himachal Pradesh Board,1st Grade,Mathematics,English,No,
Himachal Pradesh Board,1st Grade,Environmental Studies,English,No,
Himachal Pradesh Board,1st Grade,Computer Awareness,English,No,
Himachal Pradesh Board,1st Grade,General Knowledge,English,No,
Himachal Pradesh Board,1st Grade,Moral Education,English,No,
Himachal Pradesh Board,1st Grade,Physical Education,English,No,
Himachal Pradesh Board,1st Grade,Art & Craft,English,No,
Himachal Pradesh Board,1st Grade,Work Education,English,No,
Himachal Pradesh Board,1st Grade,English,English,No,
Himachal Pradesh Board,1st Grade,Hindi,English,No,
Himachal Pradesh Board,1st Grade,Urdu,English,No,
Himachal Pradesh Board,1st Grade,Punjabi,English,No,
Himachal Pradesh Board,2nd Grade,Mathematics,English,No,
Himachal Pradesh Board,2nd Grade,Environmental Studies,English,No,
Himachal Pradesh Board,2nd Grade,Computer Awareness,English,No,
Himachal Pradesh Board,2nd Grade,General Knowledge,English,No,
Himachal Pradesh Board,2nd Grade,Moral Education,English,No,
Himachal Pradesh Board,2nd Grade,Physical Education,English,No,
Himachal Pradesh Board,2nd Grade,Art & Craft,English,No,
Himachal Pradesh Board,2nd Grade,Work Education,English,No,
Himachal Pradesh Board,2nd Grade,English,English,No,
Himachal Pradesh Board,2nd Grade,Hindi,English,No,
Himachal Pradesh Board,2nd Grade,Urdu,English,No,
Himachal Pradesh Board,2nd Grade,Punjabi,English,No,
Himachal Pradesh Board,3rd Grade,Mathematics,English,No,
Himachal Pradesh Board,3rd Grade,Environmental Studies,English,No,
Himachal Pradesh Board,3rd Grade,Computer Awareness,English,No,
Himachal Pradesh Board,3rd Grade,General Knowledge,English,No,
Himachal Pradesh Board,3rd Grade,Moral Education,English,No,
Himachal Pradesh Board,3rd Grade,Physical Education,English,No,
Himachal Pradesh Board,3rd Grade,Art & Craft,English,No,
Himachal Pradesh Board,3rd Grade,Work Education,English,No,
Himachal Pradesh Board,3rd Grade,English,English,No,
Himachal Pradesh Board,3rd Grade,Hindi,English,No,
Himachal Pradesh Board,3rd Grade,Urdu,English,No,
Himachal Pradesh Board,3rd Grade,Punjabi,English,No,
Himachal Pradesh Board,4th Grade,Mathematics,English,No,
Himachal Pradesh Board,4th Grade,Environmental Studies,English,No,
Himachal Pradesh Board,4th Grade,Computer Awareness,English,No,
Himachal Pradesh Board,4th Grade,General Knowledge,English,No,
Himachal Pradesh Board,4th Grade,Moral Education,English,No,
Himachal Pradesh Board,4th Grade,Physical Education,English,No,
Himachal Pradesh Board,4th Grade,Art & Craft,English,No,
Himachal Pradesh Board,4th Grade,Work Education,English,No,
Himachal Pradesh Board,4th Grade,English,English,No,
Himachal Pradesh Board,4th Grade,Hindi,English,No,
Himachal Pradesh Board,4th Grade,Urdu,English,No,
Himachal Pradesh Board,4th Grade,Punjabi,English,No,
Himachal Pradesh Board,5th Grade,Mathematics,English,No,
Himachal Pradesh Board,5th Grade,Environmental Studies,English,No,
Himachal Pradesh Board,5th Grade,Computer Awareness,English,No,
Himachal Pradesh Board,5th Grade,General Knowledge,English,No,
Himachal Pradesh Board,5th Grade,Moral Education,English,No,
Himachal Pradesh Board,5th Grade,Physical Education,English,No,
Himachal Pradesh Board,5th Grade,Art & Craft,English,No,
Himachal Pradesh Board,5th Grade,Work Education,English,No,
Himachal Pradesh Board,5th Grade,English,English,No,
Himachal Pradesh Board,5th Grade,Hindi,English,No,
Himachal Pradesh Board,5th Grade,Urdu,English,No,
Himachal Pradesh Board,5th Grade,Punjabi,English,No,
Himachal Pradesh Board,6th Grade,Mathematics,English,Yes,
Himachal Pradesh Board,6th Grade,Science,English,Yes,
Himachal Pradesh Board,6th Grade,Social Science,English,Partial,Partial Coverage of Lessons and Videos
Himachal Pradesh Board,6th Grade,Environmental Studies,English,No,
Himachal Pradesh Board,6th Grade,Computer Education,English,No,
Himachal Pradesh Board,6th Grade,Physical Education,English,No,
Himachal Pradesh Board,6th Grade,Art Education,English,No,
Himachal Pradesh Board,6th Grade,Work Education,English,No,
Himachal Pradesh Board,6th Grade,English,English,No,
Himachal Pradesh Board,6th Grade,Hindi,English,No,
Himachal Pradesh Board,6th Grade,Sanskrit,English,No,
Himachal Pradesh Board,6th Grade,Urdu,English,No,
Himachal Pradesh Board,6th Grade,Punjabi,English,No,
Himachal Pradesh Board,7th Grade,Mathematics,English,Yes,
Himachal Pradesh Board,7th Grade,Science,English,Yes,
Himachal Pradesh Board,7th Grade,Social Science,English,Partial,Partial Coverage of Lessons and Videos
Himachal Pradesh Board,7th Grade,Environmental Studies,English,No,
Himachal Pradesh Board,7th Grade,Computer Education,English,No,
Himachal Pradesh Board,7th Grade,Physical Education,English,No,
Himachal Pradesh Board,7th Grade,Art Education,English,No,
Himachal Pradesh Board,7th Grade,Work Education,English,No,
Himachal Pradesh Board,7th Grade,English,English,No,
Himachal Pradesh Board,7th Grade,Hindi,English,No,
Himachal Pradesh Board,7th Grade,Sanskrit,English,No,
Himachal Pradesh Board,7th Grade,Urdu,English,No,
Himachal Pradesh Board,7th Grade,Punjabi,English,No,
Himachal Pradesh Board,8th Grade,Mathematics,English,Yes,
Himachal Pradesh Board,8th Grade,Science,English,Yes,
Himachal Pradesh Board,8th Grade,Social Science,English,Partial,Partial Coverage of Lessons and Videos
Himachal Pradesh Board,8th Grade,Environmental Studies,English,No,
Himachal Pradesh Board,8th Grade,Computer Education,English,No,
Himachal Pradesh Board,8th Grade,Physical Education,English,No,
Himachal Pradesh Board,8th Grade,Art Education,English,No,
Himachal Pradesh Board,8th Grade,Work Education,English,No,
Himachal Pradesh Board,8th Grade,English,English,No,
Himachal Pradesh Board,8th Grade,Hindi,English,No,
Himachal Pradesh Board,8th Grade,Sanskrit,English,No,
Himachal Pradesh Board,8th Grade,Urdu,English,No,
Himachal Pradesh Board,8th Grade,Punjabi,English,No,
Himachal Pradesh Board,9th Grade,Mathematics,English,Yes,
Himachal Pradesh Board,9th Grade,Science,English,Yes,
Himachal Pradesh Board,9th Grade,Social Science,English,Yes,
Himachal Pradesh Board,9th Grade,Environmental Studies,English,No,
Himachal Pradesh Board,9th Grade,Computer Education,English,No,
Himachal Pradesh Board,9th Grade,Physical Education,English,No,
Himachal Pradesh Board,9th Grade,Art Education,English,No,
Himachal Pradesh Board,9th Grade,Work Education,English,No,
Himachal Pradesh Board,9th Grade,English,English,No,
Himachal Pradesh Board,9th Grade,Hindi,English,No,
Himachal Pradesh Board,9th Grade,Sanskrit,English,No,
Himachal Pradesh Board,9th Grade,Urdu,English,No,
Himachal Pradesh Board,9th Grade,Punjabi,English,No,
Himachal Pradesh Board,10th Grade,Mathematics,English,Yes,
Himachal Pradesh Board,10th Grade,Science,English,Yes,
Himachal Pradesh Board,10th Grade,Social Science,English,Yes,
Himachal Pradesh Board,10th Grade,Environmental Studies,English,No,
Himachal Pradesh Board,10th Grade,Computer Education,English,No,
Himachal Pradesh Board,10th Grade,Physical Education,English,No,
Himachal Pradesh Board,10th Grade,Art Education,English,No,
Himachal Pradesh Board,10th Grade,Work Education,English,No,
Himachal Pradesh Board,10th Grade,English,English,No,
Himachal Pradesh Board,10th Grade,Hindi,English,No,
Himachal Pradesh Board,10th Grade,Sanskrit,English,No,
Himachal Pradesh Board,10th Grade,Urdu,English,No,
Himachal Pradesh Board,10th Grade,Punjabi,English,No,
Himachal Pradesh Board,11th Grade,Physics,English,Yes,
Himachal Pradesh Board,11th Grade,Chemistry,English,Yes,
Himachal Pradesh Board,11th Grade,Mathematics,English,Yes,
Himachal Pradesh Board,11th Grade,Biology,English,Yes,
Himachal Pradesh Board,11th Grade,Computer Science,English,No,
Himachal Pradesh Board,11th Grade,Environmental Science,English,No,
Himachal Pradesh Board,11th Grade,Economics,English,No,
Himachal Pradesh Board,11th Grade,History,English,No,
Himachal Pradesh Board,11th Grade,Geography,English,No,
Himachal Pradesh Board,11th Grade,Political Science,English,No,
Himachal Pradesh Board,11th Grade,Sociology,English,No,
Himachal Pradesh Board,11th Grade,Psychology,English,No,
Himachal Pradesh Board,11th Grade,Philosophy,English,No,
Himachal Pradesh Board,11th Grade,Home Science,English,No,
Himachal Pradesh Board,11th Grade,Physical Education,English,No,
Himachal Pradesh Board,11th Grade,Accountancy,English,No,
Himachal Pradesh Board,11th Grade,Business Studies,English,No,
Himachal Pradesh Board,11th Grade,Entrepreneurship,English,No,
Himachal Pradesh Board,11th Grade,Statistics,English,No,
Himachal Pradesh Board,11th Grade,Agriculture,English,No,
Himachal Pradesh Board,11th Grade,English,English,No,
Himachal Pradesh Board,11th Grade,Hindi,English,No,
Himachal Pradesh Board,11th Grade,Sanskrit,English,No,
Himachal Pradesh Board,11th Grade,Urdu,English,No,
Himachal Pradesh Board,11th Grade,Punjabi,English,No,
Himachal Pradesh Board,12th Grade,Physics,English,Yes,
Himachal Pradesh Board,12th Grade,Chemistry,English,Yes,
Himachal Pradesh Board,12th Grade,Mathematics,English,Yes,
Himachal Pradesh Board,12th Grade,Biology,English,Yes,
Himachal Pradesh Board,12th Grade,Computer Science,English,No,
Himachal Pradesh Board,12th Grade,Environmental Science,English,No,
Himachal Pradesh Board,12th Grade,Economics,English,No,
Himachal Pradesh Board,12th Grade,History,English,No,
Himachal Pradesh Board,12th Grade,Geography,English,No,
Himachal Pradesh Board,12th Grade,Political Science,English,No,
Himachal Pradesh Board,12th Grade,Sociology,English,No,
Himachal Pradesh Board,12th Grade,Psychology,English,No,
Himachal Pradesh Board,12th Grade,Philosophy,English,No,
Himachal Pradesh Board,12th Grade,Home Science,English,No,
Himachal Pradesh Board,12th Grade,Physical Education,English,No,
Himachal Pradesh Board,12th Grade,Accountancy,English,No,
Himachal Pradesh Board,12th Grade,Business Studies,English,No,
Himachal Pradesh Board,12th Grade,Entrepreneurship,English,No,
Himachal Pradesh Board,12th Grade,Statistics,English,No,
Himachal Pradesh Board,12th Grade,Agriculture,English,No,
Himachal Pradesh Board,12th Grade,English,English,No,
Himachal Pradesh Board,12th Grade,Hindi,English,No,
Himachal Pradesh Board,12th Grade,Sanskrit,English,No,
Himachal Pradesh Board,12th Grade,Urdu,English,No,
Himachal Pradesh Board,12th Grade,Punjabi,English,No,
Himachal Pradesh Board,1st Grade,Mathematics,Hindi,No,
Himachal Pradesh Board,1st Grade,Environmental Studies,Hindi,No,
Himachal Pradesh Board,1st Grade,Computer Awareness,Hindi,No,
Himachal Pradesh Board,1st Grade,General Knowledge,Hindi,No,
Himachal Pradesh Board,1st Grade,Moral Education,Hindi,No,
Himachal Pradesh Board,1st Grade,Physical Education,Hindi,No,
Himachal Pradesh Board,1st Grade,Art & Craft,Hindi,No,
Himachal Pradesh Board,1st Grade,Work Education,Hindi,No,
Himachal Pradesh Board,1st Grade,English,Hindi,No,
Himachal Pradesh Board,1st Grade,Hindi,Hindi,No,
Himachal Pradesh Board,1st Grade,Urdu,Hindi,No,
Himachal Pradesh Board,1st Grade,Punjabi,Hindi,No,
Himachal Pradesh Board,2nd Grade,Mathematics,Hindi,No,
Himachal Pradesh Board,2nd Grade,Environmental Studies,Hindi,No,
Himachal Pradesh Board,2nd Grade,Computer Awareness,Hindi,No,
Himachal Pradesh Board,2nd Grade,General Knowledge,Hindi,No,
Himachal Pradesh Board,2nd Grade,Moral Education,Hindi,No,
Himachal Pradesh Board,2nd Grade,Physical Education,Hindi,No,
Himachal Pradesh Board,2nd Grade,Art & Craft,Hindi,No,
Himachal Pradesh Board,2nd Grade,Work Education,Hindi,No,
Himachal Pradesh Board,2nd Grade,English,Hindi,No,
Himachal Pradesh Board,2nd Grade,Hindi,Hindi,No,
Himachal Pradesh Board,2nd Grade,Urdu,Hindi,No,
Himachal Pradesh Board,2nd Grade,Punjabi,Hindi,No,
Himachal Pradesh Board,3rd Grade,Mathematics,Hindi,No,
Himachal Pradesh Board,3rd Grade,Environmental Studies,Hindi,No,
Himachal Pradesh Board,3rd Grade,Computer Awareness,Hindi,No,
Himachal Pradesh Board,3rd Grade,General Knowledge,Hindi,No,
Himachal Pradesh Board,3rd Grade,Moral Education,Hindi,No,
Himachal Pradesh Board,3rd Grade,Physical Education,Hindi,No,
Himachal Pradesh Board,3rd Grade,Art & Craft,Hindi,No,
Himachal Pradesh Board,3rd Grade,Work Education,Hindi,No,
Himachal Pradesh Board,3rd Grade,English,Hindi,No,
Himachal Pradesh Board,3rd Grade,Hindi,Hindi,No,
Himachal Pradesh Board,3rd Grade,Urdu,Hindi,No,
Himachal Pradesh Board,3rd Grade,Punjabi,Hindi,No,
Himachal Pradesh Board,4th Grade,Mathematics,Hindi,No,
Himachal Pradesh Board,4th Grade,Environmental Studies,Hindi,No,
Himachal Pradesh Board,4th Grade,Computer Awareness,Hindi,No,
Himachal Pradesh Board,4th Grade,General Knowledge,Hindi,No,
Himachal Pradesh Board,4th Grade,Moral Education,Hindi,No,
Himachal Pradesh Board,4th Grade,Physical Education,Hindi,No,
Himachal Pradesh Board,4th Grade,Art & Craft,Hindi,No,
Himachal Pradesh Board,4th Grade,Work Education,Hindi,No,
Himachal Pradesh Board,4th Grade,English,Hindi,No,
Himachal Pradesh Board,4th Grade,Hindi,Hindi,No,
Himachal Pradesh Board,4th Grade,Urdu,Hindi,No,
Himachal Pradesh Board,4th Grade,Punjabi,Hindi,No,
Himachal Pradesh Board,5th Grade,Mathematics,Hindi,No,
Himachal Pradesh Board,5th Grade,Environmental Studies,Hindi,No,
Himachal Pradesh Board,5th Grade,Computer Awareness,Hindi,No,
Himachal Pradesh Board,5th Grade,General Knowledge,Hindi,No,
Himachal Pradesh Board,5th Grade,Moral Education,Hindi,No,
Himachal Pradesh Board,5th Grade,Physical Education,Hindi,No,
Himachal Pradesh Board,5th Grade,Art & Craft,Hindi,No,
Himachal Pradesh Board,5th Grade,Work Education,Hindi,No,
Himachal Pradesh Board,5th Grade,English,Hindi,No,
Himachal Pradesh Board,5th Grade,Hindi,Hindi,No,
Himachal Pradesh Board,5th Grade,Urdu,Hindi,No,
Himachal Pradesh Board,5th Grade,Punjabi,Hindi,No,
Himachal Pradesh Board,6th Grade,Mathematics,Hindi,Partial,"Partial Coverage of videos, lessons and private publishers"
Himachal Pradesh Board,6th Grade,Science,Hindi,Partial,"Partial Coverage of videos, lessons and private publishers"
Himachal Pradesh Board,6th Grade,Social Science,Hindi,Partial,"Partial Coverage of videos, lessons and private publishers"
Himachal Pradesh Board,6th Grade,Environmental Studies,Hindi,No,
Himachal Pradesh Board,6th Grade,Computer Education,Hindi,No,
Himachal Pradesh Board,6th Grade,Physical Education,Hindi,No,
Himachal Pradesh Board,6th Grade,Art Education,Hindi,No,
Himachal Pradesh Board,6th Grade,Work Education,Hindi,No,
Himachal Pradesh Board,6th Grade,English,Hindi,No,
Himachal Pradesh Board,6th Grade,Hindi,Hindi,No,
Himachal Pradesh Board,6th Grade,Sanskrit,Hindi,No,
Himachal Pradesh Board,6th Grade,Urdu,Hindi,No,
Himachal Pradesh Board,6th Grade,Punjabi,Hindi,No,
Himachal Pradesh Board,7th Grade,Mathematics,Hindi,Partial,"Partial Coverage of videos, lessons and private publishers"
Himachal Pradesh Board,7th Grade,Science,Hindi,Partial,"Partial Coverage of videos, lessons and private publishers"
Himachal Pradesh Board,7th Grade,Social Science,Hindi,Partial,"Partial Coverage of videos, lessons and private publishers"
Himachal Pradesh Board,7th Grade,Environmental Studies,Hindi,No,
Himachal Pradesh Board,7th Grade,Computer Education,Hindi,No,
Himachal Pradesh Board,7th Grade,Physical Education,Hindi,No,
Himachal Pradesh Board,7th Grade,Art Education,Hindi,No,
Himachal Pradesh Board,7th Grade,Work Education,Hindi,No,
Himachal Pradesh Board,7th Grade,English,Hindi,No,
Himachal Pradesh Board,7th Grade,Hindi,Hindi,No,
Himachal Pradesh Board,7th Grade,Sanskrit,Hindi,No,
Himachal Pradesh Board,7th Grade,Urdu,Hindi,No,
Himachal Pradesh Board,7th Grade,Punjabi,Hindi,No,
Himachal Pradesh Board,8th Grade,Mathematics,Hindi,Partial,"Partial Coverage of videos, lessons and private publishers"
Himachal Pradesh Board,8th Grade,Science,Hindi,Partial,"Partial Coverage of videos, lessons and private publishers"
Himachal Pradesh Board,8th Grade,Social Science,Hindi,Partial,"Partial Coverage of videos, lessons and private publishers"
Himachal Pradesh Board,8th Grade,Environmental Studies,Hindi,No,
Himachal Pradesh Board,8th Grade,Computer Education,Hindi,No,
Himachal Pradesh Board,8th Grade,Physical Education,Hindi,No,
Himachal Pradesh Board,8th Grade,Art Education,Hindi,No,
Himachal Pradesh Board,8th Grade,Work Education,Hindi,No,
Himachal Pradesh Board,8th Grade,English,Hindi,No,
Himachal Pradesh Board,8th Grade,Hindi,Hindi,No,
Himachal Pradesh Board,8th Grade,Sanskrit,Hindi,No,
Himachal Pradesh Board,8th Grade,Urdu,Hindi,No,
Himachal Pradesh Board,8th Grade,Punjabi,Hindi,No,
Himachal Pradesh Board,9th Grade,Mathematics,Hindi,Partial,"Partial Coverage of videos, lessons and private publishers"
Himachal Pradesh Board,9th Grade,Science,Hindi,Partial,"Partial Coverage of videos, lessons and private publishers"
Himachal Pradesh Board,9th Grade,Social Science,Hindi,Partial,"Partial Coverage of videos, lessons and private publishers"
Himachal Pradesh Board,9th Grade,Environmental Studies,Hindi,No,
Himachal Pradesh Board,9th Grade,Computer Education,Hindi,No,
Himachal Pradesh Board,9th Grade,Physical Education,Hindi,No,
Himachal Pradesh Board,9th Grade,Art Education,Hindi,No,
Himachal Pradesh Board,9th Grade,Work Education,Hindi,No,
Himachal Pradesh Board,9th Grade,English,Hindi,No,
Himachal Pradesh Board,9th Grade,Hindi,Hindi,No,
Himachal Pradesh Board,9th Grade,Sanskrit,Hindi,No,
Himachal Pradesh Board,9th Grade,Urdu,Hindi,No,
Himachal Pradesh Board,9th Grade,Punjabi,Hindi,No,
Himachal Pradesh Board,10th Grade,Mathematics,Hindi,Partial,"Partial Coverage of videos, lessons and private publishers"
Himachal Pradesh Board,10th Grade,Science,Hindi,Partial,"Partial Coverage of videos, lessons and private publishers"
Himachal Pradesh Board,10th Grade,Social Science,Hindi,Partial,"Partial Coverage of videos, lessons and private publishers"
Himachal Pradesh Board,10th Grade,Environmental Studies,Hindi,No,
Himachal Pradesh Board,10th Grade,Computer Education,Hindi,No,
Himachal Pradesh Board,10th Grade,Physical Education,Hindi,No,
Himachal Pradesh Board,10th Grade,Art Education,Hindi,No,
Himachal Pradesh Board,10th Grade,Work Education,Hindi,No,
Himachal Pradesh Board,10th Grade,English,Hindi,No,
Himachal Pradesh Board,10th Grade,Hindi,Hindi,No,
Himachal Pradesh Board,10th Grade,Sanskrit,Hindi,No,
Himachal Pradesh Board,10th Grade,Urdu,Hindi,No,
Himachal Pradesh Board,10th Grade,Punjabi,Hindi,No,
Himachal Pradesh Board,11th Grade,Physics,Hindi,Partial,"Partial Coverage of videos, lessons and private publishers"
Himachal Pradesh Board,11th Grade,Chemistry,Hindi,Partial,"Partial Coverage of videos, lessons and private publishers"
Himachal Pradesh Board,11th Grade,Mathematics,Hindi,Partial,"Partial Coverage of videos, lessons and private publishers"
Himachal Pradesh Board,11th Grade,Biology,Hindi,Partial,"Partial Coverage of videos, lessons and private publishers"
Himachal Pradesh Board,11th Grade,Computer Science,Hindi,No,
Himachal Pradesh Board,11th Grade,Environmental Science,Hindi,No,
Himachal Pradesh Board,11th Grade,Economics,Hindi,No,
Himachal Pradesh Board,11th Grade,History,Hindi,No,
Himachal Pradesh Board,11th Grade,Geography,Hindi,No,
Himachal Pradesh Board,11th Grade,Political Science,Hindi,No,
Himachal Pradesh Board,11th Grade,Sociology,Hindi,No,
Himachal Pradesh Board,11th Grade,Psychology,Hindi,No,
Himachal Pradesh Board,11th Grade,Philosophy,Hindi,No,
Himachal Pradesh Board,11th Grade,Home Science,Hindi,No,
Himachal Pradesh Board,11th Grade,Physical Education,Hindi,No,
Himachal Pradesh Board,11th Grade,Accountancy,Hindi,No,
Himachal Pradesh Board,11th Grade,Business Studies,Hindi,No,
Himachal Pradesh Board,11th Grade,Entrepreneurship,Hindi,No,
Himachal Pradesh Board,11th Grade,Statistics,Hindi,No,
Himachal Pradesh Board,11th Grade,Agriculture,Hindi,No,
Himachal Pradesh Board,11th Grade,English,Hindi,No,
Himachal Pradesh Board,11th Grade,Hindi,Hindi,No,
Himachal Pradesh Board,11th Grade,Sanskrit,Hindi,No,
Himachal Pradesh Board,11th Grade,Urdu,Hindi,No,
Himachal Pradesh Board,11th Grade,Punjabi,Hindi,No,
Himachal Pradesh Board,12th Grade,Physics,Hindi,Partial,"Partial Coverage of videos, lessons and private publishers"
Himachal Pradesh Board,12th Grade,Chemistry,Hindi,Partial,"Partial Coverage of videos, lessons and private publishers"
Himachal Pradesh Board,12th Grade,Mathematics,Hindi,Partial,"Partial Coverage of videos, lessons and private publishers"
Himachal Pradesh Board,12th Grade,Biology,Hindi,Partial,"Partial Coverage of videos, lessons and private publishers"
Himachal Pradesh Board,12th Grade,Computer Science,Hindi,No,
Himachal Pradesh Board,12th Grade,Environmental Science,Hindi,No,
Himachal Pradesh Board,12th Grade,Economics,Hindi,No,
Himachal Pradesh Board,12th Grade,History,Hindi,No,
Himachal Pradesh Board,12th Grade,Geography,Hindi,No,
Himachal Pradesh Board,12th Grade,Political Science,Hindi,No,
Himachal Pradesh Board,12th Grade,Sociology,Hindi,No,
Himachal Pradesh Board,12th Grade,Psychology,Hindi,No,
Himachal Pradesh Board,12th Grade,Philosophy,Hindi,No,
Himachal Pradesh Board,12th Grade,Home Science,Hindi,No,
Himachal Pradesh Board,12th Grade,Physical Education,Hindi,No,
Himachal Pradesh Board,12th Grade,Accountancy,Hindi,No,
Himachal Pradesh Board,12th Grade,Business Studies,Hindi,No,
Himachal Pradesh Board,12th Grade,Entrepreneurship,Hindi,No,
Himachal Pradesh Board,12th Grade,Statistics,Hindi,No,
Himachal Pradesh Board,12th Grade,Agriculture,Hindi,No,
Himachal Pradesh Board,12th Grade,English,Hindi,No,
Himachal Pradesh Board,12th Grade,Hindi,Hindi,No,
Himachal Pradesh Board,12th Grade,Sanskrit,Hindi,No,
Himachal Pradesh Board,12th Grade,Urdu,Hindi,No,
Himachal Pradesh Board,12th Grade,Punjabi,Hindi,No,
IB,IB Diploma,Biology,English,Partial,"Partial Coverage of Questions, Videos and Lessons"
IB,IB Diploma,Chemistry,English,Partial,"Partial Coverage of Questions, Videos and Lessons"
IB,IB Diploma,Life Science,English,Partial,"Partial Coverage of Questions, Videos and Lessons"
IB,IB Diploma,Mathematics,English,Partial,"Partial Coverage of Questions, Videos and Lessons"
IB,IB Diploma,Physical and Earth Science,English,Partial,"Partial Coverage of Questions, Videos and Lessons"
IB,IB Diploma,Physics,English,Partial,"Partial Coverage of Questions, Videos and Lessons"
IB,IB Diploma,Individuals & Societies,English,No,
IB,IB Diploma,Design,English,No,
IB,IB Diploma,Digital Design,English,No,
IB,IB Diploma,Economics,English,No,
IB,IB Diploma,Business Management,English,No,
IB,IB Diploma,History,English,No,
IB,IB Diploma,Geography,English,No,
IB,IB Diploma,Global Politics,English,No,
IB,IB Diploma,Psychology,English,No,
IB,IB Diploma,Philosophy,English,No,
IB,IB Diploma,Environmental Systems & Societies,English,No,
IB,IB Diploma,Computer Science,English,No,
IB,IB Diploma,Information Technology in a Global Society (ITGS),English,No,
IB,IB Diploma,Visual Arts,English,No,
IB,IB Diploma,Music,English,No,
IB,IB Diploma,Theatre,English,No,
IB,IB Diploma,Film,English,No,
IB,IB Diploma,Physical & Health Education,English,No,
IB,IB Diploma,English,English,No,
IB,IB Diploma,French,English,No,
IB,IB Diploma,Spanish,English,No,
IB,IB Diploma,German,English,No,
IB,IB Diploma,Mandarin Chinese,English,No,
IB,IB Diploma,Hindi,English,No,
IB,IB Diploma,Arabic,English,No,
IB,IB Diploma,Japanese,English,No,
IB,IB Diploma,Italian,English,No,
IB,IB Diploma,Portuguese,English,No,
IB,IB Diploma,Russian,English,No,
IB,IB Diploma,Dutch,English,No,
IB,IB Diploma,Turkish,English,No,
IB,IB Diploma,Korean,English,No,
IB,IB Diploma,Swedish,English,No,
IB,IB Diploma,Norwegian,English,No,
IB,IB Diploma,Danish,English,No,
IB,MYP:1-3,Biology,English,Partial,"Partial Coverage of Questions, Videos and Lessons"
IB,MYP:1-3,Chemistry,English,Partial,"Partial Coverage of Questions, Videos and Lessons"
IB,MYP:1-3,Life Science,English,Partial,"Partial Coverage of Questions, Videos and Lessons"
IB,MYP:1-3,Mathematics,English,Partial,"Partial Coverage of Questions, Videos and Lessons"
IB,MYP:1-3,Physical and Earth Science,English,Partial,"Partial Coverage of Questions, Videos and Lessons"
IB,MYP:1-3,Physics,English,Partial,"Partial Coverage of Questions, Videos and Lessons"
IB,MYP:1-3,Individuals & Societies,English,No,
IB,MYP:1-3,Design,English,No,
IB,MYP:1-3,Digital Design,English,No,
IB,MYP:1-3,Economics,English,No,
IB,MYP:1-3,Business Management,English,No,
IB,MYP:1-3,History,English,No,
IB,MYP:1-3,Geography,English,No,
IB,MYP:1-3,Global Politics,English,No,
IB,MYP:1-3,Psychology,English,No,
IB,MYP:1-3,Philosophy,English,No,
IB,MYP:1-3,Environmental Systems & Societies,English,No,
IB,MYP:1-3,Computer Science,English,No,
IB,MYP:1-3,Information Technology in a Global Society (ITGS),English,No,
IB,MYP:1-3,Visual Arts,English,No,
IB,MYP:1-3,Music,English,No,
IB,MYP:1-3,Theatre,English,No,
IB,MYP:1-3,Film,English,No,
IB,MYP:1-3,Physical & Health Education,English,No,
IB,MYP:1-3,English,English,No,
IB,MYP:1-3,French,English,No,
IB,MYP:1-3,Spanish,English,No,
IB,MYP:1-3,German,English,No,
IB,MYP:1-3,Mandarin Chinese,English,No,
IB,MYP:1-3,Hindi,English,No,
IB,MYP:1-3,Arabic,English,No,
IB,MYP:1-3,Japanese,English,No,
IB,MYP:1-3,Italian,English,No,
IB,MYP:1-3,Portuguese,English,No,
IB,MYP:1-3,Russian,English,No,
IB,MYP:1-3,Dutch,English,No,
IB,MYP:1-3,Turkish,English,No,
IB,MYP:1-3,Korean,English,No,
IB,MYP:1-3,Swedish,English,No,
IB,MYP:1-3,Norwegian,English,No,
IB,MYP:1-3,Danish,English,No,
IB,MYP:4-5,Biology,English,Partial,"Partial Coverage of Questions, Videos and Lessons"
IB,MYP:4-5,Chemistry,English,Partial,"Partial Coverage of Questions, Videos and Lessons"
IB,MYP:4-5,Life Science,English,Partial,"Partial Coverage of Questions, Videos and Lessons"
IB,MYP:4-5,Mathematics,English,Partial,"Partial Coverage of Questions, Videos and Lessons"
IB,MYP:4-5,Physical and Earth Science,English,Partial,"Partial Coverage of Questions, Videos and Lessons"
IB,MYP:4-5,Physics,English,Partial,"Partial Coverage of Questions, Videos and Lessons"
IB,MYP:4-5,Individuals & Societies,English,No,
IB,MYP:4-5,Design,English,No,
IB,MYP:4-5,Digital Design,English,No,
IB,MYP:4-5,Economics,English,No,
IB,MYP:4-5,Business Management,English,No,
IB,MYP:4-5,History,English,No,
IB,MYP:4-5,Geography,English,No,
IB,MYP:4-5,Global Politics,English,No,
IB,MYP:4-5,Psychology,English,No,
IB,MYP:4-5,Philosophy,English,No,
IB,MYP:4-5,Environmental Systems & Societies,English,No,
IB,MYP:4-5,Computer Science,English,No,
IB,MYP:4-5,Information Technology in a Global Society (ITGS),English,No,
IB,MYP:4-5,Visual Arts,English,No,
IB,MYP:4-5,Music,English,No,
IB,MYP:4-5,Theatre,English,No,
IB,MYP:4-5,Film,English,No,
IB,MYP:4-5,Physical & Health Education,English,No,
IB,MYP:4-5,English,English,No,
IB,MYP:4-5,French,English,No,
IB,MYP:4-5,Spanish,English,No,
IB,MYP:4-5,German,English,No,
IB,MYP:4-5,Mandarin Chinese,English,No,
IB,MYP:4-5,Hindi,English,No,
IB,MYP:4-5,Arabic,English,No,
IB,MYP:4-5,Japanese,English,No,
IB,MYP:4-5,Italian,English,No,
IB,MYP:4-5,Portuguese,English,No,
IB,MYP:4-5,Russian,English,No,
IB,MYP:4-5,Dutch,English,No,
IB,MYP:4-5,Turkish,English,No,
IB,MYP:4-5,Korean,English,No,
IB,MYP:4-5,Swedish,English,No,
IB,MYP:4-5,Norwegian,English,No,
IB,MYP:4-5,Danish,English,No,
ICSE,1st Grade,Mathematics,English,Partial,"Partial Coverage of Lessons, Videos and Pvt Publishers"
ICSE,1st Grade,Science,English,Partial,"Partial Coverage of Lessons, Videos and Pvt Publishers"
ICSE,1st Grade,Social Studies (basic),English,No,
ICSE,1st Grade,Computer Studies,English,No,
ICSE,1st Grade,General Knowledge,English,No,
ICSE,1st Grade,Moral Science / Value Education,English,No,
ICSE,1st Grade,Physical Education,English,No,
ICSE,1st Grade,Art & Craft,English,No,
ICSE,1st Grade,Work Education,English,No,
ICSE,1st Grade,English,English,No,
ICSE,1st Grade,Hindi,English,No,
ICSE,1st Grade,Assamese,English,No,
ICSE,1st Grade,Bengali,English,No,
ICSE,1st Grade,Gujarati,English,No,
ICSE,1st Grade,Kannada,English,No,
ICSE,1st Grade,Malayalam,English,No,
ICSE,1st Grade,Marathi,English,No,
ICSE,1st Grade,Odia,English,No,
ICSE,1st Grade,Punjabi,English,No,
ICSE,1st Grade,Tamil,English,No,
ICSE,1st Grade,Telugu,English,No,
ICSE,1st Grade,Urdu,English,No,
ICSE,1st Grade,French German,English,No,
ICSE,1st Grade,Spanish,English,No,
ICSE,2nd Grade,Mathematics,English,Partial,"Partial Coverage of Lessons, Videos and Pvt Publishers"
ICSE,2nd Grade,Science,English,Partial,"Partial Coverage of Lessons, Videos and Pvt Publishers"
ICSE,2nd Grade,Social Studies (basic),English,No,
ICSE,2nd Grade,Computer Studies,English,No,
ICSE,2nd Grade,General Knowledge,English,No,
ICSE,2nd Grade,Moral Science / Value Education,English,No,
ICSE,2nd Grade,Physical Education,English,No,
ICSE,2nd Grade,Art & Craft,English,No,
ICSE,2nd Grade,Work Education,English,No,
ICSE,2nd Grade,English,English,No,
ICSE,2nd Grade,Hindi,English,No,
ICSE,2nd Grade,Assamese,English,No,
ICSE,2nd Grade,Bengali,English,No,
ICSE,2nd Grade,Gujarati,English,No,
ICSE,2nd Grade,Kannada,English,No,
ICSE,2nd Grade,Malayalam,English,No,
ICSE,2nd Grade,Marathi,English,No,
ICSE,2nd Grade,Odia,English,No,
ICSE,2nd Grade,Punjabi,English,No,
ICSE,2nd Grade,Tamil,English,No,
ICSE,2nd Grade,Telugu,English,No,
ICSE,2nd Grade,Urdu,English,No,
ICSE,2nd Grade,French German,English,No,
ICSE,2nd Grade,Spanish,English,No,
ICSE,3rd Grade,Mathematics,English,Partial,"Partial Coverage of Lessons, Videos and Pvt Publishers"
ICSE,3rd Grade,Science,English,Partial,"Partial Coverage of Lessons, Videos and Pvt Publishers"
ICSE,3rd Grade,Social Studies (basic),English,No,
ICSE,3rd Grade,Computer Studies,English,No,
ICSE,3rd Grade,General Knowledge,English,No,
ICSE,3rd Grade,Moral Science / Value Education,English,No,
ICSE,3rd Grade,Physical Education,English,No,
ICSE,3rd Grade,Art & Craft,English,No,
ICSE,3rd Grade,Work Education,English,No,
ICSE,3rd Grade,English,English,No,
ICSE,3rd Grade,Hindi,English,No,
ICSE,3rd Grade,Assamese,English,No,
ICSE,3rd Grade,Bengali,English,No,
ICSE,3rd Grade,Gujarati,English,No,
ICSE,3rd Grade,Kannada,English,No,
ICSE,3rd Grade,Malayalam,English,No,
ICSE,3rd Grade,Marathi,English,No,
ICSE,3rd Grade,Odia,English,No,
ICSE,3rd Grade,Punjabi,English,No,
ICSE,3rd Grade,Tamil,English,No,
ICSE,3rd Grade,Telugu,English,No,
ICSE,3rd Grade,Urdu,English,No,
ICSE,3rd Grade,French German,English,No,
ICSE,3rd Grade,Spanish,English,No,
ICSE,4th Grade,Mathematics,English,Partial,"Partial Coverage of Lessons, Videos and Pvt Publishers"
ICSE,4th Grade,Science,English,Partial,"Partial Coverage of Lessons, Videos and Pvt Publishers"
ICSE,4th Grade,Social Studies (basic),English,No,
ICSE,4th Grade,Computer Studies,English,No,
ICSE,4th Grade,General Knowledge,English,No,
ICSE,4th Grade,Moral Science / Value Education,English,No,
ICSE,4th Grade,Physical Education,English,No,
ICSE,4th Grade,Art & Craft,English,No,
ICSE,4th Grade,Work Education,English,No,
ICSE,4th Grade,English,English,No,
ICSE,4th Grade,Hindi,English,No,
ICSE,4th Grade,Assamese,English,No,
ICSE,4th Grade,Bengali,English,No,
ICSE,4th Grade,Gujarati,English,No,
ICSE,4th Grade,Kannada,English,No,
ICSE,4th Grade,Malayalam,English,No,
ICSE,4th Grade,Marathi,English,No,
ICSE,4th Grade,Odia,English,No,
ICSE,4th Grade,Punjabi,English,No,
ICSE,4th Grade,Tamil,English,No,
ICSE,4th Grade,Telugu,English,No,
ICSE,4th Grade,Urdu,English,No,
ICSE,4th Grade,French German,English,No,
ICSE,4th Grade,Spanish,English,No,
ICSE,5th Grade,Mathematics,English,Partial,"Partial Coverage of Lessons, Videos and Pvt Publishers"
ICSE,5th Grade,Science,English,Partial,"Partial Coverage of Lessons, Videos and Pvt Publishers"
ICSE,5th Grade,Social Studies (basic),English,No,
ICSE,5th Grade,Computer Studies,English,No,
ICSE,5th Grade,General Knowledge,English,No,
ICSE,5th Grade,Moral Science / Value Education,English,No,
ICSE,5th Grade,Physical Education,English,No,
ICSE,5th Grade,Art & Craft,English,No,
ICSE,5th Grade,Work Education,English,No,
ICSE,5th Grade,English,English,No,
ICSE,5th Grade,Hindi,English,No,
ICSE,5th Grade,Assamese,English,No,
ICSE,5th Grade,Bengali,English,No,
ICSE,5th Grade,Gujarati,English,No,
ICSE,5th Grade,Kannada,English,No,
ICSE,5th Grade,Malayalam,English,No,
ICSE,5th Grade,Marathi,English,No,
ICSE,5th Grade,Odia,English,No,
ICSE,5th Grade,Punjabi,English,No,
ICSE,5th Grade,Tamil,English,No,
ICSE,5th Grade,Telugu,English,No,
ICSE,5th Grade,Urdu,English,No,
ICSE,5th Grade,French German,English,No,
ICSE,5th Grade,Spanish,English,No,
ICSE,6th Grade,Mathematics,English,Yes,
ICSE,6th Grade,Science,English,Yes,
ICSE,6th Grade,Social Science,English,No,
ICSE,6th Grade,Environmental Science,English,No,
ICSE,6th Grade,Computer Applications,English,No,
ICSE,6th Grade,Commercial Studies,English,No,
ICSE,6th Grade,Economics Applications,English,No,
ICSE,6th Grade,Physical Education,English,No,
ICSE,6th Grade,Art Education,English,No,
ICSE,6th Grade,Work Education,English,No,
ICSE,6th Grade,English,English,No,
ICSE,6th Grade,Hindi,English,No,
ICSE,6th Grade,Sanskrit,English,No,
ICSE,6th Grade,French,English,No,
ICSE,6th Grade,German,English,No,
ICSE,6th Grade,Spanish,English,No,
ICSE,6th Grade,Bengali,English,No,
ICSE,6th Grade,Gujarati,English,No,
ICSE,6th Grade,Kannada,English,No,
ICSE,6th Grade,Tamil,English,No,
ICSE,6th Grade,Telugu,English,No,
ICSE,6th Grade,Marathi,English,No,
ICSE,6th Grade,Odia,English,No,
ICSE,6th Grade,Punjabi,English,No,
ICSE,6th Grade,Urdu,English,No,
ICSE,7th Grade,Mathematics,English,Yes,
ICSE,7th Grade,Science,English,Yes,
ICSE,7th Grade,Social Science,English,No,
ICSE,7th Grade,Environmental Science,English,No,
ICSE,7th Grade,Computer Applications,English,No,
ICSE,7th Grade,Commercial Studies,English,No,
ICSE,7th Grade,Economics Applications,English,No,
ICSE,7th Grade,Physical Education,English,No,
ICSE,7th Grade,Art Education,English,No,
ICSE,7th Grade,Work Education,English,No,
ICSE,7th Grade,English,English,No,
ICSE,7th Grade,Hindi,English,No,
ICSE,7th Grade,Sanskrit,English,No,
ICSE,7th Grade,French,English,No,
ICSE,7th Grade,German,English,No,
ICSE,7th Grade,Spanish,English,No,
ICSE,7th Grade,Bengali,English,No,
ICSE,7th Grade,Gujarati,English,No,
ICSE,7th Grade,Kannada,English,No,
ICSE,7th Grade,Tamil,English,No,
ICSE,7th Grade,Telugu,English,No,
ICSE,7th Grade,Marathi,English,No,
ICSE,7th Grade,Odia,English,No,
ICSE,7th Grade,Punjabi,English,No,
ICSE,7th Grade,Urdu,English,No,
ICSE,8th Grade,Mathematics,English,Yes,
ICSE,8th Grade,Science,English,Partial,Partial Coverage of lessons and videos
ICSE,8th Grade,Social Science,English,No,
ICSE,8th Grade,Environmental Science,English,No,
ICSE,8th Grade,Computer Applications,English,No,
ICSE,8th Grade,Commercial Studies,English,No,
ICSE,8th Grade,Economics Applications,English,No,
ICSE,8th Grade,Physical Education,English,No,
ICSE,8th Grade,Art Education,English,No,
ICSE,8th Grade,Work Education,English,No,
ICSE,8th Grade,English,English,No,
ICSE,8th Grade,Hindi,English,No,
ICSE,8th Grade,Sanskrit,English,No,
ICSE,8th Grade,French,English,No,
ICSE,8th Grade,German,English,No,
ICSE,8th Grade,Spanish,English,No,
ICSE,8th Grade,Bengali,English,No,
ICSE,8th Grade,Gujarati,English,No,
ICSE,8th Grade,Kannada,English,No,
ICSE,8th Grade,Tamil,English,No,
ICSE,8th Grade,Telugu,English,No,
ICSE,8th Grade,Marathi,English,No,
ICSE,8th Grade,Odia,English,No,
ICSE,8th Grade,Punjabi,English,No,
ICSE,8th Grade,Urdu,English,No,
ICSE,9th Grade,Mathematics,English,Partial,Partial Coverage of lessons and videos
ICSE,9th Grade,Science,English,Partial,Partial Coverage of lessons and videos
ICSE,9th Grade,Social Science,English,No,
ICSE,9th Grade,Environmental Science,English,No,
ICSE,9th Grade,Computer Applications,English,No,
ICSE,9th Grade,Commercial Studies,English,No,
ICSE,9th Grade,Economics Applications,English,No,
ICSE,9th Grade,Physical Education,English,No,
ICSE,9th Grade,Art Education,English,No,
ICSE,9th Grade,Work Education,English,No,
ICSE,9th Grade,English,English,No,
ICSE,9th Grade,Hindi,English,No,
ICSE,9th Grade,Sanskrit,English,No,
ICSE,9th Grade,French,English,No,
ICSE,9th Grade,German,English,No,
ICSE,9th Grade,Spanish,English,No,
ICSE,9th Grade,Bengali,English,No,
ICSE,9th Grade,Gujarati,English,No,
ICSE,9th Grade,Kannada,English,No,
ICSE,9th Grade,Tamil,English,No,
ICSE,9th Grade,Telugu,English,No,
ICSE,9th Grade,Marathi,English,No,
ICSE,9th Grade,Odia,English,No,
ICSE,9th Grade,Punjabi,English,No,
ICSE,9th Grade,Urdu,English,No,
ICSE,10th Grade,Mathematics,English,Partial,Partial Coverage of lessons and videos
ICSE,10th Grade,Science,English,Partial,Partial Coverage of lessons and videos
ICSE,10th Grade,Social Science,English,No,
ICSE,10th Grade,Environmental Science,English,No,
ICSE,10th Grade,Computer Applications,English,No,
ICSE,10th Grade,Commercial Studies,English,No,
ICSE,10th Grade,Economics Applications,English,No,
ICSE,10th Grade,Physical Education,English,No,
ICSE,10th Grade,Art Education,English,No,
ICSE,10th Grade,Work Education,English,No,
ICSE,10th Grade,English,English,No,
ICSE,10th Grade,Hindi,English,No,
ICSE,10th Grade,Sanskrit,English,No,
ICSE,10th Grade,French,English,No,
ICSE,10th Grade,German,English,No,
ICSE,10th Grade,Spanish,English,No,
ICSE,10th Grade,Bengali,English,No,
ICSE,10th Grade,Gujarati,English,No,
ICSE,10th Grade,Kannada,English,No,
ICSE,10th Grade,Tamil,English,No,
ICSE,10th Grade,Telugu,English,No,
ICSE,10th Grade,Marathi,English,No,
ICSE,10th Grade,Odia,English,No,
ICSE,10th Grade,Punjabi,English,No,
ICSE,10th Grade,Urdu,English,No,
ICSE,11th Grade,Physics,English,Yes,
ICSE,11th Grade,Chemistry,English,Partial,Partial Coverage of lessons and videos
ICSE,11th Grade,Mathematics,English,Partial,Partial Coverage of lessons and videos
ICSE,11th Grade,Biology,English,Yes,
ICSE,11th Grade,Applied Mathematics,English,No,
ICSE,11th Grade,Computer Science,English,No,
ICSE,11th Grade,Environmental Science,English,No,
ICSE,11th Grade,Biotechnology,English,No,
ICSE,11th Grade,Economics,English,No,
ICSE,11th Grade,History,English,No,
ICSE,11th Grade,Geography,English,No,
ICSE,11th Grade,Political Science,English,No,
ICSE,11th Grade,Sociology,English,No,
ICSE,11th Grade,Psychology,English,No,
ICSE,11th Grade,Philosophy,English,No,
ICSE,11th Grade,Home Science,English,No,
ICSE,11th Grade,Legal Studies,English,No,
ICSE,11th Grade,Accountancy,English,No,
ICSE,11th Grade,Business Studies,English,No,
ICSE,11th Grade,Commerce,English,No,
ICSE,11th Grade,Entrepreneurship,English,No,
ICSE,11th Grade,Statistics,English,No,
ICSE,11th Grade,Fashion Designing,English,No,
ICSE,11th Grade,Hospitality Management,English,No,
ICSE,11th Grade,Fine Arts,English,No,
ICSE,11th Grade,Music,English,No,
ICSE,11th Grade,Physical Education,English,No,
ICSE,11th Grade,English,English,No,
ICSE,11th Grade,Hindi,English,No,
ICSE,11th Grade,Sanskrit,English,No,
ICSE,11th Grade,French,English,No,
ICSE,11th Grade,German,English,No,
ICSE,11th Grade,Spanish,English,No,
ICSE,11th Grade,Bengali,English,No,
ICSE,11th Grade,Gujarati,English,No,
ICSE,11th Grade,Kannada,English,No,
ICSE,11th Grade,Tamil,English,No,
ICSE,11th Grade,Telugu,English,No,
ICSE,11th Grade,Marathi,English,No,
ICSE,11th Grade,Odia,English,No,
ICSE,11th Grade,Punjabi,English,No,
ICSE,11th Grade,Urdu,English,No,
ICSE,12th Grade,Physics,English,Yes,
ICSE,12th Grade,Chemistry,English,Yes,
ICSE,12th Grade,Mathematics,English,Partial,Partial Coverage of lessons and videos
ICSE,12th Grade,Biology,English,Yes,
ICSE,12th Grade,Applied Mathematics,English,No,
ICSE,12th Grade,Computer Science,English,No,
ICSE,12th Grade,Environmental Science,English,No,
ICSE,12th Grade,Biotechnology,English,No,
ICSE,12th Grade,Economics,English,No,
ICSE,12th Grade,History,English,No,
ICSE,12th Grade,Geography,English,No,
ICSE,12th Grade,Political Science,English,No,
ICSE,12th Grade,Sociology,English,No,
ICSE,12th Grade,Psychology,English,No,
ICSE,12th Grade,Philosophy,English,No,
ICSE,12th Grade,Home Science,English,No,
ICSE,12th Grade,Legal Studies,English,No,
ICSE,12th Grade,Accountancy,English,No,
ICSE,12th Grade,Business Studies,English,No,
ICSE,12th Grade,Commerce,English,No,
ICSE,12th Grade,Entrepreneurship,English,No,
ICSE,12th Grade,Statistics,English,No,
ICSE,12th Grade,Fashion Designing,English,No,
ICSE,12th Grade,Hospitality Management,English,No,
ICSE,12th Grade,Fine Arts,English,No,
ICSE,12th Grade,Music,English,No,
ICSE,12th Grade,Physical Education,English,No,
ICSE,12th Grade,English,English,No,
ICSE,12th Grade,Hindi,English,No,
ICSE,12th Grade,Sanskrit,English,No,
ICSE,12th Grade,French,English,No,
ICSE,12th Grade,German,English,No,
ICSE,12th Grade,Spanish,English,No,
ICSE,12th Grade,Bengali,English,No,
ICSE,12th Grade,Gujarati,English,No,
ICSE,12th Grade,Kannada,English,No,
ICSE,12th Grade,Tamil,English,No,
ICSE,12th Grade,Telugu,English,No,
ICSE,12th Grade,Marathi,English,No,
ICSE,12th Grade,Odia,English,No,
ICSE,12th Grade,Punjabi,English,No,
ICSE,12th Grade,Urdu,English,No,
Jammu and Kashmir Board,1st Grade,Mathematics,English,No,
Jammu and Kashmir Board,1st Grade,Environmental Studies,English,No,
Jammu and Kashmir Board,1st Grade,Computer Awareness,English,No,
Jammu and Kashmir Board,1st Grade,General Knowledge,English,No,
Jammu and Kashmir Board,1st Grade,Moral Education,English,No,
Jammu and Kashmir Board,1st Grade,Physical Education,English,No,
Jammu and Kashmir Board,1st Grade,Art & Craft,English,No,
Jammu and Kashmir Board,1st Grade,Work Education,English,No,
Jammu and Kashmir Board,1st Grade,English,English,No,
Jammu and Kashmir Board,1st Grade,Hindi,English,No,
Jammu and Kashmir Board,1st Grade,Urdu,English,No,
Jammu and Kashmir Board,1st Grade,Kashmiri,English,No,
Jammu and Kashmir Board,1st Grade,Dogri,English,No,
Jammu and Kashmir Board,2nd Grade,Mathematics,English,No,
Jammu and Kashmir Board,2nd Grade,Environmental Studies,English,No,
Jammu and Kashmir Board,2nd Grade,Computer Awareness,English,No,
Jammu and Kashmir Board,2nd Grade,General Knowledge,English,No,
Jammu and Kashmir Board,2nd Grade,Moral Education,English,No,
Jammu and Kashmir Board,2nd Grade,Physical Education,English,No,
Jammu and Kashmir Board,2nd Grade,Art & Craft,English,No,
Jammu and Kashmir Board,2nd Grade,Work Education,English,No,
Jammu and Kashmir Board,2nd Grade,English,English,No,
Jammu and Kashmir Board,2nd Grade,Hindi,English,No,
Jammu and Kashmir Board,2nd Grade,Urdu,English,No,
Jammu and Kashmir Board,2nd Grade,Kashmiri,English,No,
Jammu and Kashmir Board,2nd Grade,Dogri,English,No,
Jammu and Kashmir Board,3rd Grade,Mathematics,English,No,
Jammu and Kashmir Board,3rd Grade,Environmental Studies,English,No,
Jammu and Kashmir Board,3rd Grade,Computer Awareness,English,No,
Jammu and Kashmir Board,3rd Grade,General Knowledge,English,No,
Jammu and Kashmir Board,3rd Grade,Moral Education,English,No,
Jammu and Kashmir Board,3rd Grade,Physical Education,English,No,
Jammu and Kashmir Board,3rd Grade,Art & Craft,English,No,
Jammu and Kashmir Board,3rd Grade,Work Education,English,No,
Jammu and Kashmir Board,3rd Grade,English,English,No,
Jammu and Kashmir Board,3rd Grade,Hindi,English,No,
Jammu and Kashmir Board,3rd Grade,Urdu,English,No,
Jammu and Kashmir Board,3rd Grade,Kashmiri,English,No,
Jammu and Kashmir Board,3rd Grade,Dogri,English,No,
Jammu and Kashmir Board,4th Grade,Mathematics,English,No,
Jammu and Kashmir Board,4th Grade,Environmental Studies,English,No,
Jammu and Kashmir Board,4th Grade,Computer Awareness,English,No,
Jammu and Kashmir Board,4th Grade,General Knowledge,English,No,
Jammu and Kashmir Board,4th Grade,Moral Education,English,No,
Jammu and Kashmir Board,4th Grade,Physical Education,English,No,
Jammu and Kashmir Board,4th Grade,Art & Craft,English,No,
Jammu and Kashmir Board,4th Grade,Work Education,English,No,
Jammu and Kashmir Board,4th Grade,English,English,No,
Jammu and Kashmir Board,4th Grade,Hindi,English,No,
Jammu and Kashmir Board,4th Grade,Urdu,English,No,
Jammu and Kashmir Board,4th Grade,Kashmiri,English,No,
Jammu and Kashmir Board,4th Grade,Dogri,English,No,
Jammu and Kashmir Board,5th Grade,Mathematics,English,No,
Jammu and Kashmir Board,5th Grade,Environmental Studies,English,No,
Jammu and Kashmir Board,5th Grade,Computer Awareness,English,No,
Jammu and Kashmir Board,5th Grade,General Knowledge,English,No,
Jammu and Kashmir Board,5th Grade,Moral Education,English,No,
Jammu and Kashmir Board,5th Grade,Physical Education,English,No,
Jammu and Kashmir Board,5th Grade,Art & Craft,English,No,
Jammu and Kashmir Board,5th Grade,Work Education,English,No,
Jammu and Kashmir Board,5th Grade,English,English,No,
Jammu and Kashmir Board,5th Grade,Hindi,English,No,
Jammu and Kashmir Board,5th Grade,Urdu,English,No,
Jammu and Kashmir Board,5th Grade,Kashmiri,English,No,
Jammu and Kashmir Board,5th Grade,Dogri,English,No,
Jammu and Kashmir Board,6th Grade,Mathematics,English,Yes,
Jammu and Kashmir Board,6th Grade,Science,English,Yes,
Jammu and Kashmir Board,6th Grade,Social Science,English,Partial,"Deficiency of Videos, Lessons and Pvt Publication Books"
Jammu and Kashmir Board,6th Grade,Environmental Studies,English,No,
Jammu and Kashmir Board,6th Grade,Computer Education,English,No,
Jammu and Kashmir Board,6th Grade,Physical Education,English,No,
Jammu and Kashmir Board,6th Grade,Art Education,English,No,
Jammu and Kashmir Board,6th Grade,Work Education,English,No,
Jammu and Kashmir Board,6th Grade,English,English,No,
Jammu and Kashmir Board,6th Grade,Hindi,English,No,
Jammu and Kashmir Board,6th Grade,Urdu,English,No,
Jammu and Kashmir Board,6th Grade,Kashmiri,English,No,
Jammu and Kashmir Board,6th Grade,Dogri,English,No,
Jammu and Kashmir Board,6th Grade,Sanskrit,English,No,
Jammu and Kashmir Board,7th Grade,Mathematics,English,Yes,
Jammu and Kashmir Board,7th Grade,Science,English,Yes,
Jammu and Kashmir Board,7th Grade,Social Science,English,Partial,"Deficiency of Videos, Lessons and Pvt Publication Books"
Jammu and Kashmir Board,7th Grade,Environmental Studies,English,No,
Jammu and Kashmir Board,7th Grade,Computer Education,English,No,
Jammu and Kashmir Board,7th Grade,Physical Education,English,No,
Jammu and Kashmir Board,7th Grade,Art Education,English,No,
Jammu and Kashmir Board,7th Grade,Work Education,English,No,
Jammu and Kashmir Board,7th Grade,English,English,No,
Jammu and Kashmir Board,7th Grade,Hindi,English,No,
Jammu and Kashmir Board,7th Grade,Urdu,English,No,
Jammu and Kashmir Board,7th Grade,Kashmiri,English,No,
Jammu and Kashmir Board,7th Grade,Dogri,English,No,
Jammu and Kashmir Board,7th Grade,Sanskrit,English,No,
Jammu and Kashmir Board,8th Grade,Mathematics,English,Yes,
Jammu and Kashmir Board,8th Grade,Science,English,Yes,
Jammu and Kashmir Board,8th Grade,Social Science,English,Partial,"Deficiency of Videos, Lessons and Pvt Publication Books"
Jammu and Kashmir Board,8th Grade,Environmental Studies,English,No,
Jammu and Kashmir Board,8th Grade,Computer Education,English,No,
Jammu and Kashmir Board,8th Grade,Physical Education,English,No,
Jammu and Kashmir Board,8th Grade,Art Education,English,No,
Jammu and Kashmir Board,8th Grade,Work Education,English,No,
Jammu and Kashmir Board,8th Grade,English,English,No,
Jammu and Kashmir Board,8th Grade,Hindi,English,No,
Jammu and Kashmir Board,8th Grade,Urdu,English,No,
Jammu and Kashmir Board,8th Grade,Kashmiri,English,No,
Jammu and Kashmir Board,8th Grade,Dogri,English,No,
Jammu and Kashmir Board,8th Grade,Sanskrit,English,No,
Jammu and Kashmir Board,9th Grade,Mathematics,English,Yes,
Jammu and Kashmir Board,9th Grade,Science,English,Yes,
Jammu and Kashmir Board,9th Grade,Social Science,English,Partial,"Deficiency of Videos, Lessons and Pvt Publication Books"
Jammu and Kashmir Board,9th Grade,Environmental Studies,English,No,
Jammu and Kashmir Board,9th Grade,Computer Education,English,No,
Jammu and Kashmir Board,9th Grade,Physical Education,English,No,
Jammu and Kashmir Board,9th Grade,Art Education,English,No,
Jammu and Kashmir Board,9th Grade,Work Education,English,No,
Jammu and Kashmir Board,9th Grade,English,English,No,
Jammu and Kashmir Board,9th Grade,Hindi,English,No,
Jammu and Kashmir Board,9th Grade,Urdu,English,No,
Jammu and Kashmir Board,9th Grade,Kashmiri,English,No,
Jammu and Kashmir Board,9th Grade,Dogri,English,No,
Jammu and Kashmir Board,9th Grade,Sanskrit,English,No,
Jammu and Kashmir Board,10th Grade,Mathematics,English,Yes,
Jammu and Kashmir Board,10th Grade,Science,English,Yes,
Jammu and Kashmir Board,10th Grade,Social Science,English,Partial,"Deficiency of Videos, Lessons and Pvt Publication Books"
Jammu and Kashmir Board,10th Grade,Environmental Studies,English,No,
Jammu and Kashmir Board,10th Grade,Computer Education,English,No,
Jammu and Kashmir Board,10th Grade,Physical Education,English,No,
Jammu and Kashmir Board,10th Grade,Art Education,English,No,
Jammu and Kashmir Board,10th Grade,Work Education,English,No,
Jammu and Kashmir Board,10th Grade,English,English,No,
Jammu and Kashmir Board,10th Grade,Hindi,English,No,
Jammu and Kashmir Board,10th Grade,Urdu,English,No,
Jammu and Kashmir Board,10th Grade,Kashmiri,English,No,
Jammu and Kashmir Board,10th Grade,Dogri,English,No,
Jammu and Kashmir Board,10th Grade,Sanskrit,English,No,
Jammu and Kashmir Board,11th Grade,Physics,English,Yes,
Jammu and Kashmir Board,11th Grade,Chemistry,English,Yes,
Jammu and Kashmir Board,11th Grade,Mathematics,English,Yes,
Jammu and Kashmir Board,11th Grade,Biology,English,Yes,
Jammu and Kashmir Board,11th Grade,Computer Science,English,No,
Jammu and Kashmir Board,11th Grade,Environmental Science,English,No,
Jammu and Kashmir Board,11th Grade,Economics,English,No,
Jammu and Kashmir Board,11th Grade,History,English,No,
Jammu and Kashmir Board,11th Grade,Geography,English,No,
Jammu and Kashmir Board,11th Grade,Political Science,English,No,
Jammu and Kashmir Board,11th Grade,Sociology,English,No,
Jammu and Kashmir Board,11th Grade,Psychology,English,No,
Jammu and Kashmir Board,11th Grade,Philosophy,English,No,
Jammu and Kashmir Board,11th Grade,Home Science,English,No,
Jammu and Kashmir Board,11th Grade,Physical Education,English,No,
Jammu and Kashmir Board,11th Grade,Accountancy,English,No,
Jammu and Kashmir Board,11th Grade,Business Studies,English,No,
Jammu and Kashmir Board,11th Grade,Entrepreneurship,English,No,
Jammu and Kashmir Board,11th Grade,Statistics,English,No,
Jammu and Kashmir Board,11th Grade,Agriculture,English,No,
Jammu and Kashmir Board,11th Grade,English,English,No,
Jammu and Kashmir Board,11th Grade,Hindi,English,No,
Jammu and Kashmir Board,11th Grade,Urdu,English,No,
Jammu and Kashmir Board,11th Grade,Kashmiri,English,No,
Jammu and Kashmir Board,11th Grade,Dogri,English,No,
Jammu and Kashmir Board,11th Grade,Sanskrit,English,No,
Jammu and Kashmir Board,12th Grade,Physics,English,Yes,
Jammu and Kashmir Board,12th Grade,Chemistry,English,Yes,
Jammu and Kashmir Board,12th Grade,Mathematics,English,Yes,
Jammu and Kashmir Board,12th Grade,Biology,English,Yes,
Jammu and Kashmir Board,12th Grade,Computer Science,English,No,
Jammu and Kashmir Board,12th Grade,Environmental Science,English,No,
Jammu and Kashmir Board,12th Grade,Economics,English,No,
Jammu and Kashmir Board,12th Grade,History,English,No,
Jammu and Kashmir Board,12th Grade,Geography,English,No,
Jammu and Kashmir Board,12th Grade,Political Science,English,No,
Jammu and Kashmir Board,12th Grade,Sociology,English,No,
Jammu and Kashmir Board,12th Grade,Psychology,English,No,
Jammu and Kashmir Board,12th Grade,Philosophy,English,No,
Jammu and Kashmir Board,12th Grade,Home Science,English,No,
Jammu and Kashmir Board,12th Grade,Physical Education,English,No,
Jammu and Kashmir Board,12th Grade,Accountancy,English,No,
Jammu and Kashmir Board,12th Grade,Business Studies,English,No,
Jammu and Kashmir Board,12th Grade,Entrepreneurship,English,No,
Jammu and Kashmir Board,12th Grade,Statistics,English,No,
Jammu and Kashmir Board,12th Grade,Agriculture,English,No,
Jammu and Kashmir Board,12th Grade,English,English,No,
Jammu and Kashmir Board,12th Grade,Hindi,English,No,
Jammu and Kashmir Board,12th Grade,Urdu,English,No,
Jammu and Kashmir Board,12th Grade,Kashmiri,English,No,
Jammu and Kashmir Board,12th Grade,Dogri,English,No,
Jammu and Kashmir Board,12th Grade,Sanskrit,English,No,
Jharkhand Board,1st Grade,Mathematics,English,No,
Jharkhand Board,1st Grade,Environmental Studies,English,No,
Jharkhand Board,1st Grade,Computer Awareness,English,No,
Jharkhand Board,1st Grade,General Knowledge,English,No,
Jharkhand Board,1st Grade,Moral Education,English,No,
Jharkhand Board,1st Grade,Physical Education,English,No,
Jharkhand Board,1st Grade,Art & Craft,English,No,
Jharkhand Board,1st Grade,Work Education,English,No,
Jharkhand Board,1st Grade,English,English,No,
Jharkhand Board,1st Grade,Hindi,English,No,
Jharkhand Board,1st Grade,Urdu,English,No,
Jharkhand Board,1st Grade,Bengali,English,No,
Jharkhand Board,2nd Grade,Mathematics,English,No,
Jharkhand Board,2nd Grade,Environmental Studies,English,No,
Jharkhand Board,2nd Grade,Computer Awareness,English,No,
Jharkhand Board,2nd Grade,General Knowledge,English,No,
Jharkhand Board,2nd Grade,Moral Education,English,No,
Jharkhand Board,2nd Grade,Physical Education,English,No,
Jharkhand Board,2nd Grade,Art & Craft,English,No,
Jharkhand Board,2nd Grade,Work Education,English,No,
Jharkhand Board,2nd Grade,English,English,No,
Jharkhand Board,2nd Grade,Hindi,English,No,
Jharkhand Board,2nd Grade,Urdu,English,No,
Jharkhand Board,2nd Grade,Bengali,English,No,
Jharkhand Board,3rd Grade,Mathematics,English,No,
Jharkhand Board,3rd Grade,Environmental Studies,English,No,
Jharkhand Board,3rd Grade,Computer Awareness,English,No,
Jharkhand Board,3rd Grade,General Knowledge,English,No,
Jharkhand Board,3rd Grade,Moral Education,English,No,
Jharkhand Board,3rd Grade,Physical Education,English,No,
Jharkhand Board,3rd Grade,Art & Craft,English,No,
Jharkhand Board,3rd Grade,Work Education,English,No,
Jharkhand Board,3rd Grade,English,English,No,
Jharkhand Board,3rd Grade,Hindi,English,No,
Jharkhand Board,3rd Grade,Urdu,English,No,
Jharkhand Board,3rd Grade,Bengali,English,No,
Jharkhand Board,4th Grade,Mathematics,English,No,
Jharkhand Board,4th Grade,Environmental Studies,English,No,
Jharkhand Board,4th Grade,Computer Awareness,English,No,
Jharkhand Board,4th Grade,General Knowledge,English,No,
Jharkhand Board,4th Grade,Moral Education,English,No,
Jharkhand Board,4th Grade,Physical Education,English,No,
Jharkhand Board,4th Grade,Art & Craft,English,No,
Jharkhand Board,4th Grade,Work Education,English,No,
Jharkhand Board,4th Grade,English,English,No,
Jharkhand Board,4th Grade,Hindi,English,No,
Jharkhand Board,4th Grade,Urdu,English,No,
Jharkhand Board,4th Grade,Bengali,English,No,
Jharkhand Board,5th Grade,Mathematics,English,No,
Jharkhand Board,5th Grade,Environmental Studies,English,No,
Jharkhand Board,5th Grade,Computer Awareness,English,No,
Jharkhand Board,5th Grade,General Knowledge,English,No,
Jharkhand Board,5th Grade,Moral Education,English,No,
Jharkhand Board,5th Grade,Physical Education,English,No,
Jharkhand Board,5th Grade,Art & Craft,English,No,
Jharkhand Board,5th Grade,Work Education,English,No,
Jharkhand Board,5th Grade,English,English,No,
Jharkhand Board,5th Grade,Hindi,English,No,
Jharkhand Board,5th Grade,Urdu,English,No,
Jharkhand Board,5th Grade,Bengali,English,No,
Jharkhand Board,6th Grade,Mathematics,English,Yes,
Jharkhand Board,6th Grade,Science,English,Yes,
Jharkhand Board,6th Grade,Social Science,English,Partial,Partial Coverage of Lessons and Videos
Jharkhand Board,6th Grade,Environmental Studies,English,No,
Jharkhand Board,6th Grade,Computer Education,English,No,
Jharkhand Board,6th Grade,Physical Education,English,No,
Jharkhand Board,6th Grade,Art Education,English,No,
Jharkhand Board,6th Grade,Work Education,English,No,
Jharkhand Board,6th Grade,English,English,No,
Jharkhand Board,6th Grade,Hindi,English,No,
Jharkhand Board,6th Grade,Sanskrit,English,No,
Jharkhand Board,6th Grade,Urdu,English,No,
Jharkhand Board,6th Grade,Bengali,English,No,
Jharkhand Board,7th Grade,Mathematics,English,Yes,
Jharkhand Board,7th Grade,Science,English,Yes,
Jharkhand Board,7th Grade,Social Science,English,Partial,Partial Coverage of Lessons and Videos
Jharkhand Board,7th Grade,Environmental Studies,English,No,
Jharkhand Board,7th Grade,Computer Education,English,No,
Jharkhand Board,7th Grade,Physical Education,English,No,
Jharkhand Board,7th Grade,Art Education,English,No,
Jharkhand Board,7th Grade,Work Education,English,No,
Jharkhand Board,7th Grade,English,English,No,
Jharkhand Board,7th Grade,Hindi,English,No,
Jharkhand Board,7th Grade,Sanskrit,English,No,
Jharkhand Board,7th Grade,Urdu,English,No,
Jharkhand Board,7th Grade,Bengali,English,No,
Jharkhand Board,8th Grade,Mathematics,English,Yes,
Jharkhand Board,8th Grade,Science,English,Yes,
Jharkhand Board,8th Grade,Social Science,English,Partial,Partial Coverage of Lessons and Videos
Jharkhand Board,8th Grade,Environmental Studies,English,No,
Jharkhand Board,8th Grade,Computer Education,English,No,
Jharkhand Board,8th Grade,Physical Education,English,No,
Jharkhand Board,8th Grade,Art Education,English,No,
Jharkhand Board,8th Grade,Work Education,English,No,
Jharkhand Board,8th Grade,English,English,No,
Jharkhand Board,8th Grade,Hindi,English,No,
Jharkhand Board,8th Grade,Sanskrit,English,No,
Jharkhand Board,8th Grade,Urdu,English,No,
Jharkhand Board,8th Grade,Bengali,English,No,
Jharkhand Board,9th Grade,Mathematics,English,Yes,
Jharkhand Board,9th Grade,Science,English,Yes,
Jharkhand Board,9th Grade,Social Science,English,Yes,
Jharkhand Board,9th Grade,Environmental Studies,English,No,
Jharkhand Board,9th Grade,Computer Education,English,No,
Jharkhand Board,9th Grade,Physical Education,English,No,
Jharkhand Board,9th Grade,Art Education,English,No,
Jharkhand Board,9th Grade,Work Education,English,No,
Jharkhand Board,9th Grade,English,English,No,
Jharkhand Board,9th Grade,Hindi,English,No,
Jharkhand Board,9th Grade,Sanskrit,English,No,
Jharkhand Board,9th Grade,Urdu,English,No,
Jharkhand Board,9th Grade,Bengali,English,No,
Jharkhand Board,10th Grade,Mathematics,English,Yes,
Jharkhand Board,10th Grade,Science,English,Yes,
Jharkhand Board,10th Grade,Social Science,English,Yes,
Jharkhand Board,10th Grade,Environmental Studies,English,No,
Jharkhand Board,10th Grade,Computer Education,English,No,
Jharkhand Board,10th Grade,Physical Education,English,No,
Jharkhand Board,10th Grade,Art Education,English,No,
Jharkhand Board,10th Grade,Work Education,English,No,
Jharkhand Board,10th Grade,English,English,No,
Jharkhand Board,10th Grade,Hindi,English,No,
Jharkhand Board,10th Grade,Sanskrit,English,No,
Jharkhand Board,10th Grade,Urdu,English,No,
Jharkhand Board,10th Grade,Bengali,English,No,
Jharkhand Board,11th Grade,Physics,English,Yes,
Jharkhand Board,11th Grade,Chemistry,English,Yes,
Jharkhand Board,11th Grade,Mathematics,English,Yes,
Jharkhand Board,11th Grade,Biology,English,Yes,
Jharkhand Board,11th Grade,Computer Science,English,No,
Jharkhand Board,11th Grade,Environmental Science,English,No,
Jharkhand Board,11th Grade,Economics,English,No,
Jharkhand Board,11th Grade,History,English,No,
Jharkhand Board,11th Grade,Geography,English,No,
Jharkhand Board,11th Grade,Political Science,English,No,
Jharkhand Board,11th Grade,Sociology,English,No,
Jharkhand Board,11th Grade,Psychology,English,No,
Jharkhand Board,11th Grade,Philosophy,English,No,
Jharkhand Board,11th Grade,Home Science,English,No,
Jharkhand Board,11th Grade,Physical Education,English,No,
Jharkhand Board,11th Grade,Accountancy,English,No,
Jharkhand Board,11th Grade,Business Studies,English,No,
Jharkhand Board,11th Grade,Entrepreneurship,English,No,
Jharkhand Board,11th Grade,Statistics,English,No,
Jharkhand Board,11th Grade,Agriculture,English,No,
Jharkhand Board,11th Grade,English,English,No,
Jharkhand Board,11th Grade,Hindi,English,No,
Jharkhand Board,11th Grade,Sanskrit,English,No,
Jharkhand Board,11th Grade,Urdu,English,No,
Jharkhand Board,11th Grade,Bengali,English,No,
Jharkhand Board,12th Grade,Physics,English,Yes,
Jharkhand Board,12th Grade,Chemistry,English,Yes,
Jharkhand Board,12th Grade,Mathematics,English,Yes,
Jharkhand Board,12th Grade,Biology,English,Yes,
Jharkhand Board,12th Grade,Computer Science,English,No,
Jharkhand Board,12th Grade,Environmental Science,English,No,
Jharkhand Board,12th Grade,Economics,English,No,
Jharkhand Board,12th Grade,History,English,No,
Jharkhand Board,12th Grade,Geography,English,No,
Jharkhand Board,12th Grade,Political Science,English,No,
Jharkhand Board,12th Grade,Sociology,English,No,
Jharkhand Board,12th Grade,Psychology,English,No,
Jharkhand Board,12th Grade,Philosophy,English,No,
Jharkhand Board,12th Grade,Home Science,English,No,
Jharkhand Board,12th Grade,Physical Education,English,No,
Jharkhand Board,12th Grade,Accountancy,English,No,
Jharkhand Board,12th Grade,Business Studies,English,No,
Jharkhand Board,12th Grade,Entrepreneurship,English,No,
Jharkhand Board,12th Grade,Statistics,English,No,
Jharkhand Board,12th Grade,Agriculture,English,No,
Jharkhand Board,12th Grade,English,English,No,
Jharkhand Board,12th Grade,Hindi,English,No,
Jharkhand Board,12th Grade,Sanskrit,English,No,
Jharkhand Board,12th Grade,Urdu,English,No,
Jharkhand Board,12th Grade,Bengali,English,No,
Jharkhand Board,1st Grade,Mathematics,Hindi,No,
Jharkhand Board,1st Grade,Environmental Studies,Hindi,No,
Jharkhand Board,1st Grade,Computer Awareness,Hindi,No,
Jharkhand Board,1st Grade,General Knowledge,Hindi,No,
Jharkhand Board,1st Grade,Moral Education,Hindi,No,
Jharkhand Board,1st Grade,Physical Education,Hindi,No,
Jharkhand Board,1st Grade,Art & Craft,Hindi,No,
Jharkhand Board,1st Grade,Work Education,Hindi,No,
Jharkhand Board,1st Grade,English,Hindi,No,
Jharkhand Board,1st Grade,Hindi,Hindi,No,
Jharkhand Board,1st Grade,Urdu,Hindi,No,
Jharkhand Board,1st Grade,Bengali,Hindi,No,
Jharkhand Board,2nd Grade,Mathematics,Hindi,No,
Jharkhand Board,2nd Grade,Environmental Studies,Hindi,No,
Jharkhand Board,2nd Grade,Computer Awareness,Hindi,No,
Jharkhand Board,2nd Grade,General Knowledge,Hindi,No,
Jharkhand Board,2nd Grade,Moral Education,Hindi,No,
Jharkhand Board,2nd Grade,Physical Education,Hindi,No,
Jharkhand Board,2nd Grade,Art & Craft,Hindi,No,
Jharkhand Board,2nd Grade,Work Education,Hindi,No,
Jharkhand Board,2nd Grade,English,Hindi,No,
Jharkhand Board,2nd Grade,Hindi,Hindi,No,
Jharkhand Board,2nd Grade,Urdu,Hindi,No,
Jharkhand Board,2nd Grade,Bengali,Hindi,No,
Jharkhand Board,3rd Grade,Mathematics,Hindi,No,
Jharkhand Board,3rd Grade,Environmental Studies,Hindi,No,
Jharkhand Board,3rd Grade,Computer Awareness,Hindi,No,
Jharkhand Board,3rd Grade,General Knowledge,Hindi,No,
Jharkhand Board,3rd Grade,Moral Education,Hindi,No,
Jharkhand Board,3rd Grade,Physical Education,Hindi,No,
Jharkhand Board,3rd Grade,Art & Craft,Hindi,No,
Jharkhand Board,3rd Grade,Work Education,Hindi,No,
Jharkhand Board,3rd Grade,English,Hindi,No,
Jharkhand Board,3rd Grade,Hindi,Hindi,No,
Jharkhand Board,3rd Grade,Urdu,Hindi,No,
Jharkhand Board,3rd Grade,Bengali,Hindi,No,
Jharkhand Board,4th Grade,Mathematics,Hindi,No,
Jharkhand Board,4th Grade,Environmental Studies,Hindi,No,
Jharkhand Board,4th Grade,Computer Awareness,Hindi,No,
Jharkhand Board,4th Grade,General Knowledge,Hindi,No,
Jharkhand Board,4th Grade,Moral Education,Hindi,No,
Jharkhand Board,4th Grade,Physical Education,Hindi,No,
Jharkhand Board,4th Grade,Art & Craft,Hindi,No,
Jharkhand Board,4th Grade,Work Education,Hindi,No,
Jharkhand Board,4th Grade,English,Hindi,No,
Jharkhand Board,4th Grade,Hindi,Hindi,No,
Jharkhand Board,4th Grade,Urdu,Hindi,No,
Jharkhand Board,4th Grade,Bengali,Hindi,No,
Jharkhand Board,5th Grade,Mathematics,Hindi,No,
Jharkhand Board,5th Grade,Environmental Studies,Hindi,No,
Jharkhand Board,5th Grade,Computer Awareness,Hindi,No,
Jharkhand Board,5th Grade,General Knowledge,Hindi,No,
Jharkhand Board,5th Grade,Moral Education,Hindi,No,
Jharkhand Board,5th Grade,Physical Education,Hindi,No,
Jharkhand Board,5th Grade,Art & Craft,Hindi,No,
Jharkhand Board,5th Grade,Work Education,Hindi,No,
Jharkhand Board,5th Grade,English,Hindi,No,
Jharkhand Board,5th Grade,Hindi,Hindi,No,
Jharkhand Board,5th Grade,Urdu,Hindi,No,
Jharkhand Board,5th Grade,Bengali,Hindi,No,
Jharkhand Board,6th Grade,Mathematics,Hindi,Partial,"Partial Coverage of videos, lessons and private publishers"
Jharkhand Board,6th Grade,Science,Hindi,Partial,"Partial Coverage of videos, lessons and private publishers"
Jharkhand Board,6th Grade,Social Science,Hindi,Partial,"Partial Coverage of videos, lessons and private publishers"
Jharkhand Board,6th Grade,Environmental Studies,Hindi,No,
Jharkhand Board,6th Grade,Computer Education,Hindi,No,
Jharkhand Board,6th Grade,Physical Education,Hindi,No,
Jharkhand Board,6th Grade,Art Education,Hindi,No,
Jharkhand Board,6th Grade,Work Education,Hindi,No,
Jharkhand Board,6th Grade,English,Hindi,No,
Jharkhand Board,6th Grade,Hindi,Hindi,No,
Jharkhand Board,6th Grade,Sanskrit,Hindi,No,
Jharkhand Board,6th Grade,Urdu,Hindi,No,
Jharkhand Board,6th Grade,Bengali,Hindi,No,
Jharkhand Board,7th Grade,Mathematics,Hindi,Partial,"Partial Coverage of videos, lessons and private publishers"
Jharkhand Board,7th Grade,Science,Hindi,Partial,"Partial Coverage of videos, lessons and private publishers"
Jharkhand Board,7th Grade,Social Science,Hindi,Partial,"Partial Coverage of videos, lessons and private publishers"
Jharkhand Board,7th Grade,Environmental Studies,Hindi,No,
Jharkhand Board,7th Grade,Computer Education,Hindi,No,
Jharkhand Board,7th Grade,Physical Education,Hindi,No,
Jharkhand Board,7th Grade,Art Education,Hindi,No,
Jharkhand Board,7th Grade,Work Education,Hindi,No,
Jharkhand Board,7th Grade,English,Hindi,No,
Jharkhand Board,7th Grade,Hindi,Hindi,No,
Jharkhand Board,7th Grade,Sanskrit,Hindi,No,
Jharkhand Board,7th Grade,Urdu,Hindi,No,
Jharkhand Board,7th Grade,Bengali,Hindi,No,
Jharkhand Board,8th Grade,Mathematics,Hindi,Partial,"Partial Coverage of videos, lessons and private publishers"
Jharkhand Board,8th Grade,Science,Hindi,Partial,"Partial Coverage of videos, lessons and private publishers"
Jharkhand Board,8th Grade,Social Science,Hindi,Partial,"Partial Coverage of videos, lessons and private publishers"
Jharkhand Board,8th Grade,Environmental Studies,Hindi,No,
Jharkhand Board,8th Grade,Computer Education,Hindi,No,
Jharkhand Board,8th Grade,Physical Education,Hindi,No,
Jharkhand Board,8th Grade,Art Education,Hindi,No,
Jharkhand Board,8th Grade,Work Education,Hindi,No,
Jharkhand Board,8th Grade,English,Hindi,No,
Jharkhand Board,8th Grade,Hindi,Hindi,No,
Jharkhand Board,8th Grade,Sanskrit,Hindi,No,
Jharkhand Board,8th Grade,Urdu,Hindi,No,
Jharkhand Board,8th Grade,Bengali,Hindi,No,
Jharkhand Board,9th Grade,Mathematics,Hindi,Partial,"Partial Coverage of videos, lessons and private publishers"
Jharkhand Board,9th Grade,Science,Hindi,Partial,"Partial Coverage of videos, lessons and private publishers"
Jharkhand Board,9th Grade,Social Science,Hindi,Partial,"Partial Coverage of videos, lessons and private publishers"
Jharkhand Board,9th Grade,Environmental Studies,Hindi,No,
Jharkhand Board,9th Grade,Computer Education,Hindi,No,
Jharkhand Board,9th Grade,Physical Education,Hindi,No,
Jharkhand Board,9th Grade,Art Education,Hindi,No,
Jharkhand Board,9th Grade,Work Education,Hindi,No,
Jharkhand Board,9th Grade,English,Hindi,No,
Jharkhand Board,9th Grade,Hindi,Hindi,No,
Jharkhand Board,9th Grade,Sanskrit,Hindi,No,
Jharkhand Board,9th Grade,Urdu,Hindi,No,
Jharkhand Board,9th Grade,Bengali,Hindi,No,
Jharkhand Board,10th Grade,Mathematics,Hindi,Partial,"Partial Coverage of videos, lessons and private publishers"
Jharkhand Board,10th Grade,Science,Hindi,Partial,"Partial Coverage of videos, lessons and private publishers"
Jharkhand Board,10th Grade,Social Science,Hindi,Partial,"Partial Coverage of videos, lessons and private publishers"
Jharkhand Board,10th Grade,Environmental Studies,Hindi,No,
Jharkhand Board,10th Grade,Computer Education,Hindi,No,
Jharkhand Board,10th Grade,Physical Education,Hindi,No,
Jharkhand Board,10th Grade,Art Education,Hindi,No,
Jharkhand Board,10th Grade,Work Education,Hindi,No,
Jharkhand Board,10th Grade,English,Hindi,No,
Jharkhand Board,10th Grade,Hindi,Hindi,No,
Jharkhand Board,10th Grade,Sanskrit,Hindi,No,
Jharkhand Board,10th Grade,Urdu,Hindi,No,
Jharkhand Board,10th Grade,Bengali,Hindi,No,
Jharkhand Board,11th Grade,Physics,Hindi,Partial,"Partial Coverage of videos, lessons and private publishers"
Jharkhand Board,11th Grade,Chemistry,Hindi,Partial,"Partial Coverage of videos, lessons and private publishers"
Jharkhand Board,11th Grade,Mathematics,Hindi,Partial,"Partial Coverage of videos, lessons and private publishers"
Jharkhand Board,11th Grade,Biology,Hindi,Partial,"Partial Coverage of videos, lessons and private publishers"
Jharkhand Board,11th Grade,Computer Science,Hindi,No,
Jharkhand Board,11th Grade,Environmental Science,Hindi,No,
Jharkhand Board,11th Grade,Economics,Hindi,No,
Jharkhand Board,11th Grade,History,Hindi,No,
Jharkhand Board,11th Grade,Geography,Hindi,No,
Jharkhand Board,11th Grade,Political Science,Hindi,No,
Jharkhand Board,11th Grade,Sociology,Hindi,No,
Jharkhand Board,11th Grade,Psychology,Hindi,No,
Jharkhand Board,11th Grade,Philosophy,Hindi,No,
Jharkhand Board,11th Grade,Home Science,Hindi,No,
Jharkhand Board,11th Grade,Physical Education,Hindi,No,
Jharkhand Board,11th Grade,Accountancy,Hindi,No,
Jharkhand Board,11th Grade,Business Studies,Hindi,No,
Jharkhand Board,11th Grade,Entrepreneurship,Hindi,No,
Jharkhand Board,11th Grade,Statistics,Hindi,No,
Jharkhand Board,11th Grade,Agriculture,Hindi,No,
Jharkhand Board,11th Grade,English,Hindi,No,
Jharkhand Board,11th Grade,Hindi,Hindi,No,
Jharkhand Board,11th Grade,Sanskrit,Hindi,No,
Jharkhand Board,11th Grade,Urdu,Hindi,No,
Jharkhand Board,11th Grade,Bengali,Hindi,No,
Jharkhand Board,12th Grade,Physics,Hindi,Partial,"Partial Coverage of videos, lessons and private publishers"
Jharkhand Board,12th Grade,Chemistry,Hindi,Partial,"Partial Coverage of videos, lessons and private publishers"
Jharkhand Board,12th Grade,Mathematics,Hindi,Partial,"Partial Coverage of videos, lessons and private publishers"
Jharkhand Board,12th Grade,Biology,Hindi,Partial,"Partial Coverage of videos, lessons and private publishers"
Jharkhand Board,12th Grade,Computer Science,Hindi,No,
Jharkhand Board,12th Grade,Environmental Science,Hindi,No,
Jharkhand Board,12th Grade,Economics,Hindi,No,
Jharkhand Board,12th Grade,History,Hindi,No,
Jharkhand Board,12th Grade,Geography,Hindi,No,
Jharkhand Board,12th Grade,Political Science,Hindi,No,
Jharkhand Board,12th Grade,Sociology,Hindi,No,
Jharkhand Board,12th Grade,Psychology,Hindi,No,
Jharkhand Board,12th Grade,Philosophy,Hindi,No,
Jharkhand Board,12th Grade,Home Science,Hindi,No,
Jharkhand Board,12th Grade,Physical Education,Hindi,No,
Jharkhand Board,12th Grade,Accountancy,Hindi,No,
Jharkhand Board,12th Grade,Business Studies,Hindi,No,
Jharkhand Board,12th Grade,Entrepreneurship,Hindi,No,
Jharkhand Board,12th Grade,Statistics,Hindi,No,
Jharkhand Board,12th Grade,Agriculture,Hindi,No,
Jharkhand Board,12th Grade,English,Hindi,No,
Jharkhand Board,12th Grade,Hindi,Hindi,No,
Jharkhand Board,12th Grade,Sanskrit,Hindi,No,
Jharkhand Board,12th Grade,Urdu,Hindi,No,
Jharkhand Board,12th Grade,Bengali,Hindi,No,
Karnataka Board,1st Grade,Mathematics,English,No,
Karnataka Board,1st Grade,Environmental Studies,English,No,
Karnataka Board,1st Grade,Computer Awareness,English,No,
Karnataka Board,1st Grade,General Knowledge,English,No,
Karnataka Board,1st Grade,Moral Education,English,No,
Karnataka Board,1st Grade,Physical Education,English,No,
Karnataka Board,1st Grade,Art & Craft,English,No,
Karnataka Board,1st Grade,Work Education,English,No,
Karnataka Board,1st Grade,English,English,No,
Karnataka Board,1st Grade,Kannada,English,No,
Karnataka Board,1st Grade,Hindi,English,No,
Karnataka Board,1st Grade,Urdu,English,No,
Karnataka Board,1st Grade,Tamil,English,No,
Karnataka Board,1st Grade,Telugu,English,No,
Karnataka Board,1st Grade,Marathi,English,No,
Karnataka Board,2nd Grade,Mathematics,English,No,
Karnataka Board,2nd Grade,Environmental Studies,English,No,
Karnataka Board,2nd Grade,Computer Awareness,English,No,
Karnataka Board,2nd Grade,General Knowledge,English,No,
Karnataka Board,2nd Grade,Moral Education,English,No,
Karnataka Board,2nd Grade,Physical Education,English,No,
Karnataka Board,2nd Grade,Art & Craft,English,No,
Karnataka Board,2nd Grade,Work Education,English,No,
Karnataka Board,2nd Grade,English,English,No,
Karnataka Board,2nd Grade,Kannada,English,No,
Karnataka Board,2nd Grade,Hindi,English,No,
Karnataka Board,2nd Grade,Urdu,English,No,
Karnataka Board,2nd Grade,Tamil,English,No,
Karnataka Board,2nd Grade,Telugu,English,No,
Karnataka Board,2nd Grade,Marathi,English,No,
Karnataka Board,3rd Grade,Mathematics,English,No,
Karnataka Board,3rd Grade,Environmental Studies,English,No,
Karnataka Board,3rd Grade,Computer Awareness,English,No,
Karnataka Board,3rd Grade,General Knowledge,English,No,
Karnataka Board,3rd Grade,Moral Education,English,No,
Karnataka Board,3rd Grade,Physical Education,English,No,
Karnataka Board,3rd Grade,Art & Craft,English,No,
Karnataka Board,3rd Grade,Work Education,English,No,
Karnataka Board,3rd Grade,English,English,No,
Karnataka Board,3rd Grade,Kannada,English,No,
Karnataka Board,3rd Grade,Hindi,English,No,
Karnataka Board,3rd Grade,Urdu,English,No,
Karnataka Board,3rd Grade,Tamil,English,No,
Karnataka Board,3rd Grade,Telugu,English,No,
Karnataka Board,3rd Grade,Marathi,English,No,
Karnataka Board,4th Grade,Mathematics,English,No,
Karnataka Board,4th Grade,Environmental Studies,English,No,
Karnataka Board,4th Grade,Computer Awareness,English,No,
Karnataka Board,4th Grade,General Knowledge,English,No,
Karnataka Board,4th Grade,Moral Education,English,No,
Karnataka Board,4th Grade,Physical Education,English,No,
Karnataka Board,4th Grade,Art & Craft,English,No,
Karnataka Board,4th Grade,Work Education,English,No,
Karnataka Board,4th Grade,English,English,No,
Karnataka Board,4th Grade,Kannada,English,No,
Karnataka Board,4th Grade,Hindi,English,No,
Karnataka Board,4th Grade,Urdu,English,No,
Karnataka Board,4th Grade,Tamil,English,No,
Karnataka Board,4th Grade,Telugu,English,No,
Karnataka Board,4th Grade,Marathi,English,No,
Karnataka Board,5th Grade,Mathematics,English,No,
Karnataka Board,5th Grade,Environmental Studies,English,No,
Karnataka Board,5th Grade,Computer Awareness,English,No,
Karnataka Board,5th Grade,General Knowledge,English,No,
Karnataka Board,5th Grade,Moral Education,English,No,
Karnataka Board,5th Grade,Physical Education,English,No,
Karnataka Board,5th Grade,Art & Craft,English,No,
Karnataka Board,5th Grade,Work Education,English,No,
Karnataka Board,5th Grade,English,English,No,
Karnataka Board,5th Grade,Kannada,English,No,
Karnataka Board,5th Grade,Hindi,English,No,
Karnataka Board,5th Grade,Urdu,English,No,
Karnataka Board,5th Grade,Tamil,English,No,
Karnataka Board,5th Grade,Telugu,English,No,
Karnataka Board,5th Grade,Marathi,English,No,
Karnataka Board,6th Grade,Mathematics,English,Yes,
Karnataka Board,6th Grade,Science,English,Yes,
Karnataka Board,6th Grade,Social Science,English,No,
Karnataka Board,6th Grade,Environmental Studies,English,No,
Karnataka Board,6th Grade,Computer Education,English,No,
Karnataka Board,6th Grade,Physical Education,English,No,
Karnataka Board,6th Grade,Art Education,English,No,
Karnataka Board,6th Grade,Work Education,English,No,
Karnataka Board,6th Grade,English,English,No,
Karnataka Board,6th Grade,Kannada,English,No,
Karnataka Board,6th Grade,Hindi,English,No,
Karnataka Board,6th Grade,Sanskrit,English,No,
Karnataka Board,6th Grade,Urdu,English,No,
Karnataka Board,6th Grade,Tamil,English,No,
Karnataka Board,6th Grade,Telugu,English,No,
Karnataka Board,6th Grade,Marathi,English,No,
Karnataka Board,7th Grade,Mathematics,English,Yes,
Karnataka Board,7th Grade,Science,English,Yes,
Karnataka Board,7th Grade,Social Science,English,No,
Karnataka Board,7th Grade,Environmental Studies,English,No,
Karnataka Board,7th Grade,Computer Education,English,No,
Karnataka Board,7th Grade,Physical Education,English,No,
Karnataka Board,7th Grade,Art Education,English,No,
Karnataka Board,7th Grade,Work Education,English,No,
Karnataka Board,7th Grade,English,English,No,
Karnataka Board,7th Grade,Kannada,English,No,
Karnataka Board,7th Grade,Hindi,English,No,
Karnataka Board,7th Grade,Sanskrit,English,No,
Karnataka Board,7th Grade,Urdu,English,No,
Karnataka Board,7th Grade,Tamil,English,No,
Karnataka Board,7th Grade,Telugu,English,No,
Karnataka Board,7th Grade,Marathi,English,No,
Karnataka Board,8th Grade,Mathematics,English,Yes,
Karnataka Board,8th Grade,Science,English,Yes,
Karnataka Board,8th Grade,Social Science,English,No,
Karnataka Board,8th Grade,Environmental Studies,English,No,
Karnataka Board,8th Grade,Computer Education,English,No,
Karnataka Board,8th Grade,Physical Education,English,No,
Karnataka Board,8th Grade,Art Education,English,No,
Karnataka Board,8th Grade,Work Education,English,No,
Karnataka Board,8th Grade,English,English,No,
Karnataka Board,8th Grade,Kannada,English,No,
Karnataka Board,8th Grade,Hindi,English,No,
Karnataka Board,8th Grade,Sanskrit,English,No,
Karnataka Board,8th Grade,Urdu,English,No,
Karnataka Board,8th Grade,Tamil,English,No,
Karnataka Board,8th Grade,Telugu,English,No,
Karnataka Board,8th Grade,Marathi,English,No,
Karnataka Board,9th Grade,Mathematics,English,Yes,
Karnataka Board,9th Grade,Science,English,Yes,
Karnataka Board,9th Grade,Social Science,English,No,
Karnataka Board,9th Grade,Environmental Studies,English,No,
Karnataka Board,9th Grade,Computer Education,English,No,
Karnataka Board,9th Grade,Physical Education,English,No,
Karnataka Board,9th Grade,Art Education,English,No,
Karnataka Board,9th Grade,Work Education,English,No,
Karnataka Board,9th Grade,English,English,No,
Karnataka Board,9th Grade,Kannada,English,No,
Karnataka Board,9th Grade,Hindi,English,No,
Karnataka Board,9th Grade,Sanskrit,English,No,
Karnataka Board,9th Grade,Urdu,English,No,
Karnataka Board,9th Grade,Tamil,English,No,
Karnataka Board,9th Grade,Telugu,English,No,
Karnataka Board,9th Grade,Marathi,English,No,
Karnataka Board,10th Grade,Mathematics,English,Yes,
Karnataka Board,10th Grade,Science,English,Yes,
Karnataka Board,10th Grade,Social Science,English,No,
Karnataka Board,10th Grade,Environmental Studies,English,No,
Karnataka Board,10th Grade,Computer Education,English,No,
Karnataka Board,10th Grade,Physical Education,English,No,
Karnataka Board,10th Grade,Art Education,English,No,
Karnataka Board,10th Grade,Work Education,English,No,
Karnataka Board,10th Grade,English,English,No,
Karnataka Board,10th Grade,Kannada,English,No,
Karnataka Board,10th Grade,Hindi,English,No,
Karnataka Board,10th Grade,Sanskrit,English,No,
Karnataka Board,10th Grade,Urdu,English,No,
Karnataka Board,10th Grade,Tamil,English,No,
Karnataka Board,10th Grade,Telugu,English,No,
Karnataka Board,10th Grade,Marathi,English,No,
Karnataka Board,11th Grade,Physics,English,Yes,
Karnataka Board,11th Grade,Chemistry,English,Yes,
Karnataka Board,11th Grade,Mathematics,English,Yes,
Karnataka Board,11th Grade,Biology,English,Yes,
Karnataka Board,11th Grade,Computer Science,English,No,
Karnataka Board,11th Grade,Electronics,English,No,
Karnataka Board,11th Grade,Environmental Science,English,No,
Karnataka Board,11th Grade,Biotechnology,English,No,
Karnataka Board,11th Grade,Economics,English,No,
Karnataka Board,11th Grade,History,English,No,
Karnataka Board,11th Grade,Geography,English,No,
Karnataka Board,11th Grade,Political Science,English,No,
Karnataka Board,11th Grade,Sociology,English,No,
Karnataka Board,11th Grade,Psychology,English,No,
Karnataka Board,11th Grade,Philosophy,English,No,
Karnataka Board,11th Grade,Home Science,English,No,
Karnataka Board,11th Grade,Physical Education,English,No,
Karnataka Board,11th Grade,Accountancy,English,No,
Karnataka Board,11th Grade,Business Studies,English,No,
Karnataka Board,11th Grade,Statistics,English,No,
Karnataka Board,11th Grade,English,English,No,
Karnataka Board,11th Grade,Kannada,English,No,
Karnataka Board,11th Grade,Hindi,English,No,
Karnataka Board,11th Grade,Sanskrit,English,No,
Karnataka Board,11th Grade,Urdu,English,No,
Karnataka Board,11th Grade,Tamil,English,No,
Karnataka Board,11th Grade,Telugu,English,No,
Karnataka Board,11th Grade,Marathi,English,No,
Karnataka Board,12th Grade,Physics,English,Yes,
Karnataka Board,12th Grade,Chemistry,English,Yes,
Karnataka Board,12th Grade,Mathematics,English,Yes,
Karnataka Board,12th Grade,Biology,English,Yes,
Karnataka Board,12th Grade,Computer Science,English,No,
Karnataka Board,12th Grade,Electronics,English,No,
Karnataka Board,12th Grade,Environmental Science,English,No,
Karnataka Board,12th Grade,Biotechnology,English,No,
Karnataka Board,12th Grade,Economics,English,No,
Karnataka Board,12th Grade,History,English,No,
Karnataka Board,12th Grade,Geography,English,No,
Karnataka Board,12th Grade,Political Science,English,No,
Karnataka Board,12th Grade,Sociology,English,No,
Karnataka Board,12th Grade,Psychology,English,No,
Karnataka Board,12th Grade,Philosophy,English,No,
Karnataka Board,12th Grade,Home Science,English,No,
Karnataka Board,12th Grade,Physical Education,English,No,
Karnataka Board,12th Grade,Accountancy,English,No,
Karnataka Board,12th Grade,Business Studies,English,No,
Karnataka Board,12th Grade,Statistics,English,No,
Karnataka Board,12th Grade,English,English,No,
Karnataka Board,12th Grade,Kannada,English,No,
Karnataka Board,12th Grade,Hindi,English,No,
Karnataka Board,12th Grade,Sanskrit,English,No,
Karnataka Board,12th Grade,Urdu,English,No,
Karnataka Board,12th Grade,Tamil,English,No,
Karnataka Board,12th Grade,Telugu,English,No,
Karnataka Board,12th Grade,Marathi,English,No,
Karnataka Board,1st Grade,Mathematics,Kannada,No,
Karnataka Board,1st Grade,Environmental Studies,Kannada,No,
Karnataka Board,1st Grade,Computer Awareness,Kannada,No,
Karnataka Board,1st Grade,General Knowledge,Kannada,No,
Karnataka Board,1st Grade,Moral Education,Kannada,No,
Karnataka Board,1st Grade,Physical Education,Kannada,No,
Karnataka Board,1st Grade,Art & Craft,Kannada,No,
Karnataka Board,1st Grade,Work Education,Kannada,No,
Karnataka Board,1st Grade,English,Kannada,No,
Karnataka Board,1st Grade,Kannada,Kannada,No,
Karnataka Board,1st Grade,Hindi,Kannada,No,
Karnataka Board,1st Grade,Urdu,Kannada,No,
Karnataka Board,1st Grade,Tamil,Kannada,No,
Karnataka Board,1st Grade,Telugu,Kannada,No,
Karnataka Board,1st Grade,Marathi,Kannada,No,
Karnataka Board,2nd Grade,Mathematics,Kannada,No,
Karnataka Board,2nd Grade,Environmental Studies,Kannada,No,
Karnataka Board,2nd Grade,Computer Awareness,Kannada,No,
Karnataka Board,2nd Grade,General Knowledge,Kannada,No,
Karnataka Board,2nd Grade,Moral Education,Kannada,No,
Karnataka Board,2nd Grade,Physical Education,Kannada,No,
Karnataka Board,2nd Grade,Art & Craft,Kannada,No,
Karnataka Board,2nd Grade,Work Education,Kannada,No,
Karnataka Board,2nd Grade,English,Kannada,No,
Karnataka Board,2nd Grade,Kannada,Kannada,No,
Karnataka Board,2nd Grade,Hindi,Kannada,No,
Karnataka Board,2nd Grade,Urdu,Kannada,No,
Karnataka Board,2nd Grade,Tamil,Kannada,No,
Karnataka Board,2nd Grade,Telugu,Kannada,No,
Karnataka Board,2nd Grade,Marathi,Kannada,No,
Karnataka Board,3rd Grade,Mathematics,Kannada,No,
Karnataka Board,3rd Grade,Environmental Studies,Kannada,No,
Karnataka Board,3rd Grade,Computer Awareness,Kannada,No,
Karnataka Board,3rd Grade,General Knowledge,Kannada,No,
Karnataka Board,3rd Grade,Moral Education,Kannada,No,
Karnataka Board,3rd Grade,Physical Education,Kannada,No,
Karnataka Board,3rd Grade,Art & Craft,Kannada,No,
Karnataka Board,3rd Grade,Work Education,Kannada,No,
Karnataka Board,3rd Grade,English,Kannada,No,
Karnataka Board,3rd Grade,Kannada,Kannada,No,
Karnataka Board,3rd Grade,Hindi,Kannada,No,
Karnataka Board,3rd Grade,Urdu,Kannada,No,
Karnataka Board,3rd Grade,Tamil,Kannada,No,
Karnataka Board,3rd Grade,Telugu,Kannada,No,
Karnataka Board,3rd Grade,Marathi,Kannada,No,
Karnataka Board,4th Grade,Mathematics,Kannada,No,
Karnataka Board,4th Grade,Environmental Studies,Kannada,No,
Karnataka Board,4th Grade,Computer Awareness,Kannada,No,
Karnataka Board,4th Grade,General Knowledge,Kannada,No,
Karnataka Board,4th Grade,Moral Education,Kannada,No,
Karnataka Board,4th Grade,Physical Education,Kannada,No,
Karnataka Board,4th Grade,Art & Craft,Kannada,No,
Karnataka Board,4th Grade,Work Education,Kannada,No,
Karnataka Board,4th Grade,English,Kannada,No,
Karnataka Board,4th Grade,Kannada,Kannada,No,
Karnataka Board,4th Grade,Hindi,Kannada,No,
Karnataka Board,4th Grade,Urdu,Kannada,No,
Karnataka Board,4th Grade,Tamil,Kannada,No,
Karnataka Board,4th Grade,Telugu,Kannada,No,
Karnataka Board,4th Grade,Marathi,Kannada,No,
Karnataka Board,5th Grade,Mathematics,Kannada,No,
Karnataka Board,5th Grade,Environmental Studies,Kannada,No,
Karnataka Board,5th Grade,Computer Awareness,Kannada,No,
Karnataka Board,5th Grade,General Knowledge,Kannada,No,
Karnataka Board,5th Grade,Moral Education,Kannada,No,
Karnataka Board,5th Grade,Physical Education,Kannada,No,
Karnataka Board,5th Grade,Art & Craft,Kannada,No,
Karnataka Board,5th Grade,Work Education,Kannada,No,
Karnataka Board,5th Grade,English,Kannada,No,
Karnataka Board,5th Grade,Kannada,Kannada,No,
Karnataka Board,5th Grade,Hindi,Kannada,No,
Karnataka Board,5th Grade,Urdu,Kannada,No,
Karnataka Board,5th Grade,Tamil,Kannada,No,
Karnataka Board,5th Grade,Telugu,Kannada,No,
Karnataka Board,5th Grade,Marathi,Kannada,No,
Karnataka Board,6th Grade,Mathematics,Kannada,Partial,"Partial Coverage of videos, lessons and private publishers"
Karnataka Board,6th Grade,Science,Kannada,Partial,"Partial Coverage of videos, lessons and private publishers"
Karnataka Board,6th Grade,Social Science,Kannada,No,
Karnataka Board,6th Grade,Environmental Studies,Kannada,No,
Karnataka Board,6th Grade,Computer Education,Kannada,No,
Karnataka Board,6th Grade,Physical Education,Kannada,No,
Karnataka Board,6th Grade,Art Education,Kannada,No,
Karnataka Board,6th Grade,Work Education,Kannada,No,
Karnataka Board,6th Grade,English,Kannada,No,
Karnataka Board,6th Grade,Kannada,Kannada,No,
Karnataka Board,6th Grade,Hindi,Kannada,No,
Karnataka Board,6th Grade,Sanskrit,Kannada,No,
Karnataka Board,6th Grade,Urdu,Kannada,No,
Karnataka Board,6th Grade,Tamil,Kannada,No,
Karnataka Board,6th Grade,Telugu,Kannada,No,
Karnataka Board,6th Grade,Marathi,Kannada,No,
Karnataka Board,7th Grade,Mathematics,Kannada,Partial,"Partial Coverage of videos, lessons and private publishers"
Karnataka Board,7th Grade,Science,Kannada,Partial,"Partial Coverage of videos, lessons and private publishers"
Karnataka Board,7th Grade,Social Science,Kannada,No,
Karnataka Board,7th Grade,Environmental Studies,Kannada,No,
Karnataka Board,7th Grade,Computer Education,Kannada,No,
Karnataka Board,7th Grade,Physical Education,Kannada,No,
Karnataka Board,7th Grade,Art Education,Kannada,No,
Karnataka Board,7th Grade,Work Education,Kannada,No,
Karnataka Board,7th Grade,English,Kannada,No,
Karnataka Board,7th Grade,Kannada,Kannada,No,
Karnataka Board,7th Grade,Hindi,Kannada,No,
Karnataka Board,7th Grade,Sanskrit,Kannada,No,
Karnataka Board,7th Grade,Urdu,Kannada,No,
Karnataka Board,7th Grade,Tamil,Kannada,No,
Karnataka Board,7th Grade,Telugu,Kannada,No,
Karnataka Board,7th Grade,Marathi,Kannada,No,
Karnataka Board,8th Grade,Mathematics,Kannada,Partial,"Partial Coverage of videos, lessons and private publishers"
Karnataka Board,8th Grade,Science,Kannada,Partial,"Partial Coverage of videos, lessons and private publishers"
Karnataka Board,8th Grade,Social Science,Kannada,No,
Karnataka Board,8th Grade,Environmental Studies,Kannada,No,
Karnataka Board,8th Grade,Computer Education,Kannada,No,
Karnataka Board,8th Grade,Physical Education,Kannada,No,
Karnataka Board,8th Grade,Art Education,Kannada,No,
Karnataka Board,8th Grade,Work Education,Kannada,No,
Karnataka Board,8th Grade,English,Kannada,No,
Karnataka Board,8th Grade,Kannada,Kannada,No,
Karnataka Board,8th Grade,Hindi,Kannada,No,
Karnataka Board,8th Grade,Sanskrit,Kannada,No,
Karnataka Board,8th Grade,Urdu,Kannada,No,
Karnataka Board,8th Grade,Tamil,Kannada,No,
Karnataka Board,8th Grade,Telugu,Kannada,No,
Karnataka Board,8th Grade,Marathi,Kannada,No,
Karnataka Board,9th Grade,Mathematics,Kannada,Partial,"Partial Coverage of videos, lessons and private publishers"
Karnataka Board,9th Grade,Science,Kannada,Partial,"Partial Coverage of videos, lessons and private publishers"
Karnataka Board,9th Grade,Social Science,Kannada,No,
Karnataka Board,9th Grade,Environmental Studies,Kannada,No,
Karnataka Board,9th Grade,Computer Education,Kannada,No,
Karnataka Board,9th Grade,Physical Education,Kannada,No,
Karnataka Board,9th Grade,Art Education,Kannada,No,
Karnataka Board,9th Grade,Work Education,Kannada,No,
Karnataka Board,9th Grade,English,Kannada,No,
Karnataka Board,9th Grade,Kannada,Kannada,No,
Karnataka Board,9th Grade,Hindi,Kannada,No,
Karnataka Board,9th Grade,Sanskrit,Kannada,No,
Karnataka Board,9th Grade,Urdu,Kannada,No,
Karnataka Board,9th Grade,Tamil,Kannada,No,
Karnataka Board,9th Grade,Telugu,Kannada,No,
Karnataka Board,9th Grade,Marathi,Kannada,No,
Karnataka Board,10th Grade,Mathematics,Kannada,Partial,"Partial Coverage of videos, lessons and private publishers"
Karnataka Board,10th Grade,Science,Kannada,Partial,"Partial Coverage of videos, lessons and private publishers"
Karnataka Board,10th Grade,Social Science,Kannada,No,
Karnataka Board,10th Grade,Environmental Studies,Kannada,No,
Karnataka Board,10th Grade,Computer Education,Kannada,No,
Karnataka Board,10th Grade,Physical Education,Kannada,No,
Karnataka Board,10th Grade,Art Education,Kannada,No,
Karnataka Board,10th Grade,Work Education,Kannada,No,
Karnataka Board,10th Grade,English,Kannada,No,
Karnataka Board,10th Grade,Kannada,Kannada,No,
Karnataka Board,10th Grade,Hindi,Kannada,No,
Karnataka Board,10th Grade,Sanskrit,Kannada,No,
Karnataka Board,10th Grade,Urdu,Kannada,No,
Karnataka Board,10th Grade,Tamil,Kannada,No,
Karnataka Board,10th Grade,Telugu,Kannada,No,
Karnataka Board,10th Grade,Marathi,Kannada,No,
Karnataka Board,11th Grade,Physics,Kannada,Partial,"Partial Coverage of videos, lessons and private publishers"
Karnataka Board,11th Grade,Chemistry,Kannada,Partial,"Partial Coverage of videos, lessons and private publishers"
Karnataka Board,11th Grade,Mathematics,Kannada,Partial,"Partial Coverage of videos, lessons and private publishers"
Karnataka Board,11th Grade,Biology,Kannada,Partial,"Partial Coverage of videos, lessons and private publishers"
Karnataka Board,11th Grade,Computer Science,Kannada,No,
Karnataka Board,11th Grade,Electronics,Kannada,No,
Karnataka Board,11th Grade,Environmental Science,Kannada,No,
Karnataka Board,11th Grade,Biotechnology,Kannada,No,
Karnataka Board,11th Grade,Economics,Kannada,No,
Karnataka Board,11th Grade,History,Kannada,No,
Karnataka Board,11th Grade,Geography,Kannada,No,
Karnataka Board,11th Grade,Political Science,Kannada,No,
Karnataka Board,11th Grade,Sociology,Kannada,No,
Karnataka Board,11th Grade,Psychology,Kannada,No,
Karnataka Board,11th Grade,Philosophy,Kannada,No,
Karnataka Board,11th Grade,Home Science,Kannada,No,
Karnataka Board,11th Grade,Physical Education,Kannada,No,
Karnataka Board,11th Grade,Accountancy,Kannada,No,
Karnataka Board,11th Grade,Business Studies,Kannada,No,
Karnataka Board,11th Grade,Statistics,Kannada,No,
Karnataka Board,11th Grade,English,Kannada,No,
Karnataka Board,11th Grade,Kannada,Kannada,No,
Karnataka Board,11th Grade,Hindi,Kannada,No,
Karnataka Board,11th Grade,Sanskrit,Kannada,No,
Karnataka Board,11th Grade,Urdu,Kannada,No,
Karnataka Board,11th Grade,Tamil,Kannada,No,
Karnataka Board,11th Grade,Telugu,Kannada,No,
Karnataka Board,11th Grade,Marathi,Kannada,No,
Karnataka Board,12th Grade,Physics,Kannada,Partial,"Partial Coverage of videos, lessons and private publishers"
Karnataka Board,12th Grade,Chemistry,Kannada,Partial,"Partial Coverage of videos, lessons and private publishers"
Karnataka Board,12th Grade,Mathematics,Kannada,Partial,"Partial Coverage of videos, lessons and private publishers"
Karnataka Board,12th Grade,Biology,Kannada,Partial,"Partial Coverage of videos, lessons and private publishers"
Karnataka Board,12th Grade,Computer Science,Kannada,No,
Karnataka Board,12th Grade,Electronics,Kannada,No,
Karnataka Board,12th Grade,Environmental Science,Kannada,No,
Karnataka Board,12th Grade,Biotechnology,Kannada,No,
Karnataka Board,12th Grade,Economics,Kannada,No,
Karnataka Board,12th Grade,History,Kannada,No,
Karnataka Board,12th Grade,Geography,Kannada,No,
Karnataka Board,12th Grade,Political Science,Kannada,No,
Karnataka Board,12th Grade,Sociology,Kannada,No,
Karnataka Board,12th Grade,Psychology,Kannada,No,
Karnataka Board,12th Grade,Philosophy,Kannada,No,
Karnataka Board,12th Grade,Home Science,Kannada,No,
Karnataka Board,12th Grade,Physical Education,Kannada,No,
Karnataka Board,12th Grade,Accountancy,Kannada,No,
Karnataka Board,12th Grade,Business Studies,Kannada,No,
Karnataka Board,12th Grade,Statistics,Kannada,No,
Karnataka Board,12th Grade,English,Kannada,No,
Karnataka Board,12th Grade,Kannada,Kannada,No,
Karnataka Board,12th Grade,Hindi,Kannada,No,
Karnataka Board,12th Grade,Sanskrit,Kannada,No,
Karnataka Board,12th Grade,Urdu,Kannada,No,
Karnataka Board,12th Grade,Tamil,Kannada,No,
Karnataka Board,12th Grade,Telugu,Kannada,No,
Karnataka Board,12th Grade,Marathi,Kannada,No,
Kerala Board,1st Grade,Mathematics,English,No,
Kerala Board,1st Grade,Environmental Studies,English,No,
Kerala Board,1st Grade,Computer Awareness,English,No,
Kerala Board,1st Grade,General Knowledge,English,No,
Kerala Board,1st Grade,Moral Education,English,No,
Kerala Board,1st Grade,Physical Education,English,No,
Kerala Board,1st Grade,Art & Craft,English,No,
Kerala Board,1st Grade,Work Education,English,No,
Kerala Board,1st Grade,English,English,No,
Kerala Board,1st Grade,Malayalam,English,No,
Kerala Board,1st Grade,Hindi,English,No,
Kerala Board,1st Grade,Arabic,English,No,
Kerala Board,1st Grade,Tamil,English,No,
Kerala Board,1st Grade,Kannada,English,No,
Kerala Board,2nd Grade,Mathematics,English,No,
Kerala Board,2nd Grade,Environmental Studies,English,No,
Kerala Board,2nd Grade,Computer Awareness,English,No,
Kerala Board,2nd Grade,General Knowledge,English,No,
Kerala Board,2nd Grade,Moral Education,English,No,
Kerala Board,2nd Grade,Physical Education,English,No,
Kerala Board,2nd Grade,Art & Craft,English,No,
Kerala Board,2nd Grade,Work Education,English,No,
Kerala Board,2nd Grade,English,English,No,
Kerala Board,2nd Grade,Malayalam,English,No,
Kerala Board,2nd Grade,Hindi,English,No,
Kerala Board,2nd Grade,Arabic,English,No,
Kerala Board,2nd Grade,Tamil,English,No,
Kerala Board,2nd Grade,Kannada,English,No,
Kerala Board,3rd Grade,Mathematics,English,No,
Kerala Board,3rd Grade,Environmental Studies,English,No,
Kerala Board,3rd Grade,Computer Awareness,English,No,
Kerala Board,3rd Grade,General Knowledge,English,No,
Kerala Board,3rd Grade,Moral Education,English,No,
Kerala Board,3rd Grade,Physical Education,English,No,
Kerala Board,3rd Grade,Art & Craft,English,No,
Kerala Board,3rd Grade,Work Education,English,No,
Kerala Board,3rd Grade,English,English,No,
Kerala Board,3rd Grade,Malayalam,English,No,
Kerala Board,3rd Grade,Hindi,English,No,
Kerala Board,3rd Grade,Arabic,English,No,
Kerala Board,3rd Grade,Tamil,English,No,
Kerala Board,3rd Grade,Kannada,English,No,
Kerala Board,4th Grade,Mathematics,English,No,
Kerala Board,4th Grade,Environmental Studies,English,No,
Kerala Board,4th Grade,Computer Awareness,English,No,
Kerala Board,4th Grade,General Knowledge,English,No,
Kerala Board,4th Grade,Moral Education,English,No,
Kerala Board,4th Grade,Physical Education,English,No,
Kerala Board,4th Grade,Art & Craft,English,No,
Kerala Board,4th Grade,Work Education,English,No,
Kerala Board,4th Grade,English,English,No,
Kerala Board,4th Grade,Malayalam,English,No,
Kerala Board,4th Grade,Hindi,English,No,
Kerala Board,4th Grade,Arabic,English,No,
Kerala Board,4th Grade,Tamil,English,No,
Kerala Board,4th Grade,Kannada,English,No,
Kerala Board,5th Grade,Mathematics,English,No,
Kerala Board,5th Grade,Environmental Studies,English,No,
Kerala Board,5th Grade,Computer Awareness,English,No,
Kerala Board,5th Grade,General Knowledge,English,No,
Kerala Board,5th Grade,Moral Education,English,No,
Kerala Board,5th Grade,Physical Education,English,No,
Kerala Board,5th Grade,Art & Craft,English,No,
Kerala Board,5th Grade,Work Education,English,No,
Kerala Board,5th Grade,English,English,No,
Kerala Board,5th Grade,Malayalam,English,No,
Kerala Board,5th Grade,Hindi,English,No,
Kerala Board,5th Grade,Arabic,English,No,
Kerala Board,5th Grade,Tamil,English,No,
Kerala Board,5th Grade,Kannada,English,No,
Kerala Board,6th Grade,Mathematics,English,Yes,
Kerala Board,6th Grade,Science,English,Yes,
Kerala Board,6th Grade,Social Science,English,No,
Kerala Board,6th Grade,Environmental Studies,English,No,
Kerala Board,6th Grade,Information Technology,English,No,
Kerala Board,6th Grade,Physical Education,English,No,
Kerala Board,6th Grade,Art Education,English,No,
Kerala Board,6th Grade,Work Education,English,No,
Kerala Board,6th Grade,English,English,No,
Kerala Board,6th Grade,Malayalam,English,No,
Kerala Board,6th Grade,Hindi,English,No,
Kerala Board,6th Grade,Sanskrit,English,No,
Kerala Board,6th Grade,Arabic,English,No,
Kerala Board,6th Grade,Tamil,English,No,
Kerala Board,6th Grade,Kannada,English,No,
Kerala Board,7th Grade,Mathematics,English,Partial,Partial Coverage of videos
Kerala Board,7th Grade,Science,English,Partial,Partial Coverage of lessons and videos
Kerala Board,7th Grade,Social Science,English,No,
Kerala Board,7th Grade,Environmental Studies,English,No,
Kerala Board,7th Grade,Information Technology,English,No,
Kerala Board,7th Grade,Physical Education,English,No,
Kerala Board,7th Grade,Art Education,English,No,
Kerala Board,7th Grade,Work Education,English,No,
Kerala Board,7th Grade,English,English,No,
Kerala Board,7th Grade,Malayalam,English,No,
Kerala Board,7th Grade,Hindi,English,No,
Kerala Board,7th Grade,Sanskrit,English,No,
Kerala Board,7th Grade,Arabic,English,No,
Kerala Board,7th Grade,Tamil,English,No,
Kerala Board,7th Grade,Kannada,English,No,
Kerala Board,8th Grade,Mathematics,English,Partial,Partial Coverage of lessons and videos
Kerala Board,8th Grade,Science,English,Yes,
Kerala Board,8th Grade,Social Science,English,No,
Kerala Board,8th Grade,Environmental Studies,English,No,
Kerala Board,8th Grade,Information Technology,English,No,
Kerala Board,8th Grade,Physical Education,English,No,
Kerala Board,8th Grade,Art Education,English,No,
Kerala Board,8th Grade,Work Education,English,No,
Kerala Board,8th Grade,English,English,No,
Kerala Board,8th Grade,Malayalam,English,No,
Kerala Board,8th Grade,Hindi,English,No,
Kerala Board,8th Grade,Sanskrit,English,No,
Kerala Board,8th Grade,Arabic,English,No,
Kerala Board,8th Grade,Tamil,English,No,
Kerala Board,8th Grade,Kannada,English,No,
Kerala Board,9th Grade,Mathematics,English,Partial,Partial Coverage of lessons and videos
Kerala Board,9th Grade,Science,English,Yes,
Kerala Board,9th Grade,Social Science,English,No,
Kerala Board,9th Grade,Environmental Studies,English,No,
Kerala Board,9th Grade,Information Technology,English,No,
Kerala Board,9th Grade,Physical Education,English,No,
Kerala Board,9th Grade,Art Education,English,No,
Kerala Board,9th Grade,Work Education,English,No,
Kerala Board,9th Grade,English,English,No,
Kerala Board,9th Grade,Malayalam,English,No,
Kerala Board,9th Grade,Hindi,English,No,
Kerala Board,9th Grade,Sanskrit,English,No,
Kerala Board,9th Grade,Arabic,English,No,
Kerala Board,9th Grade,Tamil,English,No,
Kerala Board,9th Grade,Kannada,English,No,
Kerala Board,10th Grade,Mathematics,English,Partial,Partial Coverage of lessons and videos
Kerala Board,10th Grade,Science,English,Partial,Partial Coverage of lessons and videos
Kerala Board,10th Grade,Social Science,English,No,
Kerala Board,10th Grade,Environmental Studies,English,No,
Kerala Board,10th Grade,Information Technology,English,No,
Kerala Board,10th Grade,Physical Education,English,No,
Kerala Board,10th Grade,Art Education,English,No,
Kerala Board,10th Grade,Work Education,English,No,
Kerala Board,10th Grade,English,English,No,
Kerala Board,10th Grade,Malayalam,English,No,
Kerala Board,10th Grade,Hindi,English,No,
Kerala Board,10th Grade,Sanskrit,English,No,
Kerala Board,10th Grade,Arabic,English,No,
Kerala Board,10th Grade,Tamil,English,No,
Kerala Board,10th Grade,Kannada,English,No,
Kerala Board,11th Grade,Physics,English,Yes,
Kerala Board,11th Grade,Chemistry,English,Yes,
Kerala Board,11th Grade,Mathematics,English,Yes,
Kerala Board,11th Grade,Biology,English,Yes,
Kerala Board,11th Grade,Computer Science,English,No,
Kerala Board,11th Grade,Informatics Practices,English,No,
Kerala Board,11th Grade,Electronics,English,No,
Kerala Board,11th Grade,Environmental Science,English,No,
Kerala Board,11th Grade,Biotechnology,English,No,
Kerala Board,11th Grade,Economics,English,No,
Kerala Board,11th Grade,History,English,No,
Kerala Board,11th Grade,Geography,English,No,
Kerala Board,11th Grade,Political Science,English,No,
Kerala Board,11th Grade,Sociology,English,No,
Kerala Board,11th Grade,Psychology,English,No,
Kerala Board,11th Grade,Philosophy,English,No,
Kerala Board,11th Grade,Home Science,English,No,
Kerala Board,11th Grade,Physical Education,English,No,
Kerala Board,11th Grade,Accountancy,English,No,
Kerala Board,11th Grade,Business Studies,English,No,
Kerala Board,11th Grade,Statistics,English,No,
Kerala Board,11th Grade,English,English,No,
Kerala Board,11th Grade,Malayalam,English,No,
Kerala Board,11th Grade,Hindi,English,No,
Kerala Board,11th Grade,Sanskrit,English,No,
Kerala Board,11th Grade,Arabic,English,No,
Kerala Board,11th Grade,Tamil,English,No,
Kerala Board,11th Grade,Kannada,English,No,
Kerala Board,12th Grade,Physics,English,Yes,
Kerala Board,12th Grade,Chemistry,English,Yes,
Kerala Board,12th Grade,Mathematics,English,Yes,
Kerala Board,12th Grade,Biology,English,Yes,
Kerala Board,12th Grade,Computer Science,English,No,
Kerala Board,12th Grade,Informatics Practices,English,No,
Kerala Board,12th Grade,Electronics,English,No,
Kerala Board,12th Grade,Environmental Science,English,No,
Kerala Board,12th Grade,Biotechnology,English,No,
Kerala Board,12th Grade,Economics,English,No,
Kerala Board,12th Grade,History,English,No,
Kerala Board,12th Grade,Geography,English,No,
Kerala Board,12th Grade,Political Science,English,No,
Kerala Board,12th Grade,Sociology,English,No,
Kerala Board,12th Grade,Psychology,English,No,
Kerala Board,12th Grade,Philosophy,English,No,
Kerala Board,12th Grade,Home Science,English,No,
Kerala Board,12th Grade,Physical Education,English,No,
Kerala Board,12th Grade,Accountancy,English,No,
Kerala Board,12th Grade,Business Studies,English,No,
Kerala Board,12th Grade,Statistics,English,No,
Kerala Board,12th Grade,English,English,No,
Kerala Board,12th Grade,Malayalam,English,No,
Kerala Board,12th Grade,Hindi,English,No,
Kerala Board,12th Grade,Sanskrit,English,No,
Kerala Board,12th Grade,Arabic,English,No,
Kerala Board,12th Grade,Tamil,English,No,
Kerala Board,12th Grade,Kannada,English,No,
Kerala Board,1st Grade,Mathematics,Malayalam,No,
Kerala Board,1st Grade,Environmental Studies,Malayalam,No,
Kerala Board,1st Grade,Computer Awareness,Malayalam,No,
Kerala Board,1st Grade,General Knowledge,Malayalam,No,
Kerala Board,1st Grade,Moral Education,Malayalam,No,
Kerala Board,1st Grade,Physical Education,Malayalam,No,
Kerala Board,1st Grade,Art & Craft,Malayalam,No,
Kerala Board,1st Grade,Work Education,Malayalam,No,
Kerala Board,1st Grade,English,Malayalam,No,
Kerala Board,1st Grade,Malayalam,Malayalam,No,
Kerala Board,1st Grade,Hindi,Malayalam,No,
Kerala Board,1st Grade,Arabic,Malayalam,No,
Kerala Board,1st Grade,Tamil,Malayalam,No,
Kerala Board,1st Grade,Kannada,Malayalam,No,
Kerala Board,2nd Grade,Mathematics,Malayalam,No,
Kerala Board,2nd Grade,Environmental Studies,Malayalam,No,
Kerala Board,2nd Grade,Computer Awareness,Malayalam,No,
Kerala Board,2nd Grade,General Knowledge,Malayalam,No,
Kerala Board,2nd Grade,Moral Education,Malayalam,No,
Kerala Board,2nd Grade,Physical Education,Malayalam,No,
Kerala Board,2nd Grade,Art & Craft,Malayalam,No,
Kerala Board,2nd Grade,Work Education,Malayalam,No,
Kerala Board,2nd Grade,English,Malayalam,No,
Kerala Board,2nd Grade,Malayalam,Malayalam,No,
Kerala Board,2nd Grade,Hindi,Malayalam,No,
Kerala Board,2nd Grade,Arabic,Malayalam,No,
Kerala Board,2nd Grade,Tamil,Malayalam,No,
Kerala Board,2nd Grade,Kannada,Malayalam,No,
Kerala Board,3rd Grade,Mathematics,Malayalam,No,
Kerala Board,3rd Grade,Environmental Studies,Malayalam,No,
Kerala Board,3rd Grade,Computer Awareness,Malayalam,No,
Kerala Board,3rd Grade,General Knowledge,Malayalam,No,
Kerala Board,3rd Grade,Moral Education,Malayalam,No,
Kerala Board,3rd Grade,Physical Education,Malayalam,No,
Kerala Board,3rd Grade,Art & Craft,Malayalam,No,
Kerala Board,3rd Grade,Work Education,Malayalam,No,
Kerala Board,3rd Grade,English,Malayalam,No,
Kerala Board,3rd Grade,Malayalam,Malayalam,No,
Kerala Board,3rd Grade,Hindi,Malayalam,No,
Kerala Board,3rd Grade,Arabic,Malayalam,No,
Kerala Board,3rd Grade,Tamil,Malayalam,No,
Kerala Board,3rd Grade,Kannada,Malayalam,No,
Kerala Board,4th Grade,Mathematics,Malayalam,No,
Kerala Board,4th Grade,Environmental Studies,Malayalam,No,
Kerala Board,4th Grade,Computer Awareness,Malayalam,No,
Kerala Board,4th Grade,General Knowledge,Malayalam,No,
Kerala Board,4th Grade,Moral Education,Malayalam,No,
Kerala Board,4th Grade,Physical Education,Malayalam,No,
Kerala Board,4th Grade,Art & Craft,Malayalam,No,
Kerala Board,4th Grade,Work Education,Malayalam,No,
Kerala Board,4th Grade,English,Malayalam,No,
Kerala Board,4th Grade,Malayalam,Malayalam,No,
Kerala Board,4th Grade,Hindi,Malayalam,No,
Kerala Board,4th Grade,Arabic,Malayalam,No,
Kerala Board,4th Grade,Tamil,Malayalam,No,
Kerala Board,4th Grade,Kannada,Malayalam,No,
Kerala Board,5th Grade,Mathematics,Malayalam,No,
Kerala Board,5th Grade,Environmental Studies,Malayalam,No,
Kerala Board,5th Grade,Computer Awareness,Malayalam,No,
Kerala Board,5th Grade,General Knowledge,Malayalam,No,
Kerala Board,5th Grade,Moral Education,Malayalam,No,
Kerala Board,5th Grade,Physical Education,Malayalam,No,
Kerala Board,5th Grade,Art & Craft,Malayalam,No,
Kerala Board,5th Grade,Work Education,Malayalam,No,
Kerala Board,5th Grade,English,Malayalam,No,
Kerala Board,5th Grade,Malayalam,Malayalam,No,
Kerala Board,5th Grade,Hindi,Malayalam,No,
Kerala Board,5th Grade,Arabic,Malayalam,No,
Kerala Board,5th Grade,Tamil,Malayalam,No,
Kerala Board,5th Grade,Kannada,Malayalam,No,
Kerala Board,6th Grade,Mathematics,Malayalam,Partial,"Partial Coverage of videos, lessons and private publishers"
Kerala Board,6th Grade,Science,Malayalam,Partial,"Partial Coverage of videos, lessons and private publishers"
Kerala Board,6th Grade,Social Science,Malayalam,No,
Kerala Board,6th Grade,Environmental Studies,Malayalam,No,
Kerala Board,6th Grade,Information Technology,Malayalam,No,
Kerala Board,6th Grade,Physical Education,Malayalam,No,
Kerala Board,6th Grade,Art Education,Malayalam,No,
Kerala Board,6th Grade,Work Education,Malayalam,No,
Kerala Board,6th Grade,English,Malayalam,No,
Kerala Board,6th Grade,Malayalam,Malayalam,No,
Kerala Board,6th Grade,Hindi,Malayalam,No,
Kerala Board,6th Grade,Sanskrit,Malayalam,No,
Kerala Board,6th Grade,Arabic,Malayalam,No,
Kerala Board,6th Grade,Tamil,Malayalam,No,
Kerala Board,6th Grade,Kannada,Malayalam,No,
Kerala Board,7th Grade,Mathematics,Malayalam,Partial,"Partial Coverage of videos, lessons and private publishers"
Kerala Board,7th Grade,Science,Malayalam,Partial,"Partial Coverage of videos, lessons and private publishers"
Kerala Board,7th Grade,Social Science,Malayalam,No,
Kerala Board,7th Grade,Environmental Studies,Malayalam,No,
Kerala Board,7th Grade,Information Technology,Malayalam,No,
Kerala Board,7th Grade,Physical Education,Malayalam,No,
Kerala Board,7th Grade,Art Education,Malayalam,No,
Kerala Board,7th Grade,Work Education,Malayalam,No,
Kerala Board,7th Grade,English,Malayalam,No,
Kerala Board,7th Grade,Malayalam,Malayalam,No,
Kerala Board,7th Grade,Hindi,Malayalam,No,
Kerala Board,7th Grade,Sanskrit,Malayalam,No,
Kerala Board,7th Grade,Arabic,Malayalam,No,
Kerala Board,7th Grade,Tamil,Malayalam,No,
Kerala Board,7th Grade,Kannada,Malayalam,No,
Kerala Board,8th Grade,Mathematics,Malayalam,Partial,"Partial Coverage of videos, lessons and private publishers"
Kerala Board,8th Grade,Science,Malayalam,Partial,"Partial Coverage of videos, lessons and private publishers"
Kerala Board,8th Grade,Social Science,Malayalam,No,
Kerala Board,8th Grade,Environmental Studies,Malayalam,No,
Kerala Board,8th Grade,Information Technology,Malayalam,No,
Kerala Board,8th Grade,Physical Education,Malayalam,No,
Kerala Board,8th Grade,Art Education,Malayalam,No,
Kerala Board,8th Grade,Work Education,Malayalam,No,
Kerala Board,8th Grade,English,Malayalam,No,
Kerala Board,8th Grade,Malayalam,Malayalam,No,
Kerala Board,8th Grade,Hindi,Malayalam,No,
Kerala Board,8th Grade,Sanskrit,Malayalam,No,
Kerala Board,8th Grade,Arabic,Malayalam,No,
Kerala Board,8th Grade,Tamil,Malayalam,No,
Kerala Board,8th Grade,Kannada,Malayalam,No,
Kerala Board,9th Grade,Mathematics,Malayalam,Partial,"Partial Coverage of videos, lessons and private publishers"
Kerala Board,9th Grade,Science,Malayalam,Partial,"Partial Coverage of videos, lessons and private publishers"
Kerala Board,9th Grade,Social Science,Malayalam,No,
Kerala Board,9th Grade,Environmental Studies,Malayalam,No,
Kerala Board,9th Grade,Information Technology,Malayalam,No,
Kerala Board,9th Grade,Physical Education,Malayalam,No,
Kerala Board,9th Grade,Art Education,Malayalam,No,
Kerala Board,9th Grade,Work Education,Malayalam,No,
Kerala Board,9th Grade,English,Malayalam,No,
Kerala Board,9th Grade,Malayalam,Malayalam,No,
Kerala Board,9th Grade,Hindi,Malayalam,No,
Kerala Board,9th Grade,Sanskrit,Malayalam,No,
Kerala Board,9th Grade,Arabic,Malayalam,No,
Kerala Board,9th Grade,Tamil,Malayalam,No,
Kerala Board,9th Grade,Kannada,Malayalam,No,
Kerala Board,10th Grade,Mathematics,Malayalam,Partial,"Partial Coverage of videos, lessons and private publishers"
Kerala Board,10th Grade,Science,Malayalam,Partial,"Partial Coverage of videos, lessons and private publishers"
Kerala Board,10th Grade,Social Science,Malayalam,No,
Kerala Board,10th Grade,Environmental Studies,Malayalam,No,
Kerala Board,10th Grade,Information Technology,Malayalam,No,
Kerala Board,10th Grade,Physical Education,Malayalam,No,
Kerala Board,10th Grade,Art Education,Malayalam,No,
Kerala Board,10th Grade,Work Education,Malayalam,No,
Kerala Board,10th Grade,English,Malayalam,No,
Kerala Board,10th Grade,Malayalam,Malayalam,No,
Kerala Board,10th Grade,Hindi,Malayalam,No,
Kerala Board,10th Grade,Sanskrit,Malayalam,No,
Kerala Board,10th Grade,Arabic,Malayalam,No,
Kerala Board,10th Grade,Tamil,Malayalam,No,
Kerala Board,10th Grade,Kannada,Malayalam,No,
Kerala Board,11th Grade,Physics,Malayalam,Partial,"Partial Coverage of videos, lessons and private publishers"
Kerala Board,11th Grade,Chemistry,Malayalam,Partial,"Partial Coverage of videos, lessons and private publishers"
Kerala Board,11th Grade,Mathematics,Malayalam,Partial,"Partial Coverage of videos, lessons and private publishers"
Kerala Board,11th Grade,Biology,Malayalam,Partial,"Partial Coverage of videos, lessons and private publishers"
Kerala Board,11th Grade,Computer Science,Malayalam,No,
Kerala Board,11th Grade,Informatics Practices,Malayalam,No,
Kerala Board,11th Grade,Electronics,Malayalam,No,
Kerala Board,11th Grade,Environmental Science,Malayalam,No,
Kerala Board,11th Grade,Biotechnology,Malayalam,No,
Kerala Board,11th Grade,Economics,Malayalam,No,
Kerala Board,11th Grade,History,Malayalam,No,
Kerala Board,11th Grade,Geography,Malayalam,No,
Kerala Board,11th Grade,Political Science,Malayalam,No,
Kerala Board,11th Grade,Sociology,Malayalam,No,
Kerala Board,11th Grade,Psychology,Malayalam,No,
Kerala Board,11th Grade,Philosophy,Malayalam,No,
Kerala Board,11th Grade,Home Science,Malayalam,No,
Kerala Board,11th Grade,Physical Education,Malayalam,No,
Kerala Board,11th Grade,Accountancy,Malayalam,No,
Kerala Board,11th Grade,Business Studies,Malayalam,No,
Kerala Board,11th Grade,Statistics,Malayalam,No,
Kerala Board,11th Grade,English,Malayalam,No,
Kerala Board,11th Grade,Malayalam,Malayalam,No,
Kerala Board,11th Grade,Hindi,Malayalam,No,
Kerala Board,11th Grade,Sanskrit,Malayalam,No,
Kerala Board,11th Grade,Arabic,Malayalam,No,
Kerala Board,11th Grade,Tamil,Malayalam,No,
Kerala Board,11th Grade,Kannada,Malayalam,No,
Kerala Board,12th Grade,Physics,Malayalam,Partial,"Partial Coverage of videos, lessons and private publishers"
Kerala Board,12th Grade,Chemistry,Malayalam,Partial,"Partial Coverage of videos, lessons and private publishers"
Kerala Board,12th Grade,Mathematics,Malayalam,Partial,"Partial Coverage of videos, lessons and private publishers"
Kerala Board,12th Grade,Biology,Malayalam,Partial,"Partial Coverage of videos, lessons and private publishers"
Kerala Board,12th Grade,Computer Science,Malayalam,No,
Kerala Board,12th Grade,Informatics Practices,Malayalam,No,
Kerala Board,12th Grade,Electronics,Malayalam,No,
Kerala Board,12th Grade,Environmental Science,Malayalam,No,
Kerala Board,12th Grade,Biotechnology,Malayalam,No,
Kerala Board,12th Grade,Economics,Malayalam,No,
Kerala Board,12th Grade,History,Malayalam,No,
Kerala Board,12th Grade,Geography,Malayalam,No,
Kerala Board,12th Grade,Political Science,Malayalam,No,
Kerala Board,12th Grade,Sociology,Malayalam,No,
Kerala Board,12th Grade,Psychology,Malayalam,No,
Kerala Board,12th Grade,Philosophy,Malayalam,No,
Kerala Board,12th Grade,Home Science,Malayalam,No,
Kerala Board,12th Grade,Physical Education,Malayalam,No,
Kerala Board,12th Grade,Accountancy,Malayalam,No,
Kerala Board,12th Grade,Business Studies,Malayalam,No,
Kerala Board,12th Grade,Statistics,Malayalam,No,
Kerala Board,12th Grade,English,Malayalam,No,
Kerala Board,12th Grade,Malayalam,Malayalam,No,
Kerala Board,12th Grade,Hindi,Malayalam,No,
Kerala Board,12th Grade,Sanskrit,Malayalam,No,
Kerala Board,12th Grade,Arabic,Malayalam,No,
Kerala Board,12th Grade,Tamil,Malayalam,No,
Kerala Board,12th Grade,Kannada,Malayalam,No,
Ladakh Board,1st Grade,Mathematics,English,No,
Ladakh Board,1st Grade,Environmental Studies,English,No,
Ladakh Board,1st Grade,Computer Awareness,English,No,
Ladakh Board,1st Grade,General Knowledge,English,No,
Ladakh Board,1st Grade,Moral Education,English,No,
Ladakh Board,1st Grade,Physical Education,English,No,
Ladakh Board,1st Grade,Art & Craft,English,No,
Ladakh Board,1st Grade,Work Education,English,No,
Ladakh Board,1st Grade,English,English,No,
Ladakh Board,1st Grade,Hindi,English,No,
Ladakh Board,1st Grade,Urdu,English,No,
Ladakh Board,1st Grade,Ladakhi (Bhoti),English,No,
Ladakh Board,2nd Grade,Mathematics,English,No,
Ladakh Board,2nd Grade,Environmental Studies,English,No,
Ladakh Board,2nd Grade,Computer Awareness,English,No,
Ladakh Board,2nd Grade,General Knowledge,English,No,
Ladakh Board,2nd Grade,Moral Education,English,No,
Ladakh Board,2nd Grade,Physical Education,English,No,
Ladakh Board,2nd Grade,Art & Craft,English,No,
Ladakh Board,2nd Grade,Work Education,English,No,
Ladakh Board,2nd Grade,English,English,No,
Ladakh Board,2nd Grade,Hindi,English,No,
Ladakh Board,2nd Grade,Urdu,English,No,
Ladakh Board,2nd Grade,Ladakhi (Bhoti),English,No,
Ladakh Board,3rd Grade,Mathematics,English,No,
Ladakh Board,3rd Grade,Environmental Studies,English,No,
Ladakh Board,3rd Grade,Computer Awareness,English,No,
Ladakh Board,3rd Grade,General Knowledge,English,No,
Ladakh Board,3rd Grade,Moral Education,English,No,
Ladakh Board,3rd Grade,Physical Education,English,No,
Ladakh Board,3rd Grade,Art & Craft,English,No,
Ladakh Board,3rd Grade,Work Education,English,No,
Ladakh Board,3rd Grade,English,English,No,
Ladakh Board,3rd Grade,Hindi,English,No,
Ladakh Board,3rd Grade,Urdu,English,No,
Ladakh Board,3rd Grade,Ladakhi (Bhoti),English,No,
Ladakh Board,4th Grade,Mathematics,English,No,
Ladakh Board,4th Grade,Environmental Studies,English,No,
Ladakh Board,4th Grade,Computer Awareness,English,No,
Ladakh Board,4th Grade,General Knowledge,English,No,
Ladakh Board,4th Grade,Moral Education,English,No,
Ladakh Board,4th Grade,Physical Education,English,No,
Ladakh Board,4th Grade,Art & Craft,English,No,
Ladakh Board,4th Grade,Work Education,English,No,
Ladakh Board,4th Grade,English,English,No,
Ladakh Board,4th Grade,Hindi,English,No,
Ladakh Board,4th Grade,Urdu,English,No,
Ladakh Board,4th Grade,Ladakhi (Bhoti),English,No,
Ladakh Board,5th Grade,Mathematics,English,No,
Ladakh Board,5th Grade,Environmental Studies,English,No,
Ladakh Board,5th Grade,Computer Awareness,English,No,
Ladakh Board,5th Grade,General Knowledge,English,No,
Ladakh Board,5th Grade,Moral Education,English,No,
Ladakh Board,5th Grade,Physical Education,English,No,
Ladakh Board,5th Grade,Art & Craft,English,No,
Ladakh Board,5th Grade,Work Education,English,No,
Ladakh Board,5th Grade,English,English,No,
Ladakh Board,5th Grade,Hindi,English,No,
Ladakh Board,5th Grade,Urdu,English,No,
Ladakh Board,5th Grade,Ladakhi (Bhoti),English,No,
Ladakh Board,6th Grade,Mathematics,English,Yes,
Ladakh Board,6th Grade,Science,English,Yes,
Ladakh Board,6th Grade,Social Science,English,No,
Ladakh Board,6th Grade,Environmental Studies,English,No,
Ladakh Board,6th Grade,Computer Education,English,No,
Ladakh Board,6th Grade,Physical Education,English,No,
Ladakh Board,6th Grade,Art Education,English,No,
Ladakh Board,6th Grade,Work Education,English,No,
Ladakh Board,6th Grade,English,English,No,
Ladakh Board,6th Grade,Hindi,English,No,
Ladakh Board,6th Grade,Urdu,English,No,
Ladakh Board,6th Grade,Ladakhi (Bhoti),English,No,
Ladakh Board,6th Grade,Sanskrit,English,No,
Ladakh Board,7th Grade,Mathematics,English,Yes,
Ladakh Board,7th Grade,Science,English,Yes,
Ladakh Board,7th Grade,Social Science,English,No,
Ladakh Board,7th Grade,Environmental Studies,English,No,
Ladakh Board,7th Grade,Computer Education,English,No,
Ladakh Board,7th Grade,Physical Education,English,No,
Ladakh Board,7th Grade,Art Education,English,No,
Ladakh Board,7th Grade,Work Education,English,No,
Ladakh Board,7th Grade,English,English,No,
Ladakh Board,7th Grade,Hindi,English,No,
Ladakh Board,7th Grade,Urdu,English,No,
Ladakh Board,7th Grade,Ladakhi (Bhoti),English,No,
Ladakh Board,7th Grade,Sanskrit,English,No,
Ladakh Board,8th Grade,Mathematics,English,Yes,
Ladakh Board,8th Grade,Science,English,Yes,
Ladakh Board,8th Grade,Social Science,English,No,
Ladakh Board,8th Grade,Environmental Studies,English,No,
Ladakh Board,8th Grade,Computer Education,English,No,
Ladakh Board,8th Grade,Physical Education,English,No,
Ladakh Board,8th Grade,Art Education,English,No,
Ladakh Board,8th Grade,Work Education,English,No,
Ladakh Board,8th Grade,English,English,No,
Ladakh Board,8th Grade,Hindi,English,No,
Ladakh Board,8th Grade,Urdu,English,No,
Ladakh Board,8th Grade,Ladakhi (Bhoti),English,No,
Ladakh Board,8th Grade,Sanskrit,English,No,
Ladakh Board,9th Grade,Mathematics,English,Yes,
Ladakh Board,9th Grade,Science,English,Yes,
Ladakh Board,9th Grade,Social Science,English,No,
Ladakh Board,9th Grade,Environmental Studies,English,No,
Ladakh Board,9th Grade,Computer Education,English,No,
Ladakh Board,9th Grade,Physical Education,English,No,
Ladakh Board,9th Grade,Art Education,English,No,
Ladakh Board,9th Grade,Work Education,English,No,
Ladakh Board,9th Grade,English,English,No,
Ladakh Board,9th Grade,Hindi,English,No,
Ladakh Board,9th Grade,Urdu,English,No,
Ladakh Board,9th Grade,Ladakhi (Bhoti),English,No,
Ladakh Board,9th Grade,Sanskrit,English,No,
Ladakh Board,10th Grade,Mathematics,English,Yes,
Ladakh Board,10th Grade,Science,English,Yes,
Ladakh Board,10th Grade,Social Science,English,No,
Ladakh Board,10th Grade,Environmental Studies,English,No,
Ladakh Board,10th Grade,Computer Education,English,No,
Ladakh Board,10th Grade,Physical Education,English,No,
Ladakh Board,10th Grade,Art Education,English,No,
Ladakh Board,10th Grade,Work Education,English,No,
Ladakh Board,10th Grade,English,English,No,
Ladakh Board,10th Grade,Hindi,English,No,
Ladakh Board,10th Grade,Urdu,English,No,
Ladakh Board,10th Grade,Ladakhi (Bhoti),English,No,
Ladakh Board,10th Grade,Sanskrit,English,No,
Ladakh Board,11th Grade,Physics,English,Yes,
Ladakh Board,11th Grade,Chemistry,English,Yes,
Ladakh Board,11th Grade,Mathematics,English,Yes,
Ladakh Board,11th Grade,Biology,English,Yes,
Ladakh Board,11th Grade,Computer Science,English,No,
Ladakh Board,11th Grade,Environmental Science,English,No,
Ladakh Board,11th Grade,Economics,English,No,
Ladakh Board,11th Grade,History,English,No,
Ladakh Board,11th Grade,Geography,English,No,
Ladakh Board,11th Grade,Political Science,English,No,
Ladakh Board,11th Grade,Sociology,English,No,
Ladakh Board,11th Grade,Psychology,English,No,
Ladakh Board,11th Grade,Philosophy,English,No,
Ladakh Board,11th Grade,Home Science,English,No,
Ladakh Board,11th Grade,Physical Education,English,No,
Ladakh Board,11th Grade,Accountancy,English,No,
Ladakh Board,11th Grade,Business Studies,English,No,
Ladakh Board,11th Grade,Entrepreneurship,English,No,
Ladakh Board,11th Grade,Statistics,English,No,
Ladakh Board,11th Grade,Agriculture,English,No,
Ladakh Board,11th Grade,English,English,No,
Ladakh Board,11th Grade,Hindi,English,No,
Ladakh Board,11th Grade,Urdu,English,No,
Ladakh Board,11th Grade,Ladakhi (Bhoti),English,No,
Ladakh Board,11th Grade,Sanskrit,English,No,
Ladakh Board,12th Grade,Physics,English,Yes,
Ladakh Board,12th Grade,Chemistry,English,Yes,
Ladakh Board,12th Grade,Mathematics,English,Yes,
Ladakh Board,12th Grade,Biology,English,Yes,
Ladakh Board,12th Grade,Computer Science,English,No,
Ladakh Board,12th Grade,Environmental Science,English,No,
Ladakh Board,12th Grade,Economics,English,No,
Ladakh Board,12th Grade,History,English,No,
Ladakh Board,12th Grade,Geography,English,No,
Ladakh Board,12th Grade,Political Science,English,No,
Ladakh Board,12th Grade,Sociology,English,No,
Ladakh Board,12th Grade,Psychology,English,No,
Ladakh Board,12th Grade,Philosophy,English,No,
Ladakh Board,12th Grade,Home Science,English,No,
Ladakh Board,12th Grade,Physical Education,English,No,
Ladakh Board,12th Grade,Accountancy,English,No,
Ladakh Board,12th Grade,Business Studies,English,No,
Ladakh Board,12th Grade,Entrepreneurship,English,No,
Ladakh Board,12th Grade,Statistics,English,No,
Ladakh Board,12th Grade,Agriculture,English,No,
Ladakh Board,12th Grade,English,English,No,
Ladakh Board,12th Grade,Hindi,English,No,
Ladakh Board,12th Grade,Urdu,English,No,
Ladakh Board,12th Grade,Ladakhi (Bhoti),English,No,
Ladakh Board,12th Grade,Sanskrit,English,No,
Madhya Pradesh Board,1st Grade,Mathematics,English,No,
Madhya Pradesh Board,1st Grade,Environmental Studies,English,No,
Madhya Pradesh Board,1st Grade,Computer Awareness,English,No,
Madhya Pradesh Board,1st Grade,General Knowledge,English,No,
Madhya Pradesh Board,1st Grade,Moral Education,English,No,
Madhya Pradesh Board,1st Grade,Physical Education,English,No,
Madhya Pradesh Board,1st Grade,Art & Craft,English,No,
Madhya Pradesh Board,1st Grade,Work Education,English,No,
Madhya Pradesh Board,1st Grade,English,English,No,
Madhya Pradesh Board,1st Grade,Hindi,English,No,
Madhya Pradesh Board,1st Grade,Punjabi,English,No,
Madhya Pradesh Board,1st Grade,Urdu,English,No,
Madhya Pradesh Board,2nd Grade,Mathematics,English,No,
Madhya Pradesh Board,2nd Grade,Environmental Studies,English,No,
Madhya Pradesh Board,2nd Grade,Computer Awareness,English,No,
Madhya Pradesh Board,2nd Grade,General Knowledge,English,No,
Madhya Pradesh Board,2nd Grade,Moral Education,English,No,
Madhya Pradesh Board,2nd Grade,Physical Education,English,No,
Madhya Pradesh Board,2nd Grade,Art & Craft,English,No,
Madhya Pradesh Board,2nd Grade,Work Education,English,No,
Madhya Pradesh Board,2nd Grade,English,English,No,
Madhya Pradesh Board,2nd Grade,Hindi,English,No,
Madhya Pradesh Board,2nd Grade,Punjabi,English,No,
Madhya Pradesh Board,2nd Grade,Urdu,English,No,
Madhya Pradesh Board,3rd Grade,Mathematics,English,No,
Madhya Pradesh Board,3rd Grade,Environmental Studies,English,No,
Madhya Pradesh Board,3rd Grade,Computer Awareness,English,No,
Madhya Pradesh Board,3rd Grade,General Knowledge,English,No,
Madhya Pradesh Board,3rd Grade,Moral Education,English,No,
Madhya Pradesh Board,3rd Grade,Physical Education,English,No,
Madhya Pradesh Board,3rd Grade,Art & Craft,English,No,
Madhya Pradesh Board,3rd Grade,Work Education,English,No,
Madhya Pradesh Board,3rd Grade,English,English,No,
Madhya Pradesh Board,3rd Grade,Hindi,English,No,
Madhya Pradesh Board,3rd Grade,Punjabi,English,No,
Madhya Pradesh Board,3rd Grade,Urdu,English,No,
Madhya Pradesh Board,4th Grade,Mathematics,English,No,
Madhya Pradesh Board,4th Grade,Environmental Studies,English,No,
Madhya Pradesh Board,4th Grade,Computer Awareness,English,No,
Madhya Pradesh Board,4th Grade,General Knowledge,English,No,
Madhya Pradesh Board,4th Grade,Moral Education,English,No,
Madhya Pradesh Board,4th Grade,Physical Education,English,No,
Madhya Pradesh Board,4th Grade,Art & Craft,English,No,
Madhya Pradesh Board,4th Grade,Work Education,English,No,
Madhya Pradesh Board,4th Grade,English,English,No,
Madhya Pradesh Board,4th Grade,Hindi,English,No,
Madhya Pradesh Board,4th Grade,Punjabi,English,No,
Madhya Pradesh Board,4th Grade,Urdu,English,No,
Madhya Pradesh Board,5th Grade,Mathematics,English,No,
Madhya Pradesh Board,5th Grade,Environmental Studies,English,No,
Madhya Pradesh Board,5th Grade,Computer Awareness,English,No,
Madhya Pradesh Board,5th Grade,General Knowledge,English,No,
Madhya Pradesh Board,5th Grade,Moral Education,English,No,
Madhya Pradesh Board,5th Grade,Physical Education,English,No,
Madhya Pradesh Board,5th Grade,Art & Craft,English,No,
Madhya Pradesh Board,5th Grade,Work Education,English,No,
Madhya Pradesh Board,5th Grade,English,English,No,
Madhya Pradesh Board,5th Grade,Hindi,English,No,
Madhya Pradesh Board,5th Grade,Punjabi,English,No,
Madhya Pradesh Board,5th Grade,Urdu,English,No,
Madhya Pradesh Board,6th Grade,Mathematics,English,Yes,
Madhya Pradesh Board,6th Grade,Science,English,Yes,
Madhya Pradesh Board,6th Grade,Social Science,English,Partial,Partial Coverage of Lessons and Videos
Madhya Pradesh Board,6th Grade,Environmental Studies,English,No,
Madhya Pradesh Board,6th Grade,Computer Education,English,No,
Madhya Pradesh Board,6th Grade,Physical Education,English,No,
Madhya Pradesh Board,6th Grade,Art Education,English,No,
Madhya Pradesh Board,6th Grade,Work Education,English,No,
Madhya Pradesh Board,6th Grade,English,English,No,
Madhya Pradesh Board,6th Grade,Hindi,English,No,
Madhya Pradesh Board,6th Grade,Sanskrit,English,No,
Madhya Pradesh Board,6th Grade,Punjabi,English,No,
Madhya Pradesh Board,6th Grade,Urdu,English,No,
Madhya Pradesh Board,7th Grade,Mathematics,English,Yes,
Madhya Pradesh Board,7th Grade,Science,English,Yes,
Madhya Pradesh Board,7th Grade,Social Science,English,Partial,Partial Coverage of Lessons and Videos
Madhya Pradesh Board,7th Grade,Environmental Studies,English,No,
Madhya Pradesh Board,7th Grade,Computer Education,English,No,
Madhya Pradesh Board,7th Grade,Physical Education,English,No,
Madhya Pradesh Board,7th Grade,Art Education,English,No,
Madhya Pradesh Board,7th Grade,Work Education,English,No,
Madhya Pradesh Board,7th Grade,English,English,No,
Madhya Pradesh Board,7th Grade,Hindi,English,No,
Madhya Pradesh Board,7th Grade,Sanskrit,English,No,
Madhya Pradesh Board,7th Grade,Punjabi,English,No,
Madhya Pradesh Board,7th Grade,Urdu,English,No,
Madhya Pradesh Board,8th Grade,Mathematics,English,Yes,
Madhya Pradesh Board,8th Grade,Science,English,Yes,
Madhya Pradesh Board,8th Grade,Social Science,English,Partial,Partial Coverage of Lessons and Videos
Madhya Pradesh Board,8th Grade,Environmental Studies,English,No,
Madhya Pradesh Board,8th Grade,Computer Education,English,No,
Madhya Pradesh Board,8th Grade,Physical Education,English,No,
Madhya Pradesh Board,8th Grade,Art Education,English,No,
Madhya Pradesh Board,8th Grade,Work Education,English,No,
Madhya Pradesh Board,8th Grade,English,English,No,
Madhya Pradesh Board,8th Grade,Hindi,English,No,
Madhya Pradesh Board,8th Grade,Sanskrit,English,No,
Madhya Pradesh Board,8th Grade,Punjabi,English,No,
Madhya Pradesh Board,8th Grade,Urdu,English,No,
Madhya Pradesh Board,9th Grade,Mathematics,English,Yes,
Madhya Pradesh Board,9th Grade,Science,English,Yes,
Madhya Pradesh Board,9th Grade,Social Science,English,Yes,
Madhya Pradesh Board,9th Grade,Environmental Studies,English,No,
Madhya Pradesh Board,9th Grade,Computer Education,English,No,
Madhya Pradesh Board,9th Grade,Physical Education,English,No,
Madhya Pradesh Board,9th Grade,Art Education,English,No,
Madhya Pradesh Board,9th Grade,Work Education,English,No,
Madhya Pradesh Board,9th Grade,English,English,No,
Madhya Pradesh Board,9th Grade,Hindi,English,No,
Madhya Pradesh Board,9th Grade,Sanskrit,English,No,
Madhya Pradesh Board,9th Grade,Punjabi,English,No,
Madhya Pradesh Board,9th Grade,Urdu,English,No,
Madhya Pradesh Board,10th Grade,Mathematics,English,Yes,
Madhya Pradesh Board,10th Grade,Science,English,Yes,
Madhya Pradesh Board,10th Grade,Social Science,English,Yes,
Madhya Pradesh Board,10th Grade,Environmental Studies,English,No,
Madhya Pradesh Board,10th Grade,Computer Education,English,No,
Madhya Pradesh Board,10th Grade,Physical Education,English,No,
Madhya Pradesh Board,10th Grade,Art Education,English,No,
Madhya Pradesh Board,10th Grade,Work Education,English,No,
Madhya Pradesh Board,10th Grade,English,English,No,
Madhya Pradesh Board,10th Grade,Hindi,English,No,
Madhya Pradesh Board,10th Grade,Sanskrit,English,No,
Madhya Pradesh Board,10th Grade,Punjabi,English,No,
Madhya Pradesh Board,10th Grade,Urdu,English,No,
Madhya Pradesh Board,11th Grade,Physics,English,Yes,
Madhya Pradesh Board,11th Grade,Chemistry,English,Yes,
Madhya Pradesh Board,11th Grade,Mathematics,English,Yes,
Madhya Pradesh Board,11th Grade,Biology,English,Yes,
Madhya Pradesh Board,11th Grade,Computer Science,English,No,
Madhya Pradesh Board,11th Grade,Environmental Science,English,No,
Madhya Pradesh Board,11th Grade,Economics,English,No,
Madhya Pradesh Board,11th Grade,History,English,No,
Madhya Pradesh Board,11th Grade,Geography,English,No,
Madhya Pradesh Board,11th Grade,Political Science,English,No,
Madhya Pradesh Board,11th Grade,Sociology,English,No,
Madhya Pradesh Board,11th Grade,Psychology,English,No,
Madhya Pradesh Board,11th Grade,Philosophy,English,No,
Madhya Pradesh Board,11th Grade,Home Science,English,No,
Madhya Pradesh Board,11th Grade,Physical Education,English,No,
Madhya Pradesh Board,11th Grade,Accountancy,English,No,
Madhya Pradesh Board,11th Grade,Business Studies,English,No,
Madhya Pradesh Board,11th Grade,Entrepreneurship,English,No,
Madhya Pradesh Board,11th Grade,Statistics,English,No,
Madhya Pradesh Board,11th Grade,Agriculture,English,No,
Madhya Pradesh Board,11th Grade,English,English,No,
Madhya Pradesh Board,11th Grade,Hindi,English,No,
Madhya Pradesh Board,11th Grade,Sanskrit,English,No,
Madhya Pradesh Board,11th Grade,Punjabi,English,No,
Madhya Pradesh Board,11th Grade,Urdu,English,No,
Madhya Pradesh Board,12th Grade,Physics,English,Yes,
Madhya Pradesh Board,12th Grade,Chemistry,English,Yes,
Madhya Pradesh Board,12th Grade,Mathematics,English,Yes,
Madhya Pradesh Board,12th Grade,Biology,English,Yes,
Madhya Pradesh Board,12th Grade,Computer Science,English,No,
Madhya Pradesh Board,12th Grade,Environmental Science,English,No,
Madhya Pradesh Board,12th Grade,Economics,English,No,
Madhya Pradesh Board,12th Grade,History,English,No,
Madhya Pradesh Board,12th Grade,Geography,English,No,
Madhya Pradesh Board,12th Grade,Political Science,English,No,
Madhya Pradesh Board,12th Grade,Sociology,English,No,
Madhya Pradesh Board,12th Grade,Psychology,English,No,
Madhya Pradesh Board,12th Grade,Philosophy,English,No,
Madhya Pradesh Board,12th Grade,Home Science,English,No,
Madhya Pradesh Board,12th Grade,Physical Education,English,No,
Madhya Pradesh Board,12th Grade,Accountancy,English,No,
Madhya Pradesh Board,12th Grade,Business Studies,English,No,
Madhya Pradesh Board,12th Grade,Entrepreneurship,English,No,
Madhya Pradesh Board,12th Grade,Statistics,English,No,
Madhya Pradesh Board,12th Grade,Agriculture,English,No,
Madhya Pradesh Board,12th Grade,English,English,No,
Madhya Pradesh Board,12th Grade,Hindi,English,No,
Madhya Pradesh Board,12th Grade,Sanskrit,English,No,
Madhya Pradesh Board,12th Grade,Punjabi,English,No,
Madhya Pradesh Board,12th Grade,Urdu,English,No,
Madhya Pradesh Board,1st Grade,Mathematics,Hindi,No,
Madhya Pradesh Board,1st Grade,Environmental Studies,Hindi,No,
Madhya Pradesh Board,1st Grade,Computer Awareness,Hindi,No,
Madhya Pradesh Board,1st Grade,General Knowledge,Hindi,No,
Madhya Pradesh Board,1st Grade,Moral Education,Hindi,No,
Madhya Pradesh Board,1st Grade,Physical Education,Hindi,No,
Madhya Pradesh Board,1st Grade,Art & Craft,Hindi,No,
Madhya Pradesh Board,1st Grade,Work Education,Hindi,No,
Madhya Pradesh Board,1st Grade,English,Hindi,No,
Madhya Pradesh Board,1st Grade,Hindi,Hindi,No,
Madhya Pradesh Board,1st Grade,Punjabi,Hindi,No,
Madhya Pradesh Board,1st Grade,Urdu,Hindi,No,
Madhya Pradesh Board,2nd Grade,Mathematics,Hindi,No,
Madhya Pradesh Board,2nd Grade,Environmental Studies,Hindi,No,
Madhya Pradesh Board,2nd Grade,Computer Awareness,Hindi,No,
Madhya Pradesh Board,2nd Grade,General Knowledge,Hindi,No,
Madhya Pradesh Board,2nd Grade,Moral Education,Hindi,No,
Madhya Pradesh Board,2nd Grade,Physical Education,Hindi,No,
Madhya Pradesh Board,2nd Grade,Art & Craft,Hindi,No,
Madhya Pradesh Board,2nd Grade,Work Education,Hindi,No,
Madhya Pradesh Board,2nd Grade,English,Hindi,No,
Madhya Pradesh Board,2nd Grade,Hindi,Hindi,No,
Madhya Pradesh Board,2nd Grade,Punjabi,Hindi,No,
Madhya Pradesh Board,2nd Grade,Urdu,Hindi,No,
Madhya Pradesh Board,3rd Grade,Mathematics,Hindi,No,
Madhya Pradesh Board,3rd Grade,Environmental Studies,Hindi,No,
Madhya Pradesh Board,3rd Grade,Computer Awareness,Hindi,No,
Madhya Pradesh Board,3rd Grade,General Knowledge,Hindi,No,
Madhya Pradesh Board,3rd Grade,Moral Education,Hindi,No,
Madhya Pradesh Board,3rd Grade,Physical Education,Hindi,No,
Madhya Pradesh Board,3rd Grade,Art & Craft,Hindi,No,
Madhya Pradesh Board,3rd Grade,Work Education,Hindi,No,
Madhya Pradesh Board,3rd Grade,English,Hindi,No,
Madhya Pradesh Board,3rd Grade,Hindi,Hindi,No,
Madhya Pradesh Board,3rd Grade,Punjabi,Hindi,No,
Madhya Pradesh Board,3rd Grade,Urdu,Hindi,No,
Madhya Pradesh Board,4th Grade,Mathematics,Hindi,No,
Madhya Pradesh Board,4th Grade,Environmental Studies,Hindi,No,
Madhya Pradesh Board,4th Grade,Computer Awareness,Hindi,No,
Madhya Pradesh Board,4th Grade,General Knowledge,Hindi,No,
Madhya Pradesh Board,4th Grade,Moral Education,Hindi,No,
Madhya Pradesh Board,4th Grade,Physical Education,Hindi,No,
Madhya Pradesh Board,4th Grade,Art & Craft,Hindi,No,
Madhya Pradesh Board,4th Grade,Work Education,Hindi,No,
Madhya Pradesh Board,4th Grade,English,Hindi,No,
Madhya Pradesh Board,4th Grade,Hindi,Hindi,No,
Madhya Pradesh Board,4th Grade,Punjabi,Hindi,No,
Madhya Pradesh Board,4th Grade,Urdu,Hindi,No,
Madhya Pradesh Board,5th Grade,Mathematics,Hindi,No,
Madhya Pradesh Board,5th Grade,Environmental Studies,Hindi,No,
Madhya Pradesh Board,5th Grade,Computer Awareness,Hindi,No,
Madhya Pradesh Board,5th Grade,General Knowledge,Hindi,No,
Madhya Pradesh Board,5th Grade,Moral Education,Hindi,No,
Madhya Pradesh Board,5th Grade,Physical Education,Hindi,No,
Madhya Pradesh Board,5th Grade,Art & Craft,Hindi,No,
Madhya Pradesh Board,5th Grade,Work Education,Hindi,No,
Madhya Pradesh Board,5th Grade,English,Hindi,No,
Madhya Pradesh Board,5th Grade,Hindi,Hindi,No,
Madhya Pradesh Board,5th Grade,Punjabi,Hindi,No,
Madhya Pradesh Board,5th Grade,Urdu,Hindi,No,
Madhya Pradesh Board,6th Grade,Mathematics,Hindi,Partial,"Partial Coverage of videos, lessons and private publishers"
Madhya Pradesh Board,6th Grade,Science,Hindi,Partial,"Partial Coverage of videos, lessons and private publishers"
Madhya Pradesh Board,6th Grade,Social Science,Hindi,Partial,"Partial Coverage of videos, lessons and private publishers"
Madhya Pradesh Board,6th Grade,Environmental Studies,Hindi,No,
Madhya Pradesh Board,6th Grade,Computer Education,Hindi,No,
Madhya Pradesh Board,6th Grade,Physical Education,Hindi,No,
Madhya Pradesh Board,6th Grade,Art Education,Hindi,No,
Madhya Pradesh Board,6th Grade,Work Education,Hindi,No,
Madhya Pradesh Board,6th Grade,English,Hindi,No,
Madhya Pradesh Board,6th Grade,Hindi,Hindi,No,
Madhya Pradesh Board,6th Grade,Sanskrit,Hindi,No,
Madhya Pradesh Board,6th Grade,Punjabi,Hindi,No,
Madhya Pradesh Board,6th Grade,Urdu,Hindi,No,
Madhya Pradesh Board,7th Grade,Mathematics,Hindi,Partial,"Partial Coverage of videos, lessons and private publishers"
Madhya Pradesh Board,7th Grade,Science,Hindi,Partial,"Partial Coverage of videos, lessons and private publishers"
Madhya Pradesh Board,7th Grade,Social Science,Hindi,Partial,"Partial Coverage of videos, lessons and private publishers"
Madhya Pradesh Board,7th Grade,Environmental Studies,Hindi,No,
Madhya Pradesh Board,7th Grade,Computer Education,Hindi,No,
Madhya Pradesh Board,7th Grade,Physical Education,Hindi,No,
Madhya Pradesh Board,7th Grade,Art Education,Hindi,No,
Madhya Pradesh Board,7th Grade,Work Education,Hindi,No,
Madhya Pradesh Board,7th Grade,English,Hindi,No,
Madhya Pradesh Board,7th Grade,Hindi,Hindi,No,
Madhya Pradesh Board,7th Grade,Sanskrit,Hindi,No,
Madhya Pradesh Board,7th Grade,Punjabi,Hindi,No,
Madhya Pradesh Board,7th Grade,Urdu,Hindi,No,
Madhya Pradesh Board,8th Grade,Mathematics,Hindi,Partial,"Partial Coverage of videos, lessons and private publishers"
Madhya Pradesh Board,8th Grade,Science,Hindi,Partial,"Partial Coverage of videos, lessons and private publishers"
Madhya Pradesh Board,8th Grade,Social Science,Hindi,Partial,"Partial Coverage of videos, lessons and private publishers"
Madhya Pradesh Board,8th Grade,Environmental Studies,Hindi,No,
Madhya Pradesh Board,8th Grade,Computer Education,Hindi,No,
Madhya Pradesh Board,8th Grade,Physical Education,Hindi,No,
Madhya Pradesh Board,8th Grade,Art Education,Hindi,No,
Madhya Pradesh Board,8th Grade,Work Education,Hindi,No,
Madhya Pradesh Board,8th Grade,English,Hindi,No,
Madhya Pradesh Board,8th Grade,Hindi,Hindi,No,
Madhya Pradesh Board,8th Grade,Sanskrit,Hindi,No,
Madhya Pradesh Board,8th Grade,Punjabi,Hindi,No,
Madhya Pradesh Board,8th Grade,Urdu,Hindi,No,
Madhya Pradesh Board,9th Grade,Mathematics,Hindi,Partial,"Partial Coverage of videos, lessons and private publishers"
Madhya Pradesh Board,9th Grade,Science,Hindi,Partial,"Partial Coverage of videos, lessons and private publishers"
Madhya Pradesh Board,9th Grade,Social Science,Hindi,Partial,"Partial Coverage of videos, lessons and private publishers"
Madhya Pradesh Board,9th Grade,Environmental Studies,Hindi,No,
Madhya Pradesh Board,9th Grade,Computer Education,Hindi,No,
Madhya Pradesh Board,9th Grade,Physical Education,Hindi,No,
Madhya Pradesh Board,9th Grade,Art Education,Hindi,No,
Madhya Pradesh Board,9th Grade,Work Education,Hindi,No,
Madhya Pradesh Board,9th Grade,English,Hindi,No,
Madhya Pradesh Board,9th Grade,Hindi,Hindi,No,
Madhya Pradesh Board,9th Grade,Sanskrit,Hindi,No,
Madhya Pradesh Board,9th Grade,Punjabi,Hindi,No,
Madhya Pradesh Board,9th Grade,Urdu,Hindi,No,
Madhya Pradesh Board,10th Grade,Mathematics,Hindi,Partial,"Partial Coverage of videos, lessons and private publishers"
Madhya Pradesh Board,10th Grade,Science,Hindi,Partial,"Partial Coverage of videos, lessons and private publishers"
Madhya Pradesh Board,10th Grade,Social Science,Hindi,Partial,"Partial Coverage of videos, lessons and private publishers"
Madhya Pradesh Board,10th Grade,Environmental Studies,Hindi,No,
Madhya Pradesh Board,10th Grade,Computer Education,Hindi,No,
Madhya Pradesh Board,10th Grade,Physical Education,Hindi,No,
Madhya Pradesh Board,10th Grade,Art Education,Hindi,No,
Madhya Pradesh Board,10th Grade,Work Education,Hindi,No,
Madhya Pradesh Board,10th Grade,English,Hindi,No,
Madhya Pradesh Board,10th Grade,Hindi,Hindi,No,
Madhya Pradesh Board,10th Grade,Sanskrit,Hindi,No,
Madhya Pradesh Board,10th Grade,Punjabi,Hindi,No,
Madhya Pradesh Board,10th Grade,Urdu,Hindi,No,
Madhya Pradesh Board,11th Grade,Physics,Hindi,Partial,"Partial Coverage of videos, lessons and private publishers"
Madhya Pradesh Board,11th Grade,Chemistry,Hindi,Partial,"Partial Coverage of videos, lessons and private publishers"
Madhya Pradesh Board,11th Grade,Mathematics,Hindi,Partial,"Partial Coverage of videos, lessons and private publishers"
Madhya Pradesh Board,11th Grade,Biology,Hindi,Partial,"Partial Coverage of videos, lessons and private publishers"
Madhya Pradesh Board,11th Grade,Computer Science,Hindi,No,
Madhya Pradesh Board,11th Grade,Environmental Science,Hindi,No,
Madhya Pradesh Board,11th Grade,Economics,Hindi,No,
Madhya Pradesh Board,11th Grade,History,Hindi,No,
Madhya Pradesh Board,11th Grade,Geography,Hindi,No,
Madhya Pradesh Board,11th Grade,Political Science,Hindi,No,
Madhya Pradesh Board,11th Grade,Sociology,Hindi,No,
Madhya Pradesh Board,11th Grade,Psychology,Hindi,No,
Madhya Pradesh Board,11th Grade,Philosophy,Hindi,No,
Madhya Pradesh Board,11th Grade,Home Science,Hindi,No,
Madhya Pradesh Board,11th Grade,Physical Education,Hindi,No,
Madhya Pradesh Board,11th Grade,Accountancy,Hindi,No,
Madhya Pradesh Board,11th Grade,Business Studies,Hindi,No,
Madhya Pradesh Board,11th Grade,Entrepreneurship,Hindi,No,
Madhya Pradesh Board,11th Grade,Statistics,Hindi,No,
Madhya Pradesh Board,11th Grade,Agriculture,Hindi,No,
Madhya Pradesh Board,11th Grade,English,Hindi,No,
Madhya Pradesh Board,11th Grade,Hindi,Hindi,No,
Madhya Pradesh Board,11th Grade,Sanskrit,Hindi,No,
Madhya Pradesh Board,11th Grade,Punjabi,Hindi,No,
Madhya Pradesh Board,11th Grade,Urdu,Hindi,No,
Madhya Pradesh Board,12th Grade,Physics,Hindi,Partial,"Partial Coverage of videos, lessons and private publishers"
Madhya Pradesh Board,12th Grade,Chemistry,Hindi,Partial,"Partial Coverage of videos, lessons and private publishers"
Madhya Pradesh Board,12th Grade,Mathematics,Hindi,Partial,"Partial Coverage of videos, lessons and private publishers"
Madhya Pradesh Board,12th Grade,Biology,Hindi,Partial,"Partial Coverage of videos, lessons and private publishers"
Madhya Pradesh Board,12th Grade,Computer Science,Hindi,No,
Madhya Pradesh Board,12th Grade,Environmental Science,Hindi,No,
Madhya Pradesh Board,12th Grade,Economics,Hindi,No,
Madhya Pradesh Board,12th Grade,History,Hindi,No,
Madhya Pradesh Board,12th Grade,Geography,Hindi,No,
Madhya Pradesh Board,12th Grade,Political Science,Hindi,No,
Madhya Pradesh Board,12th Grade,Sociology,Hindi,No,
Madhya Pradesh Board,12th Grade,Psychology,Hindi,No,
Madhya Pradesh Board,12th Grade,Philosophy,Hindi,No,
Madhya Pradesh Board,12th Grade,Home Science,Hindi,No,
Madhya Pradesh Board,12th Grade,Physical Education,Hindi,No,
Madhya Pradesh Board,12th Grade,Accountancy,Hindi,No,
Madhya Pradesh Board,12th Grade,Business Studies,Hindi,No,
Madhya Pradesh Board,12th Grade,Entrepreneurship,Hindi,No,
Madhya Pradesh Board,12th Grade,Statistics,Hindi,No,
Madhya Pradesh Board,12th Grade,Agriculture,Hindi,No,
Madhya Pradesh Board,12th Grade,English,Hindi,No,
Madhya Pradesh Board,12th Grade,Hindi,Hindi,No,
Madhya Pradesh Board,12th Grade,Sanskrit,Hindi,No,
Madhya Pradesh Board,12th Grade,Punjabi,Hindi,No,
Madhya Pradesh Board,12th Grade,Urdu,Hindi,No,
Maharashtra Board,1st Grade,Mathematics,English,No,
Maharashtra Board,1st Grade,Environmental Studies,English,No,
Maharashtra Board,1st Grade,Computer Awareness,English,No,
Maharashtra Board,1st Grade,General Knowledge,English,No,
Maharashtra Board,1st Grade,Moral Education,English,No,
Maharashtra Board,1st Grade,Physical Education,English,No,
Maharashtra Board,1st Grade,Art & Craft,English,No,
Maharashtra Board,1st Grade,Work Education,English,No,
Maharashtra Board,1st Grade,English,English,No,
Maharashtra Board,1st Grade,Marathi,English,No,
Maharashtra Board,1st Grade,Hindi,English,No,
Maharashtra Board,1st Grade,Urdu,English,No,
Maharashtra Board,2nd Grade,Mathematics,English,No,
Maharashtra Board,2nd Grade,Environmental Studies,English,No,
Maharashtra Board,2nd Grade,Computer Awareness,English,No,
Maharashtra Board,2nd Grade,General Knowledge,English,No,
Maharashtra Board,2nd Grade,Moral Education,English,No,
Maharashtra Board,2nd Grade,Physical Education,English,No,
Maharashtra Board,2nd Grade,Art & Craft,English,No,
Maharashtra Board,2nd Grade,Work Education,English,No,
Maharashtra Board,2nd Grade,English,English,No,
Maharashtra Board,2nd Grade,Marathi,English,No,
Maharashtra Board,2nd Grade,Hindi,English,No,
Maharashtra Board,2nd Grade,Urdu,English,No,
Maharashtra Board,3rd Grade,Mathematics,English,No,
Maharashtra Board,3rd Grade,Environmental Studies,English,No,
Maharashtra Board,3rd Grade,Computer Awareness,English,No,
Maharashtra Board,3rd Grade,General Knowledge,English,No,
Maharashtra Board,3rd Grade,Moral Education,English,No,
Maharashtra Board,3rd Grade,Physical Education,English,No,
Maharashtra Board,3rd Grade,Art & Craft,English,No,
Maharashtra Board,3rd Grade,Work Education,English,No,
Maharashtra Board,3rd Grade,English,English,No,
Maharashtra Board,3rd Grade,Marathi,English,No,
Maharashtra Board,3rd Grade,Hindi,English,No,
Maharashtra Board,3rd Grade,Urdu,English,No,
Maharashtra Board,4th Grade,Mathematics,English,No,
Maharashtra Board,4th Grade,Environmental Studies,English,No,
Maharashtra Board,4th Grade,Computer Awareness,English,No,
Maharashtra Board,4th Grade,General Knowledge,English,No,
Maharashtra Board,4th Grade,Moral Education,English,No,
Maharashtra Board,4th Grade,Physical Education,English,No,
Maharashtra Board,4th Grade,Art & Craft,English,No,
Maharashtra Board,4th Grade,Work Education,English,No,
Maharashtra Board,4th Grade,English,English,No,
Maharashtra Board,4th Grade,Marathi,English,No,
Maharashtra Board,4th Grade,Hindi,English,No,
Maharashtra Board,4th Grade,Urdu,English,No,
Maharashtra Board,5th Grade,Mathematics,English,No,
Maharashtra Board,5th Grade,Environmental Studies,English,No,
Maharashtra Board,5th Grade,Computer Awareness,English,No,
Maharashtra Board,5th Grade,General Knowledge,English,No,
Maharashtra Board,5th Grade,Moral Education,English,No,
Maharashtra Board,5th Grade,Physical Education,English,No,
Maharashtra Board,5th Grade,Art & Craft,English,No,
Maharashtra Board,5th Grade,Work Education,English,No,
Maharashtra Board,5th Grade,English,English,No,
Maharashtra Board,5th Grade,Marathi,English,No,
Maharashtra Board,5th Grade,Hindi,English,No,
Maharashtra Board,5th Grade,Urdu,English,No,
Maharashtra Board,6th Grade,Mathematics,English,Yes,
Maharashtra Board,6th Grade,Science,English,Yes,
Maharashtra Board,6th Grade,Social Science,English,No,
Maharashtra Board,6th Grade,Environmental Studies,English,No,
Maharashtra Board,6th Grade,Information Technology,English,No,
Maharashtra Board,6th Grade,Physical Education,English,No,
Maharashtra Board,6th Grade,Art Education,English,No,
Maharashtra Board,6th Grade,Work Education,English,No,
Maharashtra Board,6th Grade,English,English,No,
Maharashtra Board,6th Grade,Marathi,English,No,
Maharashtra Board,6th Grade,Hindi,English,No,
Maharashtra Board,6th Grade,Sanskrit,English,No,
Maharashtra Board,6th Grade,Urdu,English,No,
Maharashtra Board,7th Grade,Mathematics,English,Partial,Partial Coverage of Videos
Maharashtra Board,7th Grade,Science,English,Partial,Partial Coverage of Videos
Maharashtra Board,7th Grade,Social Science,English,No,
Maharashtra Board,7th Grade,Environmental Studies,English,No,
Maharashtra Board,7th Grade,Information Technology,English,No,
Maharashtra Board,7th Grade,Physical Education,English,No,
Maharashtra Board,7th Grade,Art Education,English,No,
Maharashtra Board,7th Grade,Work Education,English,No,
Maharashtra Board,7th Grade,English,English,No,
Maharashtra Board,7th Grade,Marathi,English,No,
Maharashtra Board,7th Grade,Hindi,English,No,
Maharashtra Board,7th Grade,Sanskrit,English,No,
Maharashtra Board,7th Grade,Urdu,English,No,
Maharashtra Board,8th Grade,Mathematics,English,Yes,
Maharashtra Board,8th Grade,Science,English,Yes,
Maharashtra Board,8th Grade,Social Science,English,No,
Maharashtra Board,8th Grade,Environmental Studies,English,No,
Maharashtra Board,8th Grade,Information Technology,English,No,
Maharashtra Board,8th Grade,Physical Education,English,No,
Maharashtra Board,8th Grade,Art Education,English,No,
Maharashtra Board,8th Grade,Work Education,English,No,
Maharashtra Board,8th Grade,English,English,No,
Maharashtra Board,8th Grade,Marathi,English,No,
Maharashtra Board,8th Grade,Hindi,English,No,
Maharashtra Board,8th Grade,Sanskrit,English,No,
Maharashtra Board,8th Grade,Urdu,English,No,
Maharashtra Board,9th Grade,Mathematics,English,Yes,
Maharashtra Board,9th Grade,Science,English,Partial,Partial Coverage of Videos
Maharashtra Board,9th Grade,Social Science,English,No,
Maharashtra Board,9th Grade,Environmental Studies,English,No,
Maharashtra Board,9th Grade,Information Technology,English,No,
Maharashtra Board,9th Grade,Physical Education,English,No,
Maharashtra Board,9th Grade,Art Education,English,No,
Maharashtra Board,9th Grade,Work Education,English,No,
Maharashtra Board,9th Grade,English,English,No,
Maharashtra Board,9th Grade,Marathi,English,No,
Maharashtra Board,9th Grade,Hindi,English,No,
Maharashtra Board,9th Grade,Sanskrit,English,No,
Maharashtra Board,9th Grade,Urdu,English,No,
Maharashtra Board,10th Grade,Mathematics,English,Yes,
Maharashtra Board,10th Grade,Science,English,Yes,
Maharashtra Board,10th Grade,Social Science,English,No,
Maharashtra Board,10th Grade,Environmental Studies,English,No,
Maharashtra Board,10th Grade,Information Technology,English,No,
Maharashtra Board,10th Grade,Physical Education,English,No,
Maharashtra Board,10th Grade,Art Education,English,No,
Maharashtra Board,10th Grade,Work Education,English,No,
Maharashtra Board,10th Grade,English,English,No,
Maharashtra Board,10th Grade,Marathi,English,No,
Maharashtra Board,10th Grade,Hindi,English,No,
Maharashtra Board,10th Grade,Sanskrit,English,No,
Maharashtra Board,10th Grade,Urdu,English,No,
Maharashtra Board,11th Grade,Physics,English,Yes,
Maharashtra Board,11th Grade,Chemistry,English,Yes,
Maharashtra Board,11th Grade,Mathematics,English,Yes,
Maharashtra Board,11th Grade,Biology,English,Yes,
Maharashtra Board,11th Grade,Computer Science,English,No,
Maharashtra Board,11th Grade,Information Technology,English,No,
Maharashtra Board,11th Grade,Electronics,English,No,
Maharashtra Board,11th Grade,Environmental Science,English,No,
Maharashtra Board,11th Grade,Biotechnology,English,No,
Maharashtra Board,11th Grade,Economics,English,No,
Maharashtra Board,11th Grade,History,English,No,
Maharashtra Board,11th Grade,Geography,English,No,
Maharashtra Board,11th Grade,Political Science,English,No,
Maharashtra Board,11th Grade,Sociology,English,No,
Maharashtra Board,11th Grade,Psychology,English,No,
Maharashtra Board,11th Grade,Philosophy,English,No,
Maharashtra Board,11th Grade,Home Science,English,No,
Maharashtra Board,11th Grade,Physical Education,English,No,
Maharashtra Board,11th Grade,Accountancy,English,No,
Maharashtra Board,11th Grade,Business Studies,English,No,
Maharashtra Board,11th Grade,Entrepreneurship,English,No,
Maharashtra Board,11th Grade,Statistics,English,No,
Maharashtra Board,11th Grade,Cost Accounting,English,No,
Maharashtra Board,11th Grade,Taxation,English,No,
Maharashtra Board,11th Grade,Agriculture,English,No,
Maharashtra Board,11th Grade,English,English,No,
Maharashtra Board,11th Grade,Marathi,English,No,
Maharashtra Board,11th Grade,Hindi,English,No,
Maharashtra Board,11th Grade,Sanskrit,English,No,
Maharashtra Board,11th Grade,Urdu,English,No,
Maharashtra Board,11th Grade,Gujarati,English,No,
Maharashtra Board,11th Grade,Kannada,English,No,
Maharashtra Board,11th Grade,Sindhi,English,No,
Maharashtra Board,12th Grade,Physics,English,Yes,
Maharashtra Board,12th Grade,Chemistry,English,Yes,
Maharashtra Board,12th Grade,Mathematics,English,Yes,
Maharashtra Board,12th Grade,Biology,English,Yes,
Maharashtra Board,12th Grade,Computer Science,English,No,
Maharashtra Board,12th Grade,Information Technology,English,No,
Maharashtra Board,12th Grade,Electronics,English,No,
Maharashtra Board,12th Grade,Environmental Science,English,No,
Maharashtra Board,12th Grade,Biotechnology,English,No,
Maharashtra Board,12th Grade,Economics,English,No,
Maharashtra Board,12th Grade,History,English,No,
Maharashtra Board,12th Grade,Geography,English,No,
Maharashtra Board,12th Grade,Political Science,English,No,
Maharashtra Board,12th Grade,Sociology,English,No,
Maharashtra Board,12th Grade,Psychology,English,No,
Maharashtra Board,12th Grade,Philosophy,English,No,
Maharashtra Board,12th Grade,Home Science,English,No,
Maharashtra Board,12th Grade,Physical Education,English,No,
Maharashtra Board,12th Grade,Accountancy,English,No,
Maharashtra Board,12th Grade,Business Studies,English,No,
Maharashtra Board,12th Grade,Entrepreneurship,English,No,
Maharashtra Board,12th Grade,Statistics,English,No,
Maharashtra Board,12th Grade,Cost Accounting,English,No,
Maharashtra Board,12th Grade,Taxation,English,No,
Maharashtra Board,12th Grade,Agriculture,English,No,
Maharashtra Board,12th Grade,English,English,No,
Maharashtra Board,12th Grade,Marathi,English,No,
Maharashtra Board,12th Grade,Hindi,English,No,
Maharashtra Board,12th Grade,Sanskrit,English,No,
Maharashtra Board,12th Grade,Urdu,English,No,
Maharashtra Board,12th Grade,Gujarati,English,No,
Maharashtra Board,12th Grade,Kannada,English,No,
Maharashtra Board,12th Grade,Sindhi,English,No,
Maharashtra Board,1st Grade,Mathematics,Marathi,No,
Maharashtra Board,1st Grade,Environmental Studies,Marathi,No,
Maharashtra Board,1st Grade,Computer Awareness,Marathi,No,
Maharashtra Board,1st Grade,General Knowledge,Marathi,No,
Maharashtra Board,1st Grade,Moral Education,Marathi,No,
Maharashtra Board,1st Grade,Physical Education,Marathi,No,
Maharashtra Board,1st Grade,Art & Craft,Marathi,No,
Maharashtra Board,1st Grade,Work Education,Marathi,No,
Maharashtra Board,1st Grade,English,Marathi,No,
Maharashtra Board,1st Grade,Marathi,Marathi,No,
Maharashtra Board,1st Grade,Hindi,Marathi,No,
Maharashtra Board,1st Grade,Urdu,Marathi,No,
Maharashtra Board,2nd Grade,Mathematics,Marathi,No,
Maharashtra Board,2nd Grade,Environmental Studies,Marathi,No,
Maharashtra Board,2nd Grade,Computer Awareness,Marathi,No,
Maharashtra Board,2nd Grade,General Knowledge,Marathi,No,
Maharashtra Board,2nd Grade,Moral Education,Marathi,No,
Maharashtra Board,2nd Grade,Physical Education,Marathi,No,
Maharashtra Board,2nd Grade,Art & Craft,Marathi,No,
Maharashtra Board,2nd Grade,Work Education,Marathi,No,
Maharashtra Board,2nd Grade,English,Marathi,No,
Maharashtra Board,2nd Grade,Marathi,Marathi,No,
Maharashtra Board,2nd Grade,Hindi,Marathi,No,
Maharashtra Board,2nd Grade,Urdu,Marathi,No,
Maharashtra Board,3rd Grade,Mathematics,Marathi,No,
Maharashtra Board,3rd Grade,Environmental Studies,Marathi,No,
Maharashtra Board,3rd Grade,Computer Awareness,Marathi,No,
Maharashtra Board,3rd Grade,General Knowledge,Marathi,No,
Maharashtra Board,3rd Grade,Moral Education,Marathi,No,
Maharashtra Board,3rd Grade,Physical Education,Marathi,No,
Maharashtra Board,3rd Grade,Art & Craft,Marathi,No,
Maharashtra Board,3rd Grade,Work Education,Marathi,No,
Maharashtra Board,3rd Grade,English,Marathi,No,
Maharashtra Board,3rd Grade,Marathi,Marathi,No,
Maharashtra Board,3rd Grade,Hindi,Marathi,No,
Maharashtra Board,3rd Grade,Urdu,Marathi,No,
Maharashtra Board,4th Grade,Mathematics,Marathi,No,
Maharashtra Board,4th Grade,Environmental Studies,Marathi,No,
Maharashtra Board,4th Grade,Computer Awareness,Marathi,No,
Maharashtra Board,4th Grade,General Knowledge,Marathi,No,
Maharashtra Board,4th Grade,Moral Education,Marathi,No,
Maharashtra Board,4th Grade,Physical Education,Marathi,No,
Maharashtra Board,4th Grade,Art & Craft,Marathi,No,
Maharashtra Board,4th Grade,Work Education,Marathi,No,
Maharashtra Board,4th Grade,English,Marathi,No,
Maharashtra Board,4th Grade,Marathi,Marathi,No,
Maharashtra Board,4th Grade,Hindi,Marathi,No,
Maharashtra Board,4th Grade,Urdu,Marathi,No,
Maharashtra Board,5th Grade,Mathematics,Marathi,No,
Maharashtra Board,5th Grade,Environmental Studies,Marathi,No,
Maharashtra Board,5th Grade,Computer Awareness,Marathi,No,
Maharashtra Board,5th Grade,General Knowledge,Marathi,No,
Maharashtra Board,5th Grade,Moral Education,Marathi,No,
Maharashtra Board,5th Grade,Physical Education,Marathi,No,
Maharashtra Board,5th Grade,Art & Craft,Marathi,No,
Maharashtra Board,5th Grade,Work Education,Marathi,No,
Maharashtra Board,5th Grade,English,Marathi,No,
Maharashtra Board,5th Grade,Marathi,Marathi,No,
Maharashtra Board,5th Grade,Hindi,Marathi,No,
Maharashtra Board,5th Grade,Urdu,Marathi,No,
Maharashtra Board,6th Grade,Mathematics,Marathi,Partial,"Partial Coverage of videos, lessons and private publishers"
Maharashtra Board,6th Grade,Science,Marathi,Partial,"Partial Coverage of videos, lessons and private publishers"
Maharashtra Board,6th Grade,Social Science,Marathi,No,
Maharashtra Board,6th Grade,Environmental Studies,Marathi,No,
Maharashtra Board,6th Grade,Information Technology,Marathi,No,
Maharashtra Board,6th Grade,Physical Education,Marathi,No,
Maharashtra Board,6th Grade,Art Education,Marathi,No,
Maharashtra Board,6th Grade,Work Education,Marathi,No,
Maharashtra Board,6th Grade,English,Marathi,No,
Maharashtra Board,6th Grade,Marathi,Marathi,No,
Maharashtra Board,6th Grade,Hindi,Marathi,No,
Maharashtra Board,6th Grade,Sanskrit,Marathi,No,
Maharashtra Board,6th Grade,Urdu,Marathi,No,
Maharashtra Board,7th Grade,Mathematics,Marathi,Partial,"Partial Coverage of videos, lessons and private publishers"
Maharashtra Board,7th Grade,Science,Marathi,Partial,"Partial Coverage of videos, lessons and private publishers"
Maharashtra Board,7th Grade,Social Science,Marathi,No,
Maharashtra Board,7th Grade,Environmental Studies,Marathi,No,
Maharashtra Board,7th Grade,Information Technology,Marathi,No,
Maharashtra Board,7th Grade,Physical Education,Marathi,No,
Maharashtra Board,7th Grade,Art Education,Marathi,No,
Maharashtra Board,7th Grade,Work Education,Marathi,No,
Maharashtra Board,7th Grade,English,Marathi,No,
Maharashtra Board,7th Grade,Marathi,Marathi,No,
Maharashtra Board,7th Grade,Hindi,Marathi,No,
Maharashtra Board,7th Grade,Sanskrit,Marathi,No,
Maharashtra Board,7th Grade,Urdu,Marathi,No,
Maharashtra Board,8th Grade,Mathematics,Marathi,Partial,"Partial Coverage of videos, lessons and private publishers"
Maharashtra Board,8th Grade,Science,Marathi,Partial,"Partial Coverage of videos, lessons and private publishers"
Maharashtra Board,8th Grade,Social Science,Marathi,No,
Maharashtra Board,8th Grade,Environmental Studies,Marathi,No,
Maharashtra Board,8th Grade,Information Technology,Marathi,No,
Maharashtra Board,8th Grade,Physical Education,Marathi,No,
Maharashtra Board,8th Grade,Art Education,Marathi,No,
Maharashtra Board,8th Grade,Work Education,Marathi,No,
Maharashtra Board,8th Grade,English,Marathi,No,
Maharashtra Board,8th Grade,Marathi,Marathi,No,
Maharashtra Board,8th Grade,Hindi,Marathi,No,
Maharashtra Board,8th Grade,Sanskrit,Marathi,No,
Maharashtra Board,8th Grade,Urdu,Marathi,No,
Maharashtra Board,9th Grade,Mathematics,Marathi,Partial,"Partial Coverage of videos, lessons and private publishers"
Maharashtra Board,9th Grade,Science,Marathi,Partial,"Partial Coverage of videos, lessons and private publishers"
Maharashtra Board,9th Grade,Social Science,Marathi,No,
Maharashtra Board,9th Grade,Environmental Studies,Marathi,No,
Maharashtra Board,9th Grade,Information Technology,Marathi,No,
Maharashtra Board,9th Grade,Physical Education,Marathi,No,
Maharashtra Board,9th Grade,Art Education,Marathi,No,
Maharashtra Board,9th Grade,Work Education,Marathi,No,
Maharashtra Board,9th Grade,English,Marathi,No,
Maharashtra Board,9th Grade,Marathi,Marathi,No,
Maharashtra Board,9th Grade,Hindi,Marathi,No,
Maharashtra Board,9th Grade,Sanskrit,Marathi,No,
Maharashtra Board,9th Grade,Urdu,Marathi,No,
Maharashtra Board,10th Grade,Mathematics,Marathi,Partial,"Partial Coverage of videos, lessons and private publishers"
Maharashtra Board,10th Grade,Science,Marathi,Partial,"Partial Coverage of videos, lessons and private publishers"
Maharashtra Board,10th Grade,Social Science,Marathi,No,
Maharashtra Board,10th Grade,Environmental Studies,Marathi,No,
Maharashtra Board,10th Grade,Information Technology,Marathi,No,
Maharashtra Board,10th Grade,Physical Education,Marathi,No,
Maharashtra Board,10th Grade,Art Education,Marathi,No,
Maharashtra Board,10th Grade,Work Education,Marathi,No,
Maharashtra Board,10th Grade,English,Marathi,No,
Maharashtra Board,10th Grade,Marathi,Marathi,No,
Maharashtra Board,10th Grade,Hindi,Marathi,No,
Maharashtra Board,10th Grade,Sanskrit,Marathi,No,
Maharashtra Board,10th Grade,Urdu,Marathi,No,
Manipur Board,1st Grade,Mathematics,English,No,
Manipur Board,1st Grade, Environmental Studies,English,No,
Manipur Board,1st Grade, Computer Awareness,English,No,
Manipur Board,1st Grade, General Knowledge,English,No,
Manipur Board,1st Grade, Moral Education,English,No,
Manipur Board,1st Grade, Physical Education,English,No,
Manipur Board,1st Grade, Art & Craft,English,No,
Manipur Board,1st Grade, Work Education,English,No,
Manipur Board,1st Grade, English,English,No,
Manipur Board,1st Grade, Manipuri (Meitei),English,No,
Manipur Board,1st Grade, Hindi,English,No,
Manipur Board,1st Grade, Bengali,English,No,
Manipur Board,1st Grade, Nepali,English,No,
Manipur Board,2nd Grade,Mathematics,English,No,
Manipur Board,2nd Grade, Environmental Studies,English,No,
Manipur Board,2nd Grade, Computer Awareness,English,No,
Manipur Board,2nd Grade, General Knowledge,English,No,
Manipur Board,2nd Grade, Moral Education,English,No,
Manipur Board,2nd Grade, Physical Education,English,No,
Manipur Board,2nd Grade, Art & Craft,English,No,
Manipur Board,2nd Grade, Work Education,English,No,
Manipur Board,2nd Grade, English,English,No,
Manipur Board,2nd Grade, Manipuri (Meitei),English,No,
Manipur Board,2nd Grade, Hindi,English,No,
Manipur Board,2nd Grade, Bengali,English,No,
Manipur Board,2nd Grade, Nepali,English,No,
Manipur Board,3rd Grade,Mathematics,English,No,
Manipur Board,3rd Grade, Environmental Studies,English,No,
Manipur Board,3rd Grade, Computer Awareness,English,No,
Manipur Board,3rd Grade, General Knowledge,English,No,
Manipur Board,3rd Grade, Moral Education,English,No,
Manipur Board,3rd Grade, Physical Education,English,No,
Manipur Board,3rd Grade, Art & Craft,English,No,
Manipur Board,3rd Grade, Work Education,English,No,
Manipur Board,3rd Grade, English,English,No,
Manipur Board,3rd Grade, Manipuri (Meitei),English,No,
Manipur Board,3rd Grade, Hindi,English,No,
Manipur Board,3rd Grade, Bengali,English,No,
Manipur Board,3rd Grade, Nepali,English,No,
Manipur Board,4th Grade,Mathematics,English,No,
Manipur Board,4th Grade, Environmental Studies,English,No,
Manipur Board,4th Grade, Computer Awareness,English,No,
Manipur Board,4th Grade, General Knowledge,English,No,
Manipur Board,4th Grade, Moral Education,English,No,
Manipur Board,4th Grade, Physical Education,English,No,
Manipur Board,4th Grade, Art & Craft,English,No,
Manipur Board,4th Grade, Work Education,English,No,
Manipur Board,4th Grade, English,English,No,
Manipur Board,4th Grade, Manipuri (Meitei),English,No,
Manipur Board,4th Grade, Hindi,English,No,
Manipur Board,4th Grade, Bengali,English,No,
Manipur Board,4th Grade, Nepali,English,No,
Manipur Board,5th Grade,Mathematics,English,No,
Manipur Board,5th Grade, Environmental Studies,English,No,
Manipur Board,5th Grade, Computer Awareness,English,No,
Manipur Board,5th Grade, General Knowledge,English,No,
Manipur Board,5th Grade, Moral Education,English,No,
Manipur Board,5th Grade, Physical Education,English,No,
Manipur Board,5th Grade, Art & Craft,English,No,
Manipur Board,5th Grade, Work Education,English,No,
Manipur Board,5th Grade, English,English,No,
Manipur Board,5th Grade, Manipuri (Meitei),English,No,
Manipur Board,5th Grade, Hindi,English,No,
Manipur Board,5th Grade, Bengali,English,No,
Manipur Board,5th Grade, Nepali,English,No,
Manipur Board,6th Grade,Mathematics,English,Yes,
Manipur Board,6th Grade, Science,English,Yes,
Manipur Board,6th Grade, Social Science,English,No,
Manipur Board,6th Grade, Environmental Studies,English,No,
Manipur Board,6th Grade, Computer Education,English,No,
Manipur Board,6th Grade, Physical Education,English,No,
Manipur Board,6th Grade, Art Education,English,No,
Manipur Board,6th Grade, Work Education,English,No,
Manipur Board,6th Grade, English,English,No,
Manipur Board,6th Grade, Manipuri (Meitei),English,No,
Manipur Board,6th Grade, Hindi,English,No,
Manipur Board,6th Grade, Bengali,English,No,
Manipur Board,6th Grade, Nepali,English,No,
Manipur Board,7th Grade,Mathematics,English,Yes,
Manipur Board,7th Grade, Science,English,Yes,
Manipur Board,7th Grade, Social Science,English,No,
Manipur Board,7th Grade, Environmental Studies,English,No,
Manipur Board,7th Grade, Computer Education,English,No,
Manipur Board,7th Grade, Physical Education,English,No,
Manipur Board,7th Grade, Art Education,English,No,
Manipur Board,7th Grade, Work Education,English,No,
Manipur Board,7th Grade, English,English,No,
Manipur Board,7th Grade, Manipuri (Meitei),English,No,
Manipur Board,7th Grade, Hindi,English,No,
Manipur Board,7th Grade, Bengali,English,No,
Manipur Board,7th Grade, Nepali,English,No,
Manipur Board,8th Grade,Mathematics,English,Yes,
Manipur Board,8th Grade, Science,English,Yes,
Manipur Board,8th Grade, Social Science,English,No,
Manipur Board,8th Grade, Environmental Studies,English,No,
Manipur Board,8th Grade, Computer Education,English,No,
Manipur Board,8th Grade, Physical Education,English,No,
Manipur Board,8th Grade, Art Education,English,No,
Manipur Board,8th Grade, Work Education,English,No,
Manipur Board,8th Grade, English,English,No,
Manipur Board,8th Grade, Manipuri (Meitei),English,No,
Manipur Board,8th Grade, Hindi,English,No,
Manipur Board,8th Grade, Bengali,English,No,
Manipur Board,8th Grade, Nepali,English,No,
Manipur Board,9th Grade,Mathematics,English,Yes,
Manipur Board,9th Grade, Science,English,Yes,
Manipur Board,9th Grade, Social Science,English,No,
Manipur Board,9th Grade, Environmental Studies,English,No,
Manipur Board,9th Grade, Computer Education,English,No,
Manipur Board,9th Grade, Physical Education,English,No,
Manipur Board,9th Grade, Art Education,English,No,
Manipur Board,9th Grade, Work Education,English,No,
Manipur Board,9th Grade, English,English,No,
Manipur Board,9th Grade, Manipuri (Meitei),English,No,
Manipur Board,9th Grade, Hindi,English,No,
Manipur Board,9th Grade, Bengali,English,No,
Manipur Board,9th Grade, Nepali,English,No,
Manipur Board,10th Grade,Mathematics,English,Yes,
Manipur Board,10th Grade, Science,English,Yes,
Manipur Board,10th Grade, Social Science,English,No,
Manipur Board,10th Grade, Environmental Studies,English,No,
Manipur Board,10th Grade, Computer Education,English,No,
Manipur Board,10th Grade, Physical Education,English,No,
Manipur Board,10th Grade, Art Education,English,No,
Manipur Board,10th Grade, Work Education,English,No,
Manipur Board,10th Grade, English,English,No,
Manipur Board,10th Grade, Manipuri (Meitei),English,No,
Manipur Board,10th Grade, Hindi,English,No,
Manipur Board,10th Grade, Bengali,English,No,
Manipur Board,10th Grade, Nepali,English,No,
Manipur Board,11th Grade,Physics,English,Yes,
Manipur Board,11th Grade,Chemistry,English,Yes,
Manipur Board,11th Grade,Mathematics,English,Yes,
Manipur Board,11th Grade,Biology,English,Yes,
Manipur Board,11th Grade,Computer Science,English,No,
Manipur Board,11th Grade,Environmental Science,English,No,
Manipur Board,11th Grade,Economics,English,No,
Manipur Board,11th Grade,History,English,No,
Manipur Board,11th Grade,Geography,English,No,
Manipur Board,11th Grade,Political Science,English,No,
Manipur Board,11th Grade,Sociology,English,No,
Manipur Board,11th Grade,Psychology,English,No,
Manipur Board,11th Grade,Education,English,No,
Manipur Board,11th Grade,Home Science,English,No,
Manipur Board,11th Grade,Physical Education,English,No,
Manipur Board,11th Grade,Accountancy,English,No,
Manipur Board,11th Grade,Business Studies,English,No,
Manipur Board,11th Grade,Entrepreneurship,English,No,
Manipur Board,11th Grade,Statistics,English,No,
Manipur Board,11th Grade,English,English,No,
Manipur Board,11th Grade,Manipuri (Meitei),English,No,
Manipur Board,11th Grade,Hindi,English,No,
Manipur Board,11th Grade,Bengali,English,No,
Manipur Board,11th Grade,Nepali,English,No,
Manipur Board,12th Grade,Physics,English,Yes,
Manipur Board,12th Grade,Chemistry,English,Yes,
Manipur Board,12th Grade,Mathematics,English,Yes,
Manipur Board,12th Grade,Biology,English,Yes,
Manipur Board,12th Grade,Computer Science,English,No,
Manipur Board,12th Grade,Environmental Science,English,No,
Manipur Board,12th Grade,Economics,English,No,
Manipur Board,12th Grade,History,English,No,
Manipur Board,12th Grade,Geography,English,No,
Manipur Board,12th Grade,Political Science,English,No,
Manipur Board,12th Grade,Sociology,English,No,
Manipur Board,12th Grade,Psychology,English,No,
Manipur Board,12th Grade,Education,English,No,
Manipur Board,12th Grade,Home Science,English,No,
Manipur Board,12th Grade,Physical Education,English,No,
Manipur Board,12th Grade,Accountancy,English,No,
Manipur Board,12th Grade,Business Studies,English,No,
Manipur Board,12th Grade,Entrepreneurship,English,No,
Manipur Board,12th Grade,Statistics,English,No,
Manipur Board,12th Grade,English,English,No,
Manipur Board,12th Grade,Manipuri (Meitei),English,No,
Manipur Board,12th Grade,Hindi,English,No,
Manipur Board,12th Grade,Bengali,English,No,
Manipur Board,12th Grade,Nepali,English,No,
Meghalaya Board,1st Grade,Mathematics,English,No,
Meghalaya Board,1st Grade,Environmental Studies,English,No,
Meghalaya Board,1st Grade,Computer Awareness,English,No,
Meghalaya Board,1st Grade,General Knowledge,English,No,
Meghalaya Board,1st Grade,Moral Education,English,No,
Meghalaya Board,1st Grade,Physical Education,English,No,
Meghalaya Board,1st Grade,Art & Craft,English,No,
Meghalaya Board,1st Grade,Work Education,English,No,
Meghalaya Board,1st Grade,English,English,No,
Meghalaya Board,1st Grade,Khasi,English,No,
Meghalaya Board,1st Grade,Garo,English,No,
Meghalaya Board,1st Grade,Hindi,English,No,
Meghalaya Board,1st Grade,Bengali,English,No,
Meghalaya Board,1st Grade,Nepali,English,No,
Meghalaya Board,2nd Grade,Mathematics,English,No,
Meghalaya Board,2nd Grade,Environmental Studies,English,No,
Meghalaya Board,2nd Grade,Computer Awareness,English,No,
Meghalaya Board,2nd Grade,General Knowledge,English,No,
Meghalaya Board,2nd Grade,Moral Education,English,No,
Meghalaya Board,2nd Grade,Physical Education,English,No,
Meghalaya Board,2nd Grade,Art & Craft,English,No,
Meghalaya Board,2nd Grade,Work Education,English,No,
Meghalaya Board,2nd Grade,English,English,No,
Meghalaya Board,2nd Grade,Khasi,English,No,
Meghalaya Board,2nd Grade,Garo,English,No,
Meghalaya Board,2nd Grade,Hindi,English,No,
Meghalaya Board,2nd Grade,Bengali,English,No,
Meghalaya Board,2nd Grade,Nepali,English,No,
Meghalaya Board,3rd Grade,Mathematics,English,No,
Meghalaya Board,3rd Grade,Environmental Studies,English,No,
Meghalaya Board,3rd Grade,Computer Awareness,English,No,
Meghalaya Board,3rd Grade,General Knowledge,English,No,
Meghalaya Board,3rd Grade,Moral Education,English,No,
Meghalaya Board,3rd Grade,Physical Education,English,No,
Meghalaya Board,3rd Grade,Art & Craft,English,No,
Meghalaya Board,3rd Grade,Work Education,English,No,
Meghalaya Board,3rd Grade,English,English,No,
Meghalaya Board,3rd Grade,Khasi,English,No,
Meghalaya Board,3rd Grade,Garo,English,No,
Meghalaya Board,3rd Grade,Hindi,English,No,
Meghalaya Board,3rd Grade,Bengali,English,No,
Meghalaya Board,3rd Grade,Nepali,English,No,
Meghalaya Board,4th Grade,Mathematics,English,No,
Meghalaya Board,4th Grade,Environmental Studies,English,No,
Meghalaya Board,4th Grade,Computer Awareness,English,No,
Meghalaya Board,4th Grade,General Knowledge,English,No,
Meghalaya Board,4th Grade,Moral Education,English,No,
Meghalaya Board,4th Grade,Physical Education,English,No,
Meghalaya Board,4th Grade,Art & Craft,English,No,
Meghalaya Board,4th Grade,Work Education,English,No,
Meghalaya Board,4th Grade,English,English,No,
Meghalaya Board,4th Grade,Khasi,English,No,
Meghalaya Board,4th Grade,Garo,English,No,
Meghalaya Board,4th Grade,Hindi,English,No,
Meghalaya Board,4th Grade,Bengali,English,No,
Meghalaya Board,4th Grade,Nepali,English,No,
Meghalaya Board,5th Grade,Mathematics,English,No,
Meghalaya Board,5th Grade,Environmental Studies,English,No,
Meghalaya Board,5th Grade,Computer Awareness,English,No,
Meghalaya Board,5th Grade,General Knowledge,English,No,
Meghalaya Board,5th Grade,Moral Education,English,No,
Meghalaya Board,5th Grade,Physical Education,English,No,
Meghalaya Board,5th Grade,Art & Craft,English,No,
Meghalaya Board,5th Grade,Work Education,English,No,
Meghalaya Board,5th Grade,English,English,No,
Meghalaya Board,5th Grade,Khasi,English,No,
Meghalaya Board,5th Grade,Garo,English,No,
Meghalaya Board,5th Grade,Hindi,English,No,
Meghalaya Board,5th Grade,Bengali,English,No,
Meghalaya Board,5th Grade,Nepali,English,No,
Meghalaya Board,6th Grade,Mathematics,English,Yes,
Meghalaya Board,6th Grade, Science,English,Yes,
Meghalaya Board,6th Grade, Social Science,English,No,
Meghalaya Board,6th Grade, Environmental Studies,English,No,
Meghalaya Board,6th Grade, Computer Education,English,No,
Meghalaya Board,6th Grade, Physical Education,English,No,
Meghalaya Board,6th Grade, Art Education,English,No,
Meghalaya Board,6th Grade, Work Education,English,No,
Meghalaya Board,6th Grade, English,English,No,
Meghalaya Board,6th Grade, Khasi,English,No,
Meghalaya Board,6th Grade, Garo,English,No,
Meghalaya Board,6th Grade, Hindi,English,No,
Meghalaya Board,6th Grade, Bengali,English,No,
Meghalaya Board,6th Grade, Nepali,English,No,
Meghalaya Board,7th Grade,Mathematics,English,Yes,
Meghalaya Board,7th Grade, Science,English,Yes,
Meghalaya Board,7th Grade, Social Science,English,No,
Meghalaya Board,7th Grade, Environmental Studies,English,No,
Meghalaya Board,7th Grade, Computer Education,English,No,
Meghalaya Board,7th Grade, Physical Education,English,No,
Meghalaya Board,7th Grade, Art Education,English,No,
Meghalaya Board,7th Grade, Work Education,English,No,
Meghalaya Board,7th Grade, English,English,No,
Meghalaya Board,7th Grade, Khasi,English,No,
Meghalaya Board,7th Grade, Garo,English,No,
Meghalaya Board,7th Grade, Hindi,English,No,
Meghalaya Board,7th Grade, Bengali,English,No,
Meghalaya Board,7th Grade, Nepali,English,No,
Meghalaya Board,8th Grade,Mathematics,English,Yes,
Meghalaya Board,8th Grade, Science,English,Yes,
Meghalaya Board,8th Grade, Social Science,English,No,
Meghalaya Board,8th Grade, Environmental Studies,English,No,
Meghalaya Board,8th Grade, Computer Education,English,No,
Meghalaya Board,8th Grade, Physical Education,English,No,
Meghalaya Board,8th Grade, Art Education,English,No,
Meghalaya Board,8th Grade, Work Education,English,No,
Meghalaya Board,8th Grade, English,English,No,
Meghalaya Board,8th Grade, Khasi,English,No,
Meghalaya Board,8th Grade, Garo,English,No,
Meghalaya Board,8th Grade, Hindi,English,No,
Meghalaya Board,8th Grade, Bengali,English,No,
Meghalaya Board,8th Grade, Nepali,English,No,
Meghalaya Board,9th Grade,Mathematics,English,Yes,
Meghalaya Board,9th Grade, Science,English,Yes,
Meghalaya Board,9th Grade, Social Science,English,No,
Meghalaya Board,9th Grade, Environmental Studies,English,No,
Meghalaya Board,9th Grade, Computer Education,English,No,
Meghalaya Board,9th Grade, Physical Education,English,No,
Meghalaya Board,9th Grade, Art Education,English,No,
Meghalaya Board,9th Grade, Work Education,English,No,
Meghalaya Board,9th Grade, English,English,No,
Meghalaya Board,9th Grade, Khasi,English,No,
Meghalaya Board,9th Grade, Garo,English,No,
Meghalaya Board,9th Grade, Hindi,English,No,
Meghalaya Board,9th Grade, Bengali,English,No,
Meghalaya Board,9th Grade, Nepali,English,No,
Meghalaya Board,10th Grade,Mathematics,English,Yes,
Meghalaya Board,10th Grade, Science,English,Yes,
Meghalaya Board,10th Grade, Social Science,English,No,
Meghalaya Board,10th Grade, Environmental Studies,English,No,
Meghalaya Board,10th Grade, Computer Education,English,No,
Meghalaya Board,10th Grade, Physical Education,English,No,
Meghalaya Board,10th Grade, Art Education,English,No,
Meghalaya Board,10th Grade, Work Education,English,No,
Meghalaya Board,10th Grade, English,English,No,
Meghalaya Board,10th Grade, Khasi,English,No,
Meghalaya Board,10th Grade, Garo,English,No,
Meghalaya Board,10th Grade, Hindi,English,No,
Meghalaya Board,10th Grade, Bengali,English,No,
Meghalaya Board,10th Grade, Nepali,English,No,
Meghalaya Board,11th Grade,Physics,English,Yes,
Meghalaya Board,11th Grade, Chemistry,English,Yes,
Meghalaya Board,11th Grade, Mathematics,English,Yes,
Meghalaya Board,11th Grade, Biology,English,Yes,
Meghalaya Board,11th Grade,Computer Science,English,No,
Meghalaya Board,11th Grade, Environmental Science,English,No,
Meghalaya Board,11th Grade, Economics,English,No,
Meghalaya Board,11th Grade, History,English,No,
Meghalaya Board,11th Grade, Geography,English,No,
Meghalaya Board,11th Grade, Political Science,English,No,
Meghalaya Board,11th Grade, Sociology,English,No,
Meghalaya Board,11th Grade, Psychology,English,No,
Meghalaya Board,11th Grade, Education,English,No,
Meghalaya Board,11th Grade, Philosophy,English,No,
Meghalaya Board,11th Grade, Home Science,English,No,
Meghalaya Board,11th Grade, Physical Education,English,No,
Meghalaya Board,11th Grade, Accountancy,English,No,
Meghalaya Board,11th Grade, Business Studies,English,No,
Meghalaya Board,11th Grade, Entrepreneurship,English,No,
Meghalaya Board,11th Grade, Statistics,English,No,
Meghalaya Board,11th Grade, English,English,No,
Meghalaya Board,11th Grade, Khasi,English,No,
Meghalaya Board,11th Grade, Garo,English,No,
Meghalaya Board,11th Grade, Hindi,English,No,
Meghalaya Board,11th Grade, Bengali,English,No,
Meghalaya Board,11th Grade, Nepali,English,No,
Meghalaya Board,12th Grade,Physics,English,Yes,
Meghalaya Board,12th Grade, Chemistry,English,Yes,
Meghalaya Board,12th Grade, Mathematics,English,Yes,
Meghalaya Board,12th Grade, Biology,English,Yes,
Meghalaya Board,12th Grade,Computer Science,English,No,
Meghalaya Board,12th Grade, Environmental Science,English,No,
Meghalaya Board,12th Grade, Economics,English,No,
Meghalaya Board,12th Grade, History,English,No,
Meghalaya Board,12th Grade, Geography,English,No,
Meghalaya Board,12th Grade, Political Science,English,No,
Meghalaya Board,12th Grade, Sociology,English,No,
Meghalaya Board,12th Grade, Psychology,English,No,
Meghalaya Board,12th Grade, Education,English,No,
Meghalaya Board,12th Grade, Philosophy,English,No,
Meghalaya Board,12th Grade, Home Science,English,No,
Meghalaya Board,12th Grade, Physical Education,English,No,
Meghalaya Board,12th Grade, Accountancy,English,No,
Meghalaya Board,12th Grade, Business Studies,English,No,
Meghalaya Board,12th Grade, Entrepreneurship,English,No,
Meghalaya Board,12th Grade, Statistics,English,No,
Meghalaya Board,12th Grade, English,English,No,
Meghalaya Board,12th Grade, Khasi,English,No,
Meghalaya Board,12th Grade, Garo,English,No,
Meghalaya Board,12th Grade, Hindi,English,No,
Meghalaya Board,12th Grade, Bengali,English,No,
Meghalaya Board,12th Grade, Nepali,English,No,
Mizoram Board,1st Grade,Mathematics,English,No,
Mizoram Board,1st Grade,Environmental Studies,English,No,
Mizoram Board,1st Grade,Computer Awareness,English,No,
Mizoram Board,1st Grade,General Knowledge,English,No,
Mizoram Board,1st Grade,Moral Education,English,No,
Mizoram Board,1st Grade,Physical Education,English,No,
Mizoram Board,1st Grade,Art & Craft,English,No,
Mizoram Board,1st Grade,Work Education,English,No,
Mizoram Board,1st Grade,English,English,No,
Mizoram Board,1st Grade,Mizo,English,No,
Mizoram Board,1st Grade,Hindi,English,No,
Mizoram Board,2nd Grade,Mathematics,English,No,
Mizoram Board,2nd Grade,Environmental Studies,English,No,
Mizoram Board,2nd Grade,Computer Awareness,English,No,
Mizoram Board,2nd Grade,General Knowledge,English,No,
Mizoram Board,2nd Grade,Moral Education,English,No,
Mizoram Board,2nd Grade,Physical Education,English,No,
Mizoram Board,2nd Grade,Art & Craft,English,No,
Mizoram Board,2nd Grade,Work Education,English,No,
Mizoram Board,2nd Grade,English,English,No,
Mizoram Board,2nd Grade,Mizo,English,No,
Mizoram Board,2nd Grade,Hindi,English,No,
Mizoram Board,3rd Grade,Mathematics,English,No,
Mizoram Board,3rd Grade,Environmental Studies,English,No,
Mizoram Board,3rd Grade,Computer Awareness,English,No,
Mizoram Board,3rd Grade,General Knowledge,English,No,
Mizoram Board,3rd Grade,Moral Education,English,No,
Mizoram Board,3rd Grade,Physical Education,English,No,
Mizoram Board,3rd Grade,Art & Craft,English,No,
Mizoram Board,3rd Grade,Work Education,English,No,
Mizoram Board,3rd Grade,English,English,No,
Mizoram Board,3rd Grade,Mizo,English,No,
Mizoram Board,3rd Grade,Hindi,English,No,
Mizoram Board,4th Grade,Mathematics,English,No,
Mizoram Board,4th Grade,Environmental Studies,English,No,
Mizoram Board,4th Grade,Computer Awareness,English,No,
Mizoram Board,4th Grade,General Knowledge,English,No,
Mizoram Board,4th Grade,Moral Education,English,No,
Mizoram Board,4th Grade,Physical Education,English,No,
Mizoram Board,4th Grade,Art & Craft,English,No,
Mizoram Board,4th Grade,Work Education,English,No,
Mizoram Board,4th Grade,English,English,No,
Mizoram Board,4th Grade,Mizo,English,No,
Mizoram Board,4th Grade,Hindi,English,No,
Mizoram Board,5th Grade,Mathematics,English,No,
Mizoram Board,5th Grade,Environmental Studies,English,No,
Mizoram Board,5th Grade,Computer Awareness,English,No,
Mizoram Board,5th Grade,General Knowledge,English,No,
Mizoram Board,5th Grade,Moral Education,English,No,
Mizoram Board,5th Grade,Physical Education,English,No,
Mizoram Board,5th Grade,Art & Craft,English,No,
Mizoram Board,5th Grade,Work Education,English,No,
Mizoram Board,5th Grade,English,English,No,
Mizoram Board,5th Grade,Mizo,English,No,
Mizoram Board,5th Grade,Hindi,English,No,
Mizoram Board,6th Grade,Mathematics,English,Yes,
Mizoram Board,6th Grade, Science,English,Yes,
Mizoram Board,6th Grade,Social Science,English,No,
Mizoram Board,6th Grade, Environmental Studies,English,No,
Mizoram Board,6th Grade, Computer Education,English,No,
Mizoram Board,6th Grade, Physical Education,English,No,
Mizoram Board,6th Grade, Art Education,English,No,
Mizoram Board,6th Grade, Work Education,English,No,
Mizoram Board,6th Grade, English,English,No,
Mizoram Board,6th Grade, Mizo,English,No,
Mizoram Board,6th Grade, Hindi,English,No,
Mizoram Board,7th Grade,Mathematics,English,Yes,
Mizoram Board,7th Grade, Science,English,Yes,
Mizoram Board,7th Grade,Social Science,English,No,
Mizoram Board,7th Grade, Environmental Studies,English,No,
Mizoram Board,7th Grade, Computer Education,English,No,
Mizoram Board,7th Grade, Physical Education,English,No,
Mizoram Board,7th Grade, Art Education,English,No,
Mizoram Board,7th Grade, Work Education,English,No,
Mizoram Board,7th Grade, English,English,No,
Mizoram Board,7th Grade, Mizo,English,No,
Mizoram Board,7th Grade, Hindi,English,No,
Mizoram Board,8th Grade,Mathematics,English,Yes,
Mizoram Board,8th Grade, Science,English,Yes,
Mizoram Board,8th Grade,Social Science,English,No,
Mizoram Board,8th Grade, Environmental Studies,English,No,
Mizoram Board,8th Grade, Computer Education,English,No,
Mizoram Board,8th Grade, Physical Education,English,No,
Mizoram Board,8th Grade, Art Education,English,No,
Mizoram Board,8th Grade, Work Education,English,No,
Mizoram Board,8th Grade, English,English,No,
Mizoram Board,8th Grade, Mizo,English,No,
Mizoram Board,8th Grade, Hindi,English,No,
Mizoram Board,9th Grade,Mathematics,English,Yes,
Mizoram Board,9th Grade, Science,English,Yes,
Mizoram Board,9th Grade,Social Science,English,No,
Mizoram Board,9th Grade, Environmental Studies,English,No,
Mizoram Board,9th Grade, Computer Education,English,No,
Mizoram Board,9th Grade, Physical Education,English,No,
Mizoram Board,9th Grade, Art Education,English,No,
Mizoram Board,9th Grade, Work Education,English,No,
Mizoram Board,9th Grade, English,English,No,
Mizoram Board,9th Grade, Mizo,English,No,
Mizoram Board,9th Grade, Hindi,English,No,
Mizoram Board,10th Grade,Mathematics,English,Yes,
Mizoram Board,10th Grade, Science,English,Yes,
Mizoram Board,10th Grade,Social Science,English,No,
Mizoram Board,10th Grade, Environmental Studies,English,No,
Mizoram Board,10th Grade, Computer Education,English,No,
Mizoram Board,10th Grade, Physical Education,English,No,
Mizoram Board,10th Grade, Art Education,English,No,
Mizoram Board,10th Grade, Work Education,English,No,
Mizoram Board,10th Grade, English,English,No,
Mizoram Board,10th Grade, Mizo,English,No,
Mizoram Board,10th Grade, Hindi,English,No,
Mizoram Board,11th Grade,Physics,English,Yes,
Mizoram Board,11th Grade, Chemistry,English,Yes,
Mizoram Board,11th Grade, Mathematics,English,Yes,
Mizoram Board,11th Grade, Biology,English,Yes,
Mizoram Board,11th Grade,Computer Science,English,No,
Mizoram Board,11th Grade, Environmental Science,English,No,
Mizoram Board,11th Grade, Economics,English,No,
Mizoram Board,11th Grade, History,English,No,
Mizoram Board,11th Grade, Geography,English,No,
Mizoram Board,11th Grade, Political Science,English,No,
Mizoram Board,11th Grade, Sociology,English,No,
Mizoram Board,11th Grade, Psychology,English,No,
Mizoram Board,11th Grade, Education,English,No,
Mizoram Board,11th Grade, Home Science,English,No,
Mizoram Board,11th Grade, Physical Education,English,No,
Mizoram Board,11th Grade, Accountancy,English,No,
Mizoram Board,11th Grade, Business Studies,English,No,
Mizoram Board,11th Grade, Entrepreneurship,English,No,
Mizoram Board,11th Grade, Statistics,English,No,
Mizoram Board,11th Grade, English,English,No,
Mizoram Board,11th Grade, Mizo,English,No,
Mizoram Board,11th Grade, Hindi,English,No,
Mizoram Board,11th Grade,Physics,English,Yes,
Mizoram Board,11th Grade, Chemistry,English,Yes,
Mizoram Board,11th Grade, Mathematics,English,Yes,
Mizoram Board,11th Grade, Biology,English,Yes,
Mizoram Board,11th Grade,Computer Science,English,No,
Mizoram Board,11th Grade, Environmental Science,English,No,
Mizoram Board,11th Grade, Economics,English,No,
Mizoram Board,11th Grade, History,English,No,
Mizoram Board,11th Grade, Geography,English,No,
Mizoram Board,11th Grade, Political Science,English,No,
Mizoram Board,11th Grade, Sociology,English,No,
Mizoram Board,11th Grade, Psychology,English,No,
Mizoram Board,11th Grade, Education,English,No,
Mizoram Board,11th Grade, Home Science,English,No,
Mizoram Board,11th Grade, Physical Education,English,No,
Mizoram Board,11th Grade, Accountancy,English,No,
Mizoram Board,11th Grade, Business Studies,English,No,
Mizoram Board,11th Grade, Entrepreneurship,English,No,
Mizoram Board,11th Grade, Statistics,English,No,
Mizoram Board,11th Grade, English,English,No,
Mizoram Board,11th Grade, Mizo,English,No,
Mizoram Board,11th Grade, Hindi,English,No,
Nagaland Board,1st Grade,Mathematics,English,No,
Nagaland Board,1st Grade,Environmental Studies,English,No,
Nagaland Board,1st Grade,Computer Awareness,English,No,
Nagaland Board,1st Grade,General Knowledge,English,No,
Nagaland Board,1st Grade,Moral Education,English,No,
Nagaland Board,1st Grade,Physical Education,English,No,
Nagaland Board,1st Grade,Art & Craft,English,No,
Nagaland Board,1st Grade,Work Education,English,No,
Nagaland Board,1st Grade,English,English,No,
Nagaland Board,1st Grade,Hindi,English,No,
Nagaland Board,1st Grade,Tenyidie,English,No,
Nagaland Board,1st Grade,Ao,English,No,
Nagaland Board,1st Grade,Lotha,English,No,
Nagaland Board,1st Grade,Sumi,English,No,
Nagaland Board,2nd Grade,Mathematics,English,No,
Nagaland Board,2nd Grade,Environmental Studies,English,No,
Nagaland Board,2nd Grade,Computer Awareness,English,No,
Nagaland Board,2nd Grade,General Knowledge,English,No,
Nagaland Board,2nd Grade,Moral Education,English,No,
Nagaland Board,2nd Grade,Physical Education,English,No,
Nagaland Board,2nd Grade,Art & Craft,English,No,
Nagaland Board,2nd Grade,Work Education,English,No,
Nagaland Board,2nd Grade,English,English,No,
Nagaland Board,2nd Grade,Hindi,English,No,
Nagaland Board,2nd Grade,Tenyidie,English,No,
Nagaland Board,2nd Grade,Ao,English,No,
Nagaland Board,2nd Grade,Lotha,English,No,
Nagaland Board,2nd Grade,Sumi,English,No,
Nagaland Board,3rd Grade,Mathematics,English,No,
Nagaland Board,3rd Grade,Environmental Studies,English,No,
Nagaland Board,3rd Grade,Computer Awareness,English,No,
Nagaland Board,3rd Grade,General Knowledge,English,No,
Nagaland Board,3rd Grade,Moral Education,English,No,
Nagaland Board,3rd Grade,Physical Education,English,No,
Nagaland Board,3rd Grade,Art & Craft,English,No,
Nagaland Board,3rd Grade,Work Education,English,No,
Nagaland Board,3rd Grade,English,English,No,
Nagaland Board,3rd Grade,Hindi,English,No,
Nagaland Board,3rd Grade,Tenyidie,English,No,
Nagaland Board,3rd Grade,Ao,English,No,
Nagaland Board,3rd Grade,Lotha,English,No,
Nagaland Board,3rd Grade,Sumi,English,No,
Nagaland Board,4th Grade,Mathematics,English,No,
Nagaland Board,4th Grade,Environmental Studies,English,No,
Nagaland Board,4th Grade,Computer Awareness,English,No,
Nagaland Board,4th Grade,General Knowledge,English,No,
Nagaland Board,4th Grade,Moral Education,English,No,
Nagaland Board,4th Grade,Physical Education,English,No,
Nagaland Board,4th Grade,Art & Craft,English,No,
Nagaland Board,4th Grade,Work Education,English,No,
Nagaland Board,4th Grade,English,English,No,
Nagaland Board,4th Grade,Hindi,English,No,
Nagaland Board,4th Grade,Tenyidie,English,No,
Nagaland Board,4th Grade,Ao,English,No,
Nagaland Board,4th Grade,Lotha,English,No,
Nagaland Board,4th Grade,Sumi,English,No,
Nagaland Board,5th Grade,Mathematics,English,No,
Nagaland Board,5th Grade,Environmental Studies,English,No,
Nagaland Board,5th Grade,Computer Awareness,English,No,
Nagaland Board,5th Grade,General Knowledge,English,No,
Nagaland Board,5th Grade,Moral Education,English,No,
Nagaland Board,5th Grade,Physical Education,English,No,
Nagaland Board,5th Grade,Art & Craft,English,No,
Nagaland Board,5th Grade,Work Education,English,No,
Nagaland Board,5th Grade,English,English,No,
Nagaland Board,5th Grade,Hindi,English,No,
Nagaland Board,5th Grade,Tenyidie,English,No,
Nagaland Board,5th Grade,Ao,English,No,
Nagaland Board,5th Grade,Lotha,English,No,
Nagaland Board,5th Grade,Sumi,English,No,
Nagaland Board,6th Grade,Mathematics,English,Yes,
Nagaland Board,6th Grade,Science,English,Yes,
Nagaland Board,6th Grade,Social Science,English,No,
Nagaland Board,6th Grade,Environmental Studies,English,No,
Nagaland Board,6th Grade,Computer Education,English,No,
Nagaland Board,6th Grade,Physical Education,English,No,
Nagaland Board,6th Grade,Art Education,English,No,
Nagaland Board,6th Grade,Work Education,English,No,
Nagaland Board,6th Grade,English,English,No,
Nagaland Board,6th Grade,Hindi,English,No,
Nagaland Board,6th Grade,Tenyidie,English,No,
Nagaland Board,6th Grade,Ao,English,No,
Nagaland Board,6th Grade,Lotha,English,No,
Nagaland Board,6th Grade,Sumi,English,No,
Nagaland Board,7th Grade,Mathematics,English,Yes,
Nagaland Board,7th Grade,Science,English,Yes,
Nagaland Board,7th Grade,Social Science,English,No,
Nagaland Board,7th Grade,Environmental Studies,English,No,
Nagaland Board,7th Grade,Computer Education,English,No,
Nagaland Board,7th Grade,Physical Education,English,No,
Nagaland Board,7th Grade,Art Education,English,No,
Nagaland Board,7th Grade,Work Education,English,No,
Nagaland Board,7th Grade,English,English,No,
Nagaland Board,7th Grade,Hindi,English,No,
Nagaland Board,7th Grade,Tenyidie,English,No,
Nagaland Board,7th Grade,Ao,English,No,
Nagaland Board,7th Grade,Lotha,English,No,
Nagaland Board,7th Grade,Sumi,English,No,
Nagaland Board,8th Grade,Mathematics,English,Yes,
Nagaland Board,8th Grade,Science,English,Yes,
Nagaland Board,8th Grade,Social Science,English,No,
Nagaland Board,8th Grade,Environmental Studies,English,No,
Nagaland Board,8th Grade,Computer Education,English,No,
Nagaland Board,8th Grade,Physical Education,English,No,
Nagaland Board,8th Grade,Art Education,English,No,
Nagaland Board,8th Grade,Work Education,English,No,
Nagaland Board,8th Grade,English,English,No,
Nagaland Board,8th Grade,Hindi,English,No,
Nagaland Board,8th Grade,Tenyidie,English,No,
Nagaland Board,8th Grade,Ao,English,No,
Nagaland Board,8th Grade,Lotha,English,No,
Nagaland Board,8th Grade,Sumi,English,No,
Nagaland Board,9th Grade,Mathematics,English,Yes,
Nagaland Board,9th Grade,Science,English,Yes,
Nagaland Board,9th Grade,Social Science,English,No,
Nagaland Board,9th Grade,Environmental Studies,English,No,
Nagaland Board,9th Grade,Computer Education,English,No,
Nagaland Board,9th Grade,Physical Education,English,No,
Nagaland Board,9th Grade,Art Education,English,No,
Nagaland Board,9th Grade,Work Education,English,No,
Nagaland Board,9th Grade,English,English,No,
Nagaland Board,9th Grade,Hindi,English,No,
Nagaland Board,9th Grade,Tenyidie,English,No,
Nagaland Board,9th Grade,Ao,English,No,
Nagaland Board,9th Grade,Lotha,English,No,
Nagaland Board,9th Grade,Sumi,English,No,
Nagaland Board,10th Grade,Mathematics,English,Yes,
Nagaland Board,10th Grade,Science,English,Yes,
Nagaland Board,10th Grade,Social Science,English,No,
Nagaland Board,10th Grade,Environmental Studies,English,No,
Nagaland Board,10th Grade,Computer Education,English,No,
Nagaland Board,10th Grade,Physical Education,English,No,
Nagaland Board,10th Grade,Art Education,English,No,
Nagaland Board,10th Grade,Work Education,English,No,
Nagaland Board,10th Grade,English,English,No,
Nagaland Board,10th Grade,Hindi,English,No,
Nagaland Board,10th Grade,Tenyidie,English,No,
Nagaland Board,10th Grade,Ao,English,No,
Nagaland Board,10th Grade,Lotha,English,No,
Nagaland Board,10th Grade,Sumi,English,No,
Nagaland Board,11th Grade,Physics,English,Yes,
Nagaland Board,11th Grade, Chemistry,English,Yes,
Nagaland Board,11th Grade, Mathematics,English,Yes,
Nagaland Board,11th Grade, Biology,English,Yes,
Nagaland Board,11th Grade,Computer Science,English,No,
Nagaland Board,11th Grade, Environmental Science,English,No,
Nagaland Board,11th Grade, Economics,English,No,
Nagaland Board,11th Grade, History,English,No,
Nagaland Board,11th Grade, Geography,English,No,
Nagaland Board,11th Grade, Political Science,English,No,
Nagaland Board,11th Grade, Sociology,English,No,
Nagaland Board,11th Grade, Psychology,English,No,
Nagaland Board,11th Grade, Education,English,No,
Nagaland Board,11th Grade, Philosophy,English,No,
Nagaland Board,11th Grade, Home Science,English,No,
Nagaland Board,11th Grade, Physical Education,English,No,
Nagaland Board,11th Grade, Accountancy,English,No,
Nagaland Board,11th Grade, Business Studies,English,No,
Nagaland Board,11th Grade, Entrepreneurship,English,No,
Nagaland Board,11th Grade, Statistics,English,No,
Nagaland Board,11th Grade, English,English,No,
Nagaland Board,11th Grade, Hindi,English,No,
Nagaland Board,11th Grade, Tenyidie,English,No,
Nagaland Board,11th Grade, Ao,English,No,
Nagaland Board,11th Grade, Lotha,English,No,
Nagaland Board,11th Grade, Sumi,English,No,
Nagaland Board,12th Grade,Physics,English,Yes,
Nagaland Board,12th Grade, Chemistry,English,Yes,
Nagaland Board,12th Grade, Mathematics,English,Yes,
Nagaland Board,12th Grade, Biology,English,Yes,
Nagaland Board,12th Grade,Computer Science,English,No,
Nagaland Board,12th Grade, Environmental Science,English,No,
Nagaland Board,12th Grade, Economics,English,No,
Nagaland Board,12th Grade, History,English,No,
Nagaland Board,12th Grade, Geography,English,No,
Nagaland Board,12th Grade, Political Science,English,No,
Nagaland Board,12th Grade, Sociology,English,No,
Nagaland Board,12th Grade, Psychology,English,No,
Nagaland Board,12th Grade, Education,English,No,
Nagaland Board,12th Grade, Philosophy,English,No,
Nagaland Board,12th Grade, Home Science,English,No,
Nagaland Board,12th Grade, Physical Education,English,No,
Nagaland Board,12th Grade, Accountancy,English,No,
Nagaland Board,12th Grade, Business Studies,English,No,
Nagaland Board,12th Grade, Entrepreneurship,English,No,
Nagaland Board,12th Grade, Statistics,English,No,
Nagaland Board,12th Grade, English,English,No,
Nagaland Board,12th Grade, Hindi,English,No,
Nagaland Board,12th Grade, Tenyidie,English,No,
Nagaland Board,12th Grade, Ao,English,No,
Nagaland Board,12th Grade, Lotha,English,No,
Nagaland Board,12th Grade, Sumi,English,No,
Odisha Board,11th Grade,Physics,English,Yes,
Odisha Board,11th Grade,Chemistry,English,Yes,
Odisha Board,11th Grade,Mathematics,English,Yes,
Odisha Board,11th Grade,Biology,English,Yes,
Odisha Board,11th Grade,Computer Science,English,No,
Odisha Board,11th Grade,Information Technology,English,No,
Odisha Board,11th Grade,Environmental Science,English,No,
Odisha Board,11th Grade,Biotechnology,English,No,
Odisha Board,11th Grade,Economics,English,No,
Odisha Board,11th Grade,History,English,No,
Odisha Board,11th Grade,Geography,English,No,
Odisha Board,11th Grade,Political Science,English,No,
Odisha Board,11th Grade,Sociology,English,No,
Odisha Board,11th Grade,Psychology,English,No,
Odisha Board,11th Grade,Education,English,No,
Odisha Board,11th Grade,Philosophy,English,No,
Odisha Board,11th Grade,Home Science,English,No,
Odisha Board,11th Grade,Physical Education,English,No,
Odisha Board,11th Grade,Accountancy,English,No,
Odisha Board,11th Grade,Business Studies,English,No,
Odisha Board,11th Grade,Entrepreneurship,English,No,
Odisha Board,11th Grade,Statistics,English,No,
Odisha Board,11th Grade,Agriculture,English,No,
Odisha Board,11th Grade,English,English,No,
Odisha Board,11th Grade,Odia,English,No,
Odisha Board,11th Grade,Hindi,English,No,
Odisha Board,11th Grade,Sanskrit,English,No,
Odisha Board,11th Grade,Urdu,English,No,
Odisha Board,12th Grade,Physics,English,Yes,
Odisha Board,12th Grade,Chemistry,English,Yes,
Odisha Board,12th Grade,Mathematics,English,Yes,
Odisha Board,12th Grade,Biology,English,Yes,
Odisha Board,12th Grade,Computer Science,English,No,
Odisha Board,12th Grade,Information Technology,English,No,
Odisha Board,12th Grade,Environmental Science,English,No,
Odisha Board,12th Grade,Biotechnology,English,No,
Odisha Board,12th Grade,Economics,English,No,
Odisha Board,12th Grade,History,English,No,
Odisha Board,12th Grade,Geography,English,No,
Odisha Board,12th Grade,Political Science,English,No,
Odisha Board,12th Grade,Sociology,English,No,
Odisha Board,12th Grade,Psychology,English,No,
Odisha Board,12th Grade,Education,English,No,
Odisha Board,12th Grade,Philosophy,English,No,
Odisha Board,12th Grade,Home Science,English,No,
Odisha Board,12th Grade,Physical Education,English,No,
Odisha Board,12th Grade,Accountancy,English,No,
Odisha Board,12th Grade,Business Studies,English,No,
Odisha Board,12th Grade,Entrepreneurship,English,No,
Odisha Board,12th Grade,Statistics,English,No,
Odisha Board,12th Grade,Agriculture,English,No,
Odisha Board,12th Grade,English,English,No,
Odisha Board,12th Grade,Odia,English,No,
Odisha Board,12th Grade,Hindi,English,No,
Odisha Board,12th Grade,Sanskrit,English,No,
Odisha Board,12th Grade,Urdu,English,No,
Odisha Board,1st Grade,Mathematics,Odia,No,
Odisha Board,1st Grade,Environmental Studies,Odia,No,
Odisha Board,1st Grade,Computer Awareness,Odia,No,
Odisha Board,1st Grade,General Knowledge,Odia,No,
Odisha Board,1st Grade,Moral Education,Odia,No,
Odisha Board,1st Grade,Physical Education,Odia,No,
Odisha Board,1st Grade,Art & Craft,Odia,No,
Odisha Board,1st Grade,Work Education,Odia,No,
Odisha Board,1st Grade,English,Odia,No,
Odisha Board,1st Grade,Odia,Odia,No,
Odisha Board,1st Grade,Hindi,Odia,No,
Odisha Board,1st Grade,Bengali,Odia,No,
Odisha Board,2nd Grade,Mathematics,Odia,No,
Odisha Board,2nd Grade,Environmental Studies,Odia,No,
Odisha Board,2nd Grade,Computer Awareness,Odia,No,
Odisha Board,2nd Grade,General Knowledge,Odia,No,
Odisha Board,2nd Grade,Moral Education,Odia,No,
Odisha Board,2nd Grade,Physical Education,Odia,No,
Odisha Board,2nd Grade,Art & Craft,Odia,No,
Odisha Board,2nd Grade,Work Education,Odia,No,
Odisha Board,2nd Grade,English,Odia,No,
Odisha Board,2nd Grade,Odia,Odia,No,
Odisha Board,2nd Grade,Hindi,Odia,No,
Odisha Board,2nd Grade,Bengali,Odia,No,
Odisha Board,3rd Grade,Mathematics,Odia,No,
Odisha Board,3rd Grade,Environmental Studies,Odia,No,
Odisha Board,3rd Grade,Computer Awareness,Odia,No,
Odisha Board,3rd Grade,General Knowledge,Odia,No,
Odisha Board,3rd Grade,Moral Education,Odia,No,
Odisha Board,3rd Grade,Physical Education,Odia,No,
Odisha Board,3rd Grade,Art & Craft,Odia,No,
Odisha Board,3rd Grade,Work Education,Odia,No,
Odisha Board,3rd Grade,English,Odia,No,
Odisha Board,3rd Grade,Odia,Odia,No,
Odisha Board,3rd Grade,Hindi,Odia,No,
Odisha Board,3rd Grade,Bengali,Odia,No,
Odisha Board,4th Grade,Mathematics,Odia,No,
Odisha Board,4th Grade,Environmental Studies,Odia,No,
Odisha Board,4th Grade,Computer Awareness,Odia,No,
Odisha Board,4th Grade,General Knowledge,Odia,No,
Odisha Board,4th Grade,Moral Education,Odia,No,
Odisha Board,4th Grade,Physical Education,Odia,No,
Odisha Board,4th Grade,Art & Craft,Odia,No,
Odisha Board,4th Grade,Work Education,Odia,No,
Odisha Board,4th Grade,English,Odia,No,
Odisha Board,4th Grade,Odia,Odia,No,
Odisha Board,4th Grade,Hindi,Odia,No,
Odisha Board,4th Grade,Bengali,Odia,No,
Odisha Board,5th Grade,Mathematics,Odia,No,
Odisha Board,5th Grade,Environmental Studies,Odia,No,
Odisha Board,5th Grade,Computer Awareness,Odia,No,
Odisha Board,5th Grade,General Knowledge,Odia,No,
Odisha Board,5th Grade,Moral Education,Odia,No,
Odisha Board,5th Grade,Physical Education,Odia,No,
Odisha Board,5th Grade,Art & Craft,Odia,No,
Odisha Board,5th Grade,Work Education,Odia,No,
Odisha Board,5th Grade,English,Odia,No,
Odisha Board,5th Grade,Odia,Odia,No,
Odisha Board,5th Grade,Hindi,Odia,No,
Odisha Board,5th Grade,Bengali,Odia,No,
Odisha Board,6th Grade,Mathematics,Odia,Partial,"Partial Coverage of videos, lessons and private publishers"
Odisha Board,6th Grade,Science,Odia,Partial,"Partial Coverage of videos, lessons and private publishers"
Odisha Board,6th Grade,Social Science,Odia,No,
Odisha Board,6th Grade,Environmental Studies,Odia,No,
Odisha Board,6th Grade,Computer Education,Odia,No,
Odisha Board,6th Grade,Physical Education,Odia,No,
Odisha Board,6th Grade,Art Education,Odia,No,
Odisha Board,6th Grade,Work Education,Odia,No,
Odisha Board,6th Grade,English,Odia,No,
Odisha Board,6th Grade,Odia,Odia,No,
Odisha Board,6th Grade,Hindi,Odia,No,
Odisha Board,6th Grade,Sanskrit,Odia,No,
Odisha Board,6th Grade,Urdu,Odia,No,
Odisha Board,7th Grade,Mathematics,Odia,Partial,"Partial Coverage of videos, lessons and private publishers"
Odisha Board,7th Grade,Science,Odia,Partial,"Partial Coverage of videos, lessons and private publishers"
Odisha Board,7th Grade,Social Science,Odia,No,
Odisha Board,7th Grade,Environmental Studies,Odia,No,
Odisha Board,7th Grade,Computer Education,Odia,No,
Odisha Board,7th Grade,Physical Education,Odia,No,
Odisha Board,7th Grade,Art Education,Odia,No,
Odisha Board,7th Grade,Work Education,Odia,No,
Odisha Board,7th Grade,English,Odia,No,
Odisha Board,7th Grade,Odia,Odia,No,
Odisha Board,7th Grade,Hindi,Odia,No,
Odisha Board,7th Grade,Sanskrit,Odia,No,
Odisha Board,7th Grade,Urdu,Odia,No,
Odisha Board,8th Grade,Mathematics,Odia,Partial,"Partial Coverage of videos, lessons and private publishers"
Odisha Board,8th Grade,Science,Odia,Partial,"Partial Coverage of videos, lessons and private publishers"
Odisha Board,8th Grade,Social Science,Odia,No,
Odisha Board,8th Grade,Environmental Studies,Odia,No,
Odisha Board,8th Grade,Computer Education,Odia,No,
Odisha Board,8th Grade,Physical Education,Odia,No,
Odisha Board,8th Grade,Art Education,Odia,No,
Odisha Board,8th Grade,Work Education,Odia,No,
Odisha Board,8th Grade,English,Odia,No,
Odisha Board,8th Grade,Odia,Odia,No,
Odisha Board,8th Grade,Hindi,Odia,No,
Odisha Board,8th Grade,Sanskrit,Odia,No,
Odisha Board,8th Grade,Urdu,Odia,No,
Odisha Board,9th Grade,Mathematics,Odia,Partial,"Partial Coverage of videos, lessons and private publishers"
Odisha Board,9th Grade,Science,Odia,Partial,"Partial Coverage of videos, lessons and private publishers"
Odisha Board,9th Grade,Social Science,Odia,No,
Odisha Board,9th Grade,Environmental Studies,Odia,No,
Odisha Board,9th Grade,Computer Education,Odia,No,
Odisha Board,9th Grade,Physical Education,Odia,No,
Odisha Board,9th Grade,Art Education,Odia,No,
Odisha Board,9th Grade,Work Education,Odia,No,
Odisha Board,9th Grade,English,Odia,No,
Odisha Board,9th Grade,Odia,Odia,No,
Odisha Board,9th Grade,Hindi,Odia,No,
Odisha Board,9th Grade,Sanskrit,Odia,No,
Odisha Board,9th Grade,Urdu,Odia,No,
Odisha Board,10th Grade,Mathematics,Odia,Partial,"Partial Coverage of videos, lessons and private publishers"
Odisha Board,10th Grade,Science,Odia,Partial,"Partial Coverage of videos, lessons and private publishers"
Odisha Board,10th Grade,Social Science,Odia,No,
Odisha Board,10th Grade,Environmental Studies,Odia,No,
Odisha Board,10th Grade,Computer Education,Odia,No,
Odisha Board,10th Grade,Physical Education,Odia,No,
Odisha Board,10th Grade,Art Education,Odia,No,
Odisha Board,10th Grade,Work Education,Odia,No,
Odisha Board,10th Grade,English,Odia,No,
Odisha Board,10th Grade,Odia,Odia,No,
Odisha Board,10th Grade,Hindi,Odia,No,
Odisha Board,10th Grade,Sanskrit,Odia,No,
Odisha Board,10th Grade,Urdu,Odia,No,
Odisha Board,11th Grade,Physics,Odia,Partial,"Partial Coverage of videos, lessons and private publishers"
Odisha Board,11th Grade,Chemistry,Odia,Partial,"Partial Coverage of videos, lessons and private publishers"
Odisha Board,11th Grade,Mathematics,Odia,Partial,"Partial Coverage of videos, lessons and private publishers"
Odisha Board,11th Grade,Biology,Odia,Partial,"Partial Coverage of videos, lessons and private publishers"
Odisha Board,11th Grade,Computer Science,Odia,No,
Odisha Board,11th Grade,Information Technology,Odia,No,
Odisha Board,11th Grade,Environmental Science,Odia,No,
Odisha Board,11th Grade,Biotechnology,Odia,No,
Odisha Board,11th Grade,Economics,Odia,No,
Odisha Board,11th Grade,History,Odia,No,
Odisha Board,11th Grade,Geography,Odia,No,
Odisha Board,11th Grade,Political Science,Odia,No,
Odisha Board,11th Grade,Sociology,Odia,No,
Odisha Board,11th Grade,Psychology,Odia,No,
Odisha Board,11th Grade,Education,Odia,No,
Odisha Board,11th Grade,Philosophy,Odia,No,
Odisha Board,11th Grade,Home Science,Odia,No,
Odisha Board,11th Grade,Physical Education,Odia,No,
Odisha Board,11th Grade,Accountancy,Odia,No,
Odisha Board,11th Grade,Business Studies,Odia,No,
Odisha Board,11th Grade,Entrepreneurship,Odia,No,
Odisha Board,11th Grade,Statistics,Odia,No,
Odisha Board,11th Grade,Agriculture,Odia,No,
Odisha Board,11th Grade,English,Odia,No,
Odisha Board,11th Grade,Odia,Odia,No,
Odisha Board,11th Grade,Hindi,Odia,No,
Odisha Board,11th Grade,Sanskrit,Odia,No,
Odisha Board,11th Grade,Urdu,Odia,No,
Odisha Board,12th Grade,Physics,Odia,Partial,"Partial Coverage of videos, lessons and private publishers"
Odisha Board,12th Grade,Chemistry,Odia,Partial,"Partial Coverage of videos, lessons and private publishers"
Odisha Board,12th Grade,Mathematics,Odia,Partial,"Partial Coverage of videos, lessons and private publishers"
Odisha Board,12th Grade,Biology,Odia,Partial,"Partial Coverage of videos, lessons and private publishers"
Odisha Board,12th Grade,Computer Science,Odia,No,
Odisha Board,12th Grade,Information Technology,Odia,No,
Odisha Board,12th Grade,Environmental Science,Odia,No,
Odisha Board,12th Grade,Biotechnology,Odia,No,
Odisha Board,12th Grade,Economics,Odia,No,
Odisha Board,12th Grade,History,Odia,No,
Odisha Board,12th Grade,Geography,Odia,No,
Odisha Board,12th Grade,Political Science,Odia,No,
Odisha Board,12th Grade,Sociology,Odia,No,
Odisha Board,12th Grade,Psychology,Odia,No,
Odisha Board,12th Grade,Education,Odia,No,
Odisha Board,12th Grade,Philosophy,Odia,No,
Odisha Board,12th Grade,Home Science,Odia,No,
Odisha Board,12th Grade,Physical Education,Odia,No,
Odisha Board,12th Grade,Accountancy,Odia,No,
Odisha Board,12th Grade,Business Studies,Odia,No,
Odisha Board,12th Grade,Entrepreneurship,Odia,No,
Odisha Board,12th Grade,Statistics,Odia,No,
Odisha Board,12th Grade,Agriculture,Odia,No,
Odisha Board,12th Grade,English,Odia,No,
Odisha Board,12th Grade,Odia,Odia,No,
Odisha Board,12th Grade,Hindi,Odia,No,
Odisha Board,12th Grade,Sanskrit,Odia,No,
Odisha Board,12th Grade,Urdu,Odia,No,
Rajasthan Board,1st Grade,Mathematics,English,No,
Rajasthan Board,1st Grade, Environmental Studies,English,No,
Rajasthan Board,1st Grade, Computer Awareness,English,No,
Rajasthan Board,1st Grade, General Knowledge,English,No,
Rajasthan Board,1st Grade, Moral Education,English,No,
Rajasthan Board,1st Grade, Physical Education,English,No,
Rajasthan Board,1st Grade, Art & Craft,English,No,
Rajasthan Board,1st Grade, Work Education,English,No,
Rajasthan Board,1st Grade, English,English,No,
Rajasthan Board,1st Grade, Hindi,English,No,
Rajasthan Board,1st Grade, Urdu,English,No,
Rajasthan Board,2nd Grade,Mathematics,English,No,
Rajasthan Board,2nd Grade, Environmental Studies,English,No,
Rajasthan Board,2nd Grade, Computer Awareness,English,No,
Rajasthan Board,2nd Grade, General Knowledge,English,No,
Rajasthan Board,2nd Grade, Moral Education,English,No,
Rajasthan Board,2nd Grade, Physical Education,English,No,
Rajasthan Board,2nd Grade, Art & Craft,English,No,
Rajasthan Board,2nd Grade, Work Education,English,No,
Rajasthan Board,2nd Grade, English,English,No,
Rajasthan Board,2nd Grade, Hindi,English,No,
Rajasthan Board,2nd Grade, Urdu,English,No,
Rajasthan Board,3rd Grade,Mathematics,English,No,
Rajasthan Board,3rd Grade, Environmental Studies,English,No,
Rajasthan Board,3rd Grade, Computer Awareness,English,No,
Rajasthan Board,3rd Grade, General Knowledge,English,No,
Rajasthan Board,3rd Grade, Moral Education,English,No,
Rajasthan Board,3rd Grade, Physical Education,English,No,
Rajasthan Board,3rd Grade, Art & Craft,English,No,
Rajasthan Board,3rd Grade, Work Education,English,No,
Rajasthan Board,3rd Grade, English,English,No,
Rajasthan Board,3rd Grade, Hindi,English,No,
Rajasthan Board,3rd Grade, Urdu,English,No,
Rajasthan Board,4th Grade,Mathematics,English,No,
Rajasthan Board,4th Grade, Environmental Studies,English,No,
Rajasthan Board,4th Grade, Computer Awareness,English,No,
Rajasthan Board,4th Grade, General Knowledge,English,No,
Rajasthan Board,4th Grade, Moral Education,English,No,
Rajasthan Board,4th Grade, Physical Education,English,No,
Rajasthan Board,4th Grade, Art & Craft,English,No,
Rajasthan Board,4th Grade, Work Education,English,No,
Rajasthan Board,4th Grade, English,English,No,
Rajasthan Board,4th Grade, Hindi,English,No,
Rajasthan Board,4th Grade, Urdu,English,No,
Rajasthan Board,5th Grade,Mathematics,English,No,
Rajasthan Board,5th Grade, Environmental Studies,English,No,
Rajasthan Board,5th Grade, Computer Awareness,English,No,
Rajasthan Board,5th Grade, General Knowledge,English,No,
Rajasthan Board,5th Grade, Moral Education,English,No,
Rajasthan Board,5th Grade, Physical Education,English,No,
Rajasthan Board,5th Grade, Art & Craft,English,No,
Rajasthan Board,5th Grade, Work Education,English,No,
Rajasthan Board,5th Grade, English,English,No,
Rajasthan Board,5th Grade, Hindi,English,No,
Rajasthan Board,5th Grade, Urdu,English,No,
Rajasthan Board,6th Grade,Mathematics,English,Yes,
Rajasthan Board,6th Grade, Science,English,Yes,
Rajasthan Board,6th Grade, Social Science,English,Partial,Partial Coverage of Lessons and Videos
Rajasthan Board,6th Grade,Environmental Studies,English,No,
Rajasthan Board,6th Grade, Computer Education,English,No,
Rajasthan Board,6th Grade, Physical Education,English,No,
Rajasthan Board,6th Grade, Art Education,English,No,
Rajasthan Board,6th Grade, Work Education,English,No,
Rajasthan Board,6th Grade, English,English,No,
Rajasthan Board,6th Grade, Hindi,English,No,
Rajasthan Board,6th Grade, Sanskrit,English,No,
Rajasthan Board,6th Grade, Urdu,English,No,
Rajasthan Board,7th Grade,Mathematics,English,Yes,
Rajasthan Board,7th Grade, Science,English,Yes,
Rajasthan Board,7th Grade, Social Science,English,Partial,Partial Coverage of Lessons and Videos
Rajasthan Board,7th Grade,Environmental Studies,English,No,
Rajasthan Board,7th Grade, Computer Education,English,No,
Rajasthan Board,7th Grade, Physical Education,English,No,
Rajasthan Board,7th Grade, Art Education,English,No,
Rajasthan Board,7th Grade, Work Education,English,No,
Rajasthan Board,7th Grade, English,English,No,
Rajasthan Board,7th Grade, Hindi,English,No,
Rajasthan Board,7th Grade, Sanskrit,English,No,
Rajasthan Board,7th Grade, Urdu,English,No,
Rajasthan Board,8th Grade,Mathematics,English,Yes,
Rajasthan Board,8th Grade, Science,English,Yes,
Rajasthan Board,8th Grade, Social Science,English,Partial,Partial Coverage of Lessons and Videos
Rajasthan Board,8th Grade,Environmental Studies,English,No,
Rajasthan Board,8th Grade, Computer Education,English,No,
Rajasthan Board,8th Grade, Physical Education,English,No,
Rajasthan Board,8th Grade, Art Education,English,No,
Rajasthan Board,8th Grade, Work Education,English,No,
Rajasthan Board,8th Grade, English,English,No,
Rajasthan Board,8th Grade, Hindi,English,No,
Rajasthan Board,8th Grade, Sanskrit,English,No,
Rajasthan Board,8th Grade, Urdu,English,No,
Rajasthan Board,9th Grade,Mathematics,English,Yes,
Rajasthan Board,9th Grade, Science,English,Yes,
Rajasthan Board,9th Grade, Social Science,English,Yes,
Rajasthan Board,9th Grade,Environmental Studies,English,No,
Rajasthan Board,9th Grade, Computer Education,English,No,
Rajasthan Board,9th Grade, Physical Education,English,No,
Rajasthan Board,9th Grade, Art Education,English,No,
Rajasthan Board,9th Grade, Work Education,English,No,
Rajasthan Board,9th Grade, English,English,No,
Rajasthan Board,9th Grade, Hindi,English,No,
Rajasthan Board,9th Grade, Sanskrit,English,No,
Rajasthan Board,9th Grade, Urdu,English,No,
Rajasthan Board,10th Grade,Mathematics,English,Yes,
Rajasthan Board,10th Grade, Science,English,Yes,
Rajasthan Board,10th Grade, Social Science,English,Yes,
Rajasthan Board,10th Grade,Environmental Studies,English,No,
Rajasthan Board,10th Grade, Computer Education,English,No,
Rajasthan Board,10th Grade, Physical Education,English,No,
Rajasthan Board,10th Grade, Art Education,English,No,
Rajasthan Board,10th Grade, Work Education,English,No,
Rajasthan Board,10th Grade, English,English,No,
Rajasthan Board,10th Grade, Hindi,English,No,
Rajasthan Board,10th Grade, Sanskrit,English,No,
Rajasthan Board,10th Grade, Urdu,English,No,
Rajasthan Board,11th Grade,Physics,English,Yes,
Rajasthan Board,11th Grade, Chemistry,English,Yes,
Rajasthan Board,11th Grade, Mathematics,English,Yes,
Rajasthan Board,11th Grade, Biology,English,Yes,
Rajasthan Board,11th Grade,Computer Science,English,No,
Rajasthan Board,11th Grade, Environmental Science,English,No,
Rajasthan Board,11th Grade, Economics,English,No,
Rajasthan Board,11th Grade, History,English,No,
Rajasthan Board,11th Grade, Geography,English,No,
Rajasthan Board,11th Grade, Political Science,English,No,
Rajasthan Board,11th Grade, Sociology,English,No,
Rajasthan Board,11th Grade, Psychology,English,No,
Rajasthan Board,11th Grade, Philosophy,English,No,
Rajasthan Board,11th Grade, Home Science,English,No,
Rajasthan Board,11th Grade, Physical Education,English,No,
Rajasthan Board,11th Grade, Accountancy,English,No,
Rajasthan Board,11th Grade, Business Studies,English,No,
Rajasthan Board,11th Grade, Entrepreneurship,English,No,
Rajasthan Board,11th Grade, Statistics,English,No,
Rajasthan Board,11th Grade, Agriculture,English,No,
Rajasthan Board,11th Grade, English,English,No,
Rajasthan Board,11th Grade, Hindi,English,No,
Rajasthan Board,11th Grade, Sanskrit,English,No,
Rajasthan Board,11th Grade, Urdu,English,No,
Rajasthan Board,12th Grade,Physics,English,Yes,
Rajasthan Board,12th Grade, Chemistry,English,Yes,
Rajasthan Board,12th Grade, Mathematics,English,Yes,
Rajasthan Board,12th Grade, Biology,English,Yes,
Rajasthan Board,12th Grade,Computer Science,English,No,
Rajasthan Board,12th Grade, Environmental Science,English,No,
Rajasthan Board,12th Grade, Economics,English,No,
Rajasthan Board,12th Grade, History,English,No,
Rajasthan Board,12th Grade, Geography,English,No,
Rajasthan Board,12th Grade, Political Science,English,No,
Rajasthan Board,12th Grade, Sociology,English,No,
Rajasthan Board,12th Grade, Psychology,English,No,
Rajasthan Board,12th Grade, Philosophy,English,No,
Rajasthan Board,12th Grade, Home Science,English,No,
Rajasthan Board,12th Grade, Physical Education,English,No,
Rajasthan Board,12th Grade, Accountancy,English,No,
Rajasthan Board,12th Grade, Business Studies,English,No,
Rajasthan Board,12th Grade, Entrepreneurship,English,No,
Rajasthan Board,12th Grade, Statistics,English,No,
Rajasthan Board,12th Grade, Agriculture,English,No,
Rajasthan Board,12th Grade, English,English,No,
Rajasthan Board,12th Grade, Hindi,English,No,
Rajasthan Board,12th Grade, Sanskrit,English,No,
Rajasthan Board,12th Grade, Urdu,English,No,
Rajasthan Board,1st Grade,Mathematics,Hindi,No,
Rajasthan Board,1st Grade, Environmental Studies,Hindi,No,
Rajasthan Board,1st Grade, Computer Awareness,Hindi,No,
Rajasthan Board,1st Grade, General Knowledge,Hindi,No,
Rajasthan Board,1st Grade, Moral Education,Hindi,No,
Rajasthan Board,1st Grade, Physical Education,Hindi,No,
Rajasthan Board,1st Grade, Art & Craft,Hindi,No,
Rajasthan Board,1st Grade, Work Education,Hindi,No,
Rajasthan Board,1st Grade, English,Hindi,No,
Rajasthan Board,1st Grade, Hindi,Hindi,No,
Rajasthan Board,1st Grade, Urdu,Hindi,No,
Rajasthan Board,2nd Grade,Mathematics,Hindi,No,
Rajasthan Board,2nd Grade, Environmental Studies,Hindi,No,
Rajasthan Board,2nd Grade, Computer Awareness,Hindi,No,
Rajasthan Board,2nd Grade, General Knowledge,Hindi,No,
Rajasthan Board,2nd Grade, Moral Education,Hindi,No,
Rajasthan Board,2nd Grade, Physical Education,Hindi,No,
Rajasthan Board,2nd Grade, Art & Craft,Hindi,No,
Rajasthan Board,2nd Grade, Work Education,Hindi,No,
Rajasthan Board,2nd Grade, English,Hindi,No,
Rajasthan Board,2nd Grade, Hindi,Hindi,No,
Rajasthan Board,2nd Grade, Urdu,Hindi,No,
Rajasthan Board,3rd Grade,Mathematics,Hindi,No,
Rajasthan Board,3rd Grade, Environmental Studies,Hindi,No,
Rajasthan Board,3rd Grade, Computer Awareness,Hindi,No,
Rajasthan Board,3rd Grade, General Knowledge,Hindi,No,
Rajasthan Board,3rd Grade, Moral Education,Hindi,No,
Rajasthan Board,3rd Grade, Physical Education,Hindi,No,
Rajasthan Board,3rd Grade, Art & Craft,Hindi,No,
Rajasthan Board,3rd Grade, Work Education,Hindi,No,
Rajasthan Board,3rd Grade, English,Hindi,No,
Rajasthan Board,3rd Grade, Hindi,Hindi,No,
Rajasthan Board,3rd Grade, Urdu,Hindi,No,
Rajasthan Board,4th Grade,Mathematics,Hindi,No,
Rajasthan Board,4th Grade, Environmental Studies,Hindi,No,
Rajasthan Board,4th Grade, Computer Awareness,Hindi,No,
Rajasthan Board,4th Grade, General Knowledge,Hindi,No,
Rajasthan Board,4th Grade, Moral Education,Hindi,No,
Rajasthan Board,4th Grade, Physical Education,Hindi,No,
Rajasthan Board,4th Grade, Art & Craft,Hindi,No,
Rajasthan Board,4th Grade, Work Education,Hindi,No,
Rajasthan Board,4th Grade, English,Hindi,No,
Rajasthan Board,4th Grade, Hindi,Hindi,No,
Rajasthan Board,4th Grade, Urdu,Hindi,No,
Rajasthan Board,5th Grade,Mathematics,Hindi,No,
Rajasthan Board,5th Grade, Environmental Studies,Hindi,No,
Rajasthan Board,5th Grade, Computer Awareness,Hindi,No,
Rajasthan Board,5th Grade, General Knowledge,Hindi,No,
Rajasthan Board,5th Grade, Moral Education,Hindi,No,
Rajasthan Board,5th Grade, Physical Education,Hindi,No,
Rajasthan Board,5th Grade, Art & Craft,Hindi,No,
Rajasthan Board,5th Grade, Work Education,Hindi,No,
Rajasthan Board,5th Grade, English,Hindi,No,
Rajasthan Board,5th Grade, Hindi,Hindi,No,
Rajasthan Board,5th Grade, Urdu,Hindi,No,
Rajasthan Board,6th Grade,Mathematics,Hindi,Partial,"Partial Coverage of videos, lessons and private publishers"
Rajasthan Board,6th Grade, Science,Hindi,Partial,"Partial Coverage of videos, lessons and private publishers"
Rajasthan Board,6th Grade, Social Science,Hindi,Partial,"Partial Coverage of videos, lessons and private publishers"
Rajasthan Board,6th Grade,Environmental Studies,Hindi,No,
Rajasthan Board,6th Grade, Computer Education,Hindi,No,
Rajasthan Board,6th Grade, Physical Education,Hindi,No,
Rajasthan Board,6th Grade, Art Education,Hindi,No,
Rajasthan Board,6th Grade, Work Education,Hindi,No,
Rajasthan Board,6th Grade, English,Hindi,No,
Rajasthan Board,6th Grade, Hindi,Hindi,No,
Rajasthan Board,6th Grade, Sanskrit,Hindi,No,
Rajasthan Board,6th Grade, Urdu,Hindi,No,
Rajasthan Board,7th Grade,Mathematics,Hindi,Partial,"Partial Coverage of videos, lessons and private publishers"
Rajasthan Board,7th Grade, Science,Hindi,Partial,"Partial Coverage of videos, lessons and private publishers"
Rajasthan Board,7th Grade, Social Science,Hindi,Partial,"Partial Coverage of videos, lessons and private publishers"
Rajasthan Board,7th Grade,Environmental Studies,Hindi,No,
Rajasthan Board,7th Grade, Computer Education,Hindi,No,
Rajasthan Board,7th Grade, Physical Education,Hindi,No,
Rajasthan Board,7th Grade, Art Education,Hindi,No,
Rajasthan Board,7th Grade, Work Education,Hindi,No,
Rajasthan Board,7th Grade, English,Hindi,No,
Rajasthan Board,7th Grade, Hindi,Hindi,No,
Rajasthan Board,7th Grade, Sanskrit,Hindi,No,
Rajasthan Board,7th Grade, Urdu,Hindi,No,
Rajasthan Board,8th Grade,Mathematics,Hindi,Partial,"Partial Coverage of videos, lessons and private publishers"
Rajasthan Board,8th Grade, Science,Hindi,Partial,"Partial Coverage of videos, lessons and private publishers"
Rajasthan Board,8th Grade, Social Science,Hindi,Partial,"Partial Coverage of videos, lessons and private publishers"
Rajasthan Board,8th Grade,Environmental Studies,Hindi,No,
Rajasthan Board,8th Grade, Computer Education,Hindi,No,
Rajasthan Board,8th Grade, Physical Education,Hindi,No,
Rajasthan Board,8th Grade, Art Education,Hindi,No,
Rajasthan Board,8th Grade, Work Education,Hindi,No,
Rajasthan Board,8th Grade, English,Hindi,No,
Rajasthan Board,8th Grade, Hindi,Hindi,No,
Rajasthan Board,8th Grade, Sanskrit,Hindi,No,
Rajasthan Board,8th Grade, Urdu,Hindi,No,
Rajasthan Board,9th Grade,Mathematics,Hindi,Partial,"Partial Coverage of videos, lessons and private publishers"
Rajasthan Board,9th Grade, Science,Hindi,Partial,"Partial Coverage of videos, lessons and private publishers"
Rajasthan Board,9th Grade, Social Science,Hindi,Partial,"Partial Coverage of videos, lessons and private publishers"
Rajasthan Board,9th Grade,Environmental Studies,Hindi,No,
Rajasthan Board,9th Grade, Computer Education,Hindi,No,
Rajasthan Board,9th Grade, Physical Education,Hindi,No,
Rajasthan Board,9th Grade, Art Education,Hindi,No,
Rajasthan Board,9th Grade, Work Education,Hindi,No,
Rajasthan Board,9th Grade, English,Hindi,No,
Rajasthan Board,9th Grade, Hindi,Hindi,No,
Rajasthan Board,9th Grade, Sanskrit,Hindi,No,
Rajasthan Board,9th Grade, Urdu,Hindi,No,
Rajasthan Board,10th Grade,Mathematics,Hindi,Partial,"Partial Coverage of videos, lessons and private publishers"
Rajasthan Board,10th Grade, Science,Hindi,Partial,"Partial Coverage of videos, lessons and private publishers"
Rajasthan Board,10th Grade, Social Science,Hindi,Partial,"Partial Coverage of videos, lessons and private publishers"
Rajasthan Board,10th Grade,Environmental Studies,Hindi,No,
Rajasthan Board,10th Grade, Computer Education,Hindi,No,
Rajasthan Board,10th Grade, Physical Education,Hindi,No,
Rajasthan Board,10th Grade, Art Education,Hindi,No,
Rajasthan Board,10th Grade, Work Education,Hindi,No,
Rajasthan Board,10th Grade, English,Hindi,No,
Rajasthan Board,10th Grade, Hindi,Hindi,No,
Rajasthan Board,10th Grade, Sanskrit,Hindi,No,
Rajasthan Board,10th Grade, Urdu,Hindi,No,
Rajasthan Board,11th Grade,Physics,Hindi,Partial,"Partial Coverage of videos, lessons and private publishers"
Rajasthan Board,11th Grade, Chemistry,Hindi,Partial,"Partial Coverage of videos, lessons and private publishers"
Rajasthan Board,11th Grade, Mathematics,Hindi,Partial,"Partial Coverage of videos, lessons and private publishers"
Rajasthan Board,11th Grade, Biology,Hindi,Partial,"Partial Coverage of videos, lessons and private publishers"
Rajasthan Board,11th Grade,Computer Science,Hindi,No,
Rajasthan Board,11th Grade, Environmental Science,Hindi,No,
Rajasthan Board,11th Grade, Economics,Hindi,No,
Rajasthan Board,11th Grade, History,Hindi,No,
Rajasthan Board,11th Grade, Geography,Hindi,No,
Rajasthan Board,11th Grade, Political Science,Hindi,No,
Rajasthan Board,11th Grade, Sociology,Hindi,No,
Rajasthan Board,11th Grade, Psychology,Hindi,No,
Rajasthan Board,11th Grade, Philosophy,Hindi,No,
Rajasthan Board,11th Grade, Home Science,Hindi,No,
Rajasthan Board,11th Grade, Physical Education,Hindi,No,
Rajasthan Board,11th Grade, Accountancy,Hindi,No,
Rajasthan Board,11th Grade, Business Studies,Hindi,No,
Rajasthan Board,11th Grade, Entrepreneurship,Hindi,No,
Rajasthan Board,11th Grade, Statistics,Hindi,No,
Rajasthan Board,11th Grade, Agriculture,Hindi,No,
Rajasthan Board,11th Grade, English,Hindi,No,
Rajasthan Board,11th Grade, Hindi,Hindi,No,
Rajasthan Board,11th Grade, Sanskrit,Hindi,No,
Rajasthan Board,11th Grade, Urdu,Hindi,No,
Rajasthan Board,12th Grade,Physics,Hindi,Partial,"Partial Coverage of videos, lessons and private publishers"
Rajasthan Board,12th Grade, Chemistry,Hindi,Partial,"Partial Coverage of videos, lessons and private publishers"
Rajasthan Board,12th Grade, Mathematics,Hindi,Partial,"Partial Coverage of videos, lessons and private publishers"
Rajasthan Board,12th Grade, Biology,Hindi,Partial,"Partial Coverage of videos, lessons and private publishers"
Rajasthan Board,12th Grade,Computer Science,Hindi,No,
Rajasthan Board,12th Grade, Environmental Science,Hindi,No,
Rajasthan Board,12th Grade, Economics,Hindi,No,
Rajasthan Board,12th Grade, History,Hindi,No,
Rajasthan Board,12th Grade, Geography,Hindi,No,
Rajasthan Board,12th Grade, Political Science,Hindi,No,
Rajasthan Board,12th Grade, Sociology,Hindi,No,
Rajasthan Board,12th Grade, Psychology,Hindi,No,
Rajasthan Board,12th Grade, Philosophy,Hindi,No,
Rajasthan Board,12th Grade, Home Science,Hindi,No,
Rajasthan Board,12th Grade, Physical Education,Hindi,No,
Rajasthan Board,12th Grade, Accountancy,Hindi,No,
Rajasthan Board,12th Grade, Business Studies,Hindi,No,
Rajasthan Board,12th Grade, Entrepreneurship,Hindi,No,
Rajasthan Board,12th Grade, Statistics,Hindi,No,
Rajasthan Board,12th Grade, Agriculture,Hindi,No,
Rajasthan Board,12th Grade, English,Hindi,No,
Rajasthan Board,12th Grade, Hindi,Hindi,No,
Rajasthan Board,12th Grade, Sanskrit,Hindi,No,
Rajasthan Board,12th Grade, Urdu,Hindi,No,
Sikkim Board,1st Grade,Mathematics,English,No,
Sikkim Board,1st Grade, Environmental Studies,English,No,
Sikkim Board,1st Grade, Computer Awareness,English,No,
Sikkim Board,1st Grade, General Knowledge,English,No,
Sikkim Board,1st Grade, Moral Education,English,No,
Sikkim Board,1st Grade, Physical Education,English,No,
Sikkim Board,1st Grade, Art & Craft,English,No,
Sikkim Board,1st Grade, Work Education,English,No,
Sikkim Board,1st Grade, English,English,No,
Sikkim Board,1st Grade, Nepali,English,No,
Sikkim Board,1st Grade, Hindi,English,No,
Sikkim Board,1st Grade, Lepcha,English,No,
Sikkim Board,1st Grade, Bhutia,English,No,
Sikkim Board,2nd Grade,Mathematics,English,No,
Sikkim Board,2nd Grade, Environmental Studies,English,No,
Sikkim Board,2nd Grade, Computer Awareness,English,No,
Sikkim Board,2nd Grade, General Knowledge,English,No,
Sikkim Board,2nd Grade, Moral Education,English,No,
Sikkim Board,2nd Grade, Physical Education,English,No,
Sikkim Board,2nd Grade, Art & Craft,English,No,
Sikkim Board,2nd Grade, Work Education,English,No,
Sikkim Board,2nd Grade, English,English,No,
Sikkim Board,2nd Grade, Nepali,English,No,
Sikkim Board,2nd Grade, Hindi,English,No,
Sikkim Board,2nd Grade, Lepcha,English,No,
Sikkim Board,2nd Grade, Bhutia,English,No,
Sikkim Board,3rd Grade,Mathematics,English,No,
Sikkim Board,3rd Grade, Environmental Studies,English,No,
Sikkim Board,3rd Grade, Computer Awareness,English,No,
Sikkim Board,3rd Grade, General Knowledge,English,No,
Sikkim Board,3rd Grade, Moral Education,English,No,
Sikkim Board,3rd Grade, Physical Education,English,No,
Sikkim Board,3rd Grade, Art & Craft,English,No,
Sikkim Board,3rd Grade, Work Education,English,No,
Sikkim Board,3rd Grade, English,English,No,
Sikkim Board,3rd Grade, Nepali,English,No,
Sikkim Board,3rd Grade, Hindi,English,No,
Sikkim Board,3rd Grade, Lepcha,English,No,
Sikkim Board,3rd Grade, Bhutia,English,No,
Sikkim Board,4th Grade,Mathematics,English,No,
Sikkim Board,4th Grade, Environmental Studies,English,No,
Sikkim Board,4th Grade, Computer Awareness,English,No,
Sikkim Board,4th Grade, General Knowledge,English,No,
Sikkim Board,4th Grade, Moral Education,English,No,
Sikkim Board,4th Grade, Physical Education,English,No,
Sikkim Board,4th Grade, Art & Craft,English,No,
Sikkim Board,4th Grade, Work Education,English,No,
Sikkim Board,4th Grade, English,English,No,
Sikkim Board,4th Grade, Nepali,English,No,
Sikkim Board,4th Grade, Hindi,English,No,
Sikkim Board,4th Grade, Lepcha,English,No,
Sikkim Board,4th Grade, Bhutia,English,No,
Sikkim Board,5th Grade,Mathematics,English,No,
Sikkim Board,5th Grade, Environmental Studies,English,No,
Sikkim Board,5th Grade, Computer Awareness,English,No,
Sikkim Board,5th Grade, General Knowledge,English,No,
Sikkim Board,5th Grade, Moral Education,English,No,
Sikkim Board,5th Grade, Physical Education,English,No,
Sikkim Board,5th Grade, Art & Craft,English,No,
Sikkim Board,5th Grade, Work Education,English,No,
Sikkim Board,5th Grade, English,English,No,
Sikkim Board,5th Grade, Nepali,English,No,
Sikkim Board,5th Grade, Hindi,English,No,
Sikkim Board,5th Grade, Lepcha,English,No,
Sikkim Board,5th Grade, Bhutia,English,No,
Sikkim Board,6th Grade,Mathematics,English,Yes,
Sikkim Board,6th Grade, Science,English,Yes,
Sikkim Board,6th Grade, Social Science,English,Partial,Partial Coverage of Lessons and Videos
Sikkim Board,6th Grade,Environmental Studies,English,No,
Sikkim Board,6th Grade, Computer Education,English,No,
Sikkim Board,6th Grade, Physical Education,English,No,
Sikkim Board,6th Grade, Art Education,English,No,
Sikkim Board,6th Grade, Work Education,English,No,
Sikkim Board,6th Grade, English,English,No,
Sikkim Board,6th Grade, Nepali,English,No,
Sikkim Board,6th Grade, Hindi,English,No,
Sikkim Board,6th Grade, Lepcha,English,No,
Sikkim Board,6th Grade, Bhutia,English,No,
Sikkim Board,7th Grade,Mathematics,English,Yes,
Sikkim Board,7th Grade, Science,English,Yes,
Sikkim Board,7th Grade, Social Science,English,Partial,Partial Coverage of Lessons and Videos
Sikkim Board,7th Grade,Environmental Studies,English,No,
Sikkim Board,7th Grade, Computer Education,English,No,
Sikkim Board,7th Grade, Physical Education,English,No,
Sikkim Board,7th Grade, Art Education,English,No,
Sikkim Board,7th Grade, Work Education,English,No,
Sikkim Board,7th Grade, English,English,No,
Sikkim Board,7th Grade, Nepali,English,No,
Sikkim Board,7th Grade, Hindi,English,No,
Sikkim Board,7th Grade, Lepcha,English,No,
Sikkim Board,7th Grade, Bhutia,English,No,
Sikkim Board,8th Grade,Mathematics,English,Yes,
Sikkim Board,8th Grade, Science,English,Yes,
Sikkim Board,8th Grade, Social Science,English,Partial,Partial Coverage of Lessons and Videos
Sikkim Board,8th Grade,Environmental Studies,English,No,
Sikkim Board,8th Grade, Computer Education,English,No,
Sikkim Board,8th Grade, Physical Education,English,No,
Sikkim Board,8th Grade, Art Education,English,No,
Sikkim Board,8th Grade, Work Education,English,No,
Sikkim Board,8th Grade, English,English,No,
Sikkim Board,8th Grade, Nepali,English,No,
Sikkim Board,8th Grade, Hindi,English,No,
Sikkim Board,8th Grade, Lepcha,English,No,
Sikkim Board,8th Grade, Bhutia,English,No,
Sikkim Board,9th Grade,Mathematics,English,Yes,
Sikkim Board,9th Grade, Science,English,Yes,
Sikkim Board,9th Grade, Social Science,English,Yes,
Sikkim Board,9th Grade,Environmental Studies,English,No,
Sikkim Board,9th Grade, Computer Education,English,No,
Sikkim Board,9th Grade, Physical Education,English,No,
Sikkim Board,9th Grade, Art Education,English,No,
Sikkim Board,9th Grade, Work Education,English,No,
Sikkim Board,9th Grade, English,English,No,
Sikkim Board,9th Grade, Nepali,English,No,
Sikkim Board,9th Grade, Hindi,English,No,
Sikkim Board,9th Grade, Lepcha,English,No,
Sikkim Board,9th Grade, Bhutia,English,No,
Sikkim Board,10th Grade,Mathematics,English,Yes,
Sikkim Board,10th Grade, Science,English,Yes,
Sikkim Board,10th Grade, Social Science,English,Yes,
Sikkim Board,10th Grade,Environmental Studies,English,No,
Sikkim Board,10th Grade, Computer Education,English,No,
Sikkim Board,10th Grade, Physical Education,English,No,
Sikkim Board,10th Grade, Art Education,English,No,
Sikkim Board,10th Grade, Work Education,English,No,
Sikkim Board,10th Grade, English,English,No,
Sikkim Board,10th Grade, Nepali,English,No,
Sikkim Board,10th Grade, Hindi,English,No,
Sikkim Board,10th Grade, Lepcha,English,No,
Sikkim Board,10th Grade, Bhutia,English,No,
Sikkim Board,11th Grade,Physics,English,Yes,
Sikkim Board,11th Grade, Chemistry,English,Yes,
Sikkim Board,11th Grade, Mathematics,English,Yes,
Sikkim Board,11th Grade, Biology,English,Yes,
Sikkim Board,11th Grade,Computer Science,English,No,
Sikkim Board,11th Grade, Environmental Science,English,No,
Sikkim Board,11th Grade, Economics,English,No,
Sikkim Board,11th Grade, History,English,No,
Sikkim Board,11th Grade, Geography,English,No,
Sikkim Board,11th Grade, Political Science,English,No,
Sikkim Board,11th Grade, Sociology,English,No,
Sikkim Board,11th Grade, Psychology,English,No,
Sikkim Board,11th Grade, Education,English,No,
Sikkim Board,11th Grade, Home Science,English,No,
Sikkim Board,11th Grade, Physical Education,English,No,
Sikkim Board,11th Grade, Accountancy,English,No,
Sikkim Board,11th Grade, Business Studies,English,No,
Sikkim Board,11th Grade, Entrepreneurship,English,No,
Sikkim Board,11th Grade, Statistics,English,No,
Sikkim Board,11th Grade, English,English,No,
Sikkim Board,11th Grade, Nepali,English,No,
Sikkim Board,11th Grade, Hindi,English,No,
Sikkim Board,11th Grade, Lepcha,English,No,
Sikkim Board,11th Grade, Bhutia,English,No,
Sikkim Board,12th Grade,Physics,English,Yes,
Sikkim Board,12th Grade, Chemistry,English,Yes,
Sikkim Board,12th Grade, Mathematics,English,Yes,
Sikkim Board,12th Grade, Biology,English,Yes,
Sikkim Board,12th Grade,Computer Science,English,No,
Sikkim Board,12th Grade, Environmental Science,English,No,
Sikkim Board,12th Grade, Economics,English,No,
Sikkim Board,12th Grade, History,English,No,
Sikkim Board,12th Grade, Geography,English,No,
Sikkim Board,12th Grade, Political Science,English,No,
Sikkim Board,12th Grade, Sociology,English,No,
Sikkim Board,12th Grade, Psychology,English,No,
Sikkim Board,12th Grade, Education,English,No,
Sikkim Board,12th Grade, Home Science,English,No,
Sikkim Board,12th Grade, Physical Education,English,No,
Sikkim Board,12th Grade, Accountancy,English,No,
Sikkim Board,12th Grade, Business Studies,English,No,
Sikkim Board,12th Grade, Entrepreneurship,English,No,
Sikkim Board,12th Grade, Statistics,English,No,
Sikkim Board,12th Grade, English,English,No,
Sikkim Board,12th Grade, Nepali,English,No,
Sikkim Board,12th Grade, Hindi,English,No,
Sikkim Board,12th Grade, Lepcha,English,No,
Sikkim Board,12th Grade, Bhutia,English,No,
Tamil Nadu Board,1st Grade,Mathematics,English,No,
Tamil Nadu Board,1st Grade, Environmental Studies,English,No,
Tamil Nadu Board,1st Grade, Computer Science,English,No,
Tamil Nadu Board,1st Grade, General Knowledge,English,No,
Tamil Nadu Board,1st Grade, Moral Education,English,No,
Tamil Nadu Board,1st Grade, Physical Education,English,No,
Tamil Nadu Board,1st Grade, Art & Craft,English,No,
Tamil Nadu Board,1st Grade, Work Education,English,No,
Tamil Nadu Board,1st Grade, English,English,No,
Tamil Nadu Board,1st Grade, Tamil,English,No,
Tamil Nadu Board,1st Grade, Hindi,English,No,
Tamil Nadu Board,1st Grade, Telugu,English,No,
Tamil Nadu Board,1st Grade, Kannada,English,No,
Tamil Nadu Board,1st Grade, Malayalam,English,No,
Tamil Nadu Board,1st Grade, Urdu,English,No,
Tamil Nadu Board,2nd Grade,Mathematics,English,No,
Tamil Nadu Board,2nd Grade, Environmental Studies,English,No,
Tamil Nadu Board,2nd Grade, Computer Science,English,No,
Tamil Nadu Board,2nd Grade, General Knowledge,English,No,
Tamil Nadu Board,2nd Grade, Moral Education,English,No,
Tamil Nadu Board,2nd Grade, Physical Education,English,No,
Tamil Nadu Board,2nd Grade, Art & Craft,English,No,
Tamil Nadu Board,2nd Grade, Work Education,English,No,
Tamil Nadu Board,2nd Grade, English,English,No,
Tamil Nadu Board,2nd Grade, Tamil,English,No,
Tamil Nadu Board,2nd Grade, Hindi,English,No,
Tamil Nadu Board,2nd Grade, Telugu,English,No,
Tamil Nadu Board,2nd Grade, Kannada,English,No,
Tamil Nadu Board,2nd Grade, Malayalam,English,No,
Tamil Nadu Board,2nd Grade, Urdu,English,No,
Tamil Nadu Board,3rd Grade,Mathematics,English,No,
Tamil Nadu Board,3rd Grade, Environmental Studies,English,No,
Tamil Nadu Board,3rd Grade, Computer Science,English,No,
Tamil Nadu Board,3rd Grade, General Knowledge,English,No,
Tamil Nadu Board,3rd Grade, Moral Education,English,No,
Tamil Nadu Board,3rd Grade, Physical Education,English,No,
Tamil Nadu Board,3rd Grade, Art & Craft,English,No,
Tamil Nadu Board,3rd Grade, Work Education,English,No,
Tamil Nadu Board,3rd Grade, English,English,No,
Tamil Nadu Board,3rd Grade, Tamil,English,No,
Tamil Nadu Board,3rd Grade, Hindi,English,No,
Tamil Nadu Board,3rd Grade, Telugu,English,No,
Tamil Nadu Board,3rd Grade, Kannada,English,No,
Tamil Nadu Board,3rd Grade, Malayalam,English,No,
Tamil Nadu Board,3rd Grade, Urdu,English,No,
Tamil Nadu Board,4th Grade,Mathematics,English,No,
Tamil Nadu Board,4th Grade, Environmental Studies,English,No,
Tamil Nadu Board,4th Grade, Computer Science,English,No,
Tamil Nadu Board,4th Grade, General Knowledge,English,No,
Tamil Nadu Board,4th Grade, Moral Education,English,No,
Tamil Nadu Board,4th Grade, Physical Education,English,No,
Tamil Nadu Board,4th Grade, Art & Craft,English,No,
Tamil Nadu Board,4th Grade, Work Education,English,No,
Tamil Nadu Board,4th Grade, English,English,No,
Tamil Nadu Board,4th Grade, Tamil,English,No,
Tamil Nadu Board,4th Grade, Hindi,English,No,
Tamil Nadu Board,4th Grade, Telugu,English,No,
Tamil Nadu Board,4th Grade, Kannada,English,No,
Tamil Nadu Board,4th Grade, Malayalam,English,No,
Tamil Nadu Board,4th Grade, Urdu,English,No,
Tamil Nadu Board,5th Grade,Mathematics,English,No,
Tamil Nadu Board,5th Grade, Environmental Studies,English,No,
Tamil Nadu Board,5th Grade, Computer Science,English,No,
Tamil Nadu Board,5th Grade, General Knowledge,English,No,
Tamil Nadu Board,5th Grade, Moral Education,English,No,
Tamil Nadu Board,5th Grade, Physical Education,English,No,
Tamil Nadu Board,5th Grade, Art & Craft,English,No,
Tamil Nadu Board,5th Grade, Work Education,English,No,
Tamil Nadu Board,5th Grade, English,English,No,
Tamil Nadu Board,5th Grade, Tamil,English,No,
Tamil Nadu Board,5th Grade, Hindi,English,No,
Tamil Nadu Board,5th Grade, Telugu,English,No,
Tamil Nadu Board,5th Grade, Kannada,English,No,
Tamil Nadu Board,5th Grade, Malayalam,English,No,
Tamil Nadu Board,5th Grade, Urdu,English,No,
Tamil Nadu Board,6th Grade,Mathematics,English,Partial,Partial Coverage of lessons and videos
Tamil Nadu Board,6th Grade, Science,English,Yes,
Tamil Nadu Board,6th Grade, Social Science,English,Partial,"Deficiency of Videos, Lessons and Pvt Publication Books"
Tamil Nadu Board,6th Grade, Environmental Studies,English,No,
Tamil Nadu Board,6th Grade, Computer Science,English,No,
Tamil Nadu Board,6th Grade, Physical Education,English,No,
Tamil Nadu Board,6th Grade, Art Education,English,No,
Tamil Nadu Board,6th Grade, Work Education,English,No,
Tamil Nadu Board,6th Grade, English,English,No,
Tamil Nadu Board,6th Grade, Tamil,English,No,
Tamil Nadu Board,6th Grade, Hindi,English,No,
Tamil Nadu Board,6th Grade, Sanskrit,English,No,
Tamil Nadu Board,6th Grade, Telugu,English,No,
Tamil Nadu Board,6th Grade, Kannada,English,No,
Tamil Nadu Board,6th Grade, Malayalam,English,No,
Tamil Nadu Board,6th Grade, Urdu,English,No,
Tamil Nadu Board,6th Grade, French,English,No,
Tamil Nadu Board,7th Grade,Mathematics,English,Yes,
Tamil Nadu Board,7th Grade, Science,English,Yes,
Tamil Nadu Board,7th Grade, Social Science,English,Partial,"Deficiency of Videos, Lessons and Pvt Publication Books"
Tamil Nadu Board,7th Grade, Environmental Studies,English,No,
Tamil Nadu Board,7th Grade, Computer Science,English,No,
Tamil Nadu Board,7th Grade, Physical Education,English,No,
Tamil Nadu Board,7th Grade, Art Education,English,No,
Tamil Nadu Board,7th Grade, Work Education,English,No,
Tamil Nadu Board,7th Grade, English,English,No,
Tamil Nadu Board,7th Grade, Tamil,English,No,
Tamil Nadu Board,7th Grade, Hindi,English,No,
Tamil Nadu Board,7th Grade, Sanskrit,English,No,
Tamil Nadu Board,7th Grade, Telugu,English,No,
Tamil Nadu Board,7th Grade, Kannada,English,No,
Tamil Nadu Board,7th Grade, Malayalam,English,No,
Tamil Nadu Board,7th Grade, Urdu,English,No,
Tamil Nadu Board,7th Grade, French,English,No,
Tamil Nadu Board,8th Grade,Mathematics,English,Partial,Partial Coverage of lessons and videos
Tamil Nadu Board,8th Grade, Science,English,Partial,Partial Coverage of lessons and videos
Tamil Nadu Board,8th Grade, Social Science,English,Partial,"Deficiency of Videos, Lessons and Pvt Publication Books"
Tamil Nadu Board,8th Grade, Environmental Studies,English,No,
Tamil Nadu Board,8th Grade, Computer Science,English,No,
Tamil Nadu Board,8th Grade, Physical Education,English,No,
Tamil Nadu Board,8th Grade, Art Education,English,No,
Tamil Nadu Board,8th Grade, Work Education,English,No,
Tamil Nadu Board,8th Grade, English,English,No,
Tamil Nadu Board,8th Grade, Tamil,English,No,
Tamil Nadu Board,8th Grade, Hindi,English,No,
Tamil Nadu Board,8th Grade, Sanskrit,English,No,
Tamil Nadu Board,8th Grade, Telugu,English,No,
Tamil Nadu Board,8th Grade, Kannada,English,No,
Tamil Nadu Board,8th Grade, Malayalam,English,No,
Tamil Nadu Board,8th Grade, Urdu,English,No,
Tamil Nadu Board,8th Grade, French,English,No,
Tamil Nadu Board,9th Grade,Mathematics,English,Yes,
Tamil Nadu Board,9th Grade, Science,English,Yes,
Tamil Nadu Board,9th Grade, Social Science,English,Partial,"Deficiency of Videos, Lessons and Pvt Publication Books"
Tamil Nadu Board,9th Grade, Environmental Studies,English,No,
Tamil Nadu Board,9th Grade, Computer Science,English,No,
Tamil Nadu Board,9th Grade, Physical Education,English,No,
Tamil Nadu Board,9th Grade, Art Education,English,No,
Tamil Nadu Board,9th Grade, Work Education,English,No,
Tamil Nadu Board,9th Grade, English,English,No,
Tamil Nadu Board,9th Grade, Tamil,English,No,
Tamil Nadu Board,9th Grade, Hindi,English,No,
Tamil Nadu Board,9th Grade, Sanskrit,English,No,
Tamil Nadu Board,9th Grade, Telugu,English,No,
Tamil Nadu Board,9th Grade, Kannada,English,No,
Tamil Nadu Board,9th Grade, Malayalam,English,No,
Tamil Nadu Board,9th Grade, Urdu,English,No,
Tamil Nadu Board,9th Grade, French,English,No,
Tamil Nadu Board,10th Grade,Mathematics,English,Yes,
Tamil Nadu Board,10th Grade, Science,English,Yes,
Tamil Nadu Board,10th Grade, Social Science,English,Partial,"Deficiency of Videos, Lessons and Pvt Publication Books"
Tamil Nadu Board,10th Grade, Environmental Studies,English,No,
Tamil Nadu Board,10th Grade, Computer Science,English,No,
Tamil Nadu Board,10th Grade, Physical Education,English,No,
Tamil Nadu Board,10th Grade, Art Education,English,No,
Tamil Nadu Board,10th Grade, Work Education,English,No,
Tamil Nadu Board,10th Grade, English,English,No,
Tamil Nadu Board,10th Grade, Tamil,English,No,
Tamil Nadu Board,10th Grade, Hindi,English,No,
Tamil Nadu Board,10th Grade, Sanskrit,English,No,
Tamil Nadu Board,10th Grade, Telugu,English,No,
Tamil Nadu Board,10th Grade, Kannada,English,No,
Tamil Nadu Board,10th Grade, Malayalam,English,No,
Tamil Nadu Board,10th Grade, Urdu,English,No,
Tamil Nadu Board,10th Grade, French,English,No,
Tamil Nadu Board,11th Grade,Physics,English,Yes,
Tamil Nadu Board,11th Grade, Chemistry,English,Yes,
Tamil Nadu Board,11th Grade, Mathematics,English,Partial,Partial Coverage of lessons and videos
Tamil Nadu Board,11th Grade, Biology,English,Yes,
Tamil Nadu Board,11th Grade,Computer Science,English,No,
Tamil Nadu Board,11th Grade, Computer Applications,English,No,
Tamil Nadu Board,11th Grade, Bio-Technology,English,No,
Tamil Nadu Board,11th Grade, Environmental Science,English,No,
Tamil Nadu Board,11th Grade, Economics,English,No,
Tamil Nadu Board,11th Grade, History,English,No,
Tamil Nadu Board,11th Grade, Geography,English,No,
Tamil Nadu Board,11th Grade, Political Science,English,No,
Tamil Nadu Board,11th Grade, Sociology,English,No,
Tamil Nadu Board,11th Grade, Psychology,English,No,
Tamil Nadu Board,11th Grade, Philosophy,English,No,
Tamil Nadu Board,11th Grade, Home Science,English,No,
Tamil Nadu Board,11th Grade, Nutrition & Dietetics,English,No,
Tamil Nadu Board,11th Grade, Communicative English,English,No,
Tamil Nadu Board,11th Grade, Physical Education,English,No,
Tamil Nadu Board,11th Grade, Accountancy,English,No,
Tamil Nadu Board,11th Grade, Commerce,English,No,
Tamil Nadu Board,11th Grade, Business Mathematics & Statistics,English,No,
Tamil Nadu Board,11th Grade, English,English,No,
Tamil Nadu Board,11th Grade, Tamil,English,No,
Tamil Nadu Board,11th Grade, Hindi,English,No,
Tamil Nadu Board,11th Grade, Sanskrit,English,No,
Tamil Nadu Board,11th Grade, Telugu,English,No,
Tamil Nadu Board,11th Grade, Kannada,English,No,
Tamil Nadu Board,11th Grade, Malayalam,English,No,
Tamil Nadu Board,11th Grade, Urdu,English,No,
Tamil Nadu Board,11th Grade, French,English,No,
Tamil Nadu Board,12th Grade,Physics,English,Yes,
Tamil Nadu Board,12th Grade, Chemistry,English,Yes,
Tamil Nadu Board,12th Grade, Mathematics,English,Yes,
Tamil Nadu Board,12th Grade, Biology,English,Yes,
Tamil Nadu Board,12th Grade,Computer Science,English,No,
Tamil Nadu Board,12th Grade, Computer Applications,English,No,
Tamil Nadu Board,12th Grade, Bio-Technology,English,No,
Tamil Nadu Board,12th Grade, Environmental Science,English,No,
Tamil Nadu Board,12th Grade, Economics,English,No,
Tamil Nadu Board,12th Grade, History,English,No,
Tamil Nadu Board,12th Grade, Geography,English,No,
Tamil Nadu Board,12th Grade, Political Science,English,No,
Tamil Nadu Board,12th Grade, Sociology,English,No,
Tamil Nadu Board,12th Grade, Psychology,English,No,
Tamil Nadu Board,12th Grade, Philosophy,English,No,
Tamil Nadu Board,12th Grade, Home Science,English,No,
Tamil Nadu Board,12th Grade, Nutrition & Dietetics,English,No,
Tamil Nadu Board,12th Grade, Communicative English,English,No,
Tamil Nadu Board,12th Grade, Physical Education,English,No,
Tamil Nadu Board,12th Grade, Accountancy,English,No,
Tamil Nadu Board,12th Grade, Commerce,English,No,
Tamil Nadu Board,12th Grade, Business Mathematics & Statistics,English,No,
Tamil Nadu Board,12th Grade, English,English,No,
Tamil Nadu Board,12th Grade, Tamil,English,No,
Tamil Nadu Board,12th Grade, Hindi,English,No,
Tamil Nadu Board,12th Grade, Sanskrit,English,No,
Tamil Nadu Board,12th Grade, Telugu,English,No,
Tamil Nadu Board,12th Grade, Kannada,English,No,
Tamil Nadu Board,12th Grade, Malayalam,English,No,
Tamil Nadu Board,12th Grade, Urdu,English,No,
Tamil Nadu Board,12th Grade, French,English,No,
Tamil Nadu Board,1st Grade,Mathematics,Tamil,No,
Tamil Nadu Board,1st Grade, Environmental Studies,Tamil,No,
Tamil Nadu Board,1st Grade, Computer Science,Tamil,No,
Tamil Nadu Board,1st Grade, General Knowledge,Tamil,No,
Tamil Nadu Board,1st Grade, Moral Education,Tamil,No,
Tamil Nadu Board,1st Grade, Physical Education,Tamil,No,
Tamil Nadu Board,1st Grade, Art & Craft,Tamil,No,
Tamil Nadu Board,1st Grade, Work Education,Tamil,No,
Tamil Nadu Board,1st Grade, English,Tamil,No,
Tamil Nadu Board,1st Grade, Tamil,Tamil,No,
Tamil Nadu Board,1st Grade, Hindi,Tamil,No,
Tamil Nadu Board,1st Grade, Telugu,Tamil,No,
Tamil Nadu Board,1st Grade, Kannada,Tamil,No,
Tamil Nadu Board,1st Grade, Malayalam,Tamil,No,
Tamil Nadu Board,1st Grade, Urdu,Tamil,No,
Tamil Nadu Board,2nd Grade,Mathematics,Tamil,No,
Tamil Nadu Board,2nd Grade, Environmental Studies,Tamil,No,
Tamil Nadu Board,2nd Grade, Computer Science,Tamil,No,
Tamil Nadu Board,2nd Grade, General Knowledge,Tamil,No,
Tamil Nadu Board,2nd Grade, Moral Education,Tamil,No,
Tamil Nadu Board,2nd Grade, Physical Education,Tamil,No,
Tamil Nadu Board,2nd Grade, Art & Craft,Tamil,No,
Tamil Nadu Board,2nd Grade, Work Education,Tamil,No,
Tamil Nadu Board,2nd Grade, English,Tamil,No,
Tamil Nadu Board,2nd Grade, Tamil,Tamil,No,
Tamil Nadu Board,2nd Grade, Hindi,Tamil,No,
Tamil Nadu Board,2nd Grade, Telugu,Tamil,No,
Tamil Nadu Board,2nd Grade, Kannada,Tamil,No,
Tamil Nadu Board,2nd Grade, Malayalam,Tamil,No,
Tamil Nadu Board,2nd Grade, Urdu,Tamil,No,
Tamil Nadu Board,3rd Grade,Mathematics,Tamil,No,
Tamil Nadu Board,3rd Grade, Environmental Studies,Tamil,No,
Tamil Nadu Board,3rd Grade, Computer Science,Tamil,No,
Tamil Nadu Board,3rd Grade, General Knowledge,Tamil,No,
Tamil Nadu Board,3rd Grade, Moral Education,Tamil,No,
Tamil Nadu Board,3rd Grade, Physical Education,Tamil,No,
Tamil Nadu Board,3rd Grade, Art & Craft,Tamil,No,
Tamil Nadu Board,3rd Grade, Work Education,Tamil,No,
Tamil Nadu Board,3rd Grade, English,Tamil,No,
Tamil Nadu Board,3rd Grade, Tamil,Tamil,No,
Tamil Nadu Board,3rd Grade, Hindi,Tamil,No,
Tamil Nadu Board,3rd Grade, Telugu,Tamil,No,
Tamil Nadu Board,3rd Grade, Kannada,Tamil,No,
Tamil Nadu Board,3rd Grade, Malayalam,Tamil,No,
Tamil Nadu Board,3rd Grade, Urdu,Tamil,No,
Tamil Nadu Board,4th Grade,Mathematics,Tamil,No,
Tamil Nadu Board,4th Grade, Environmental Studies,Tamil,No,
Tamil Nadu Board,4th Grade, Computer Science,Tamil,No,
Tamil Nadu Board,4th Grade, General Knowledge,Tamil,No,
Tamil Nadu Board,4th Grade, Moral Education,Tamil,No,
Tamil Nadu Board,4th Grade, Physical Education,Tamil,No,
Tamil Nadu Board,4th Grade, Art & Craft,Tamil,No,
Tamil Nadu Board,4th Grade, Work Education,Tamil,No,
Tamil Nadu Board,4th Grade, English,Tamil,No,
Tamil Nadu Board,4th Grade, Tamil,Tamil,No,
Tamil Nadu Board,4th Grade, Hindi,Tamil,No,
Tamil Nadu Board,4th Grade, Telugu,Tamil,No,
Tamil Nadu Board,4th Grade, Kannada,Tamil,No,
Tamil Nadu Board,4th Grade, Malayalam,Tamil,No,
Tamil Nadu Board,4th Grade, Urdu,Tamil,No,
Tamil Nadu Board,5th Grade,Mathematics,Tamil,No,
Tamil Nadu Board,5th Grade, Environmental Studies,Tamil,No,
Tamil Nadu Board,5th Grade, Computer Science,Tamil,No,
Tamil Nadu Board,5th Grade, General Knowledge,Tamil,No,
Tamil Nadu Board,5th Grade, Moral Education,Tamil,No,
Tamil Nadu Board,5th Grade, Physical Education,Tamil,No,
Tamil Nadu Board,5th Grade, Art & Craft,Tamil,No,
Tamil Nadu Board,5th Grade, Work Education,Tamil,No,
Tamil Nadu Board,5th Grade, English,Tamil,No,
Tamil Nadu Board,5th Grade, Tamil,Tamil,No,
Tamil Nadu Board,5th Grade, Hindi,Tamil,No,
Tamil Nadu Board,5th Grade, Telugu,Tamil,No,
Tamil Nadu Board,5th Grade, Kannada,Tamil,No,
Tamil Nadu Board,5th Grade, Malayalam,Tamil,No,
Tamil Nadu Board,5th Grade, Urdu,Tamil,No,
Tamil Nadu Board,6th Grade,Mathematics,Tamil,Partial,"Partial Coverage of videos, lessons and private publishers"
Tamil Nadu Board,6th Grade, Science,Tamil,Partial,"Partial Coverage of videos, lessons and private publishers"
Tamil Nadu Board,6th Grade, Social Science,Tamil,No,
Tamil Nadu Board,6th Grade, Environmental Studies,Tamil,No,
Tamil Nadu Board,6th Grade, Computer Science,Tamil,No,
Tamil Nadu Board,6th Grade, Physical Education,Tamil,No,
Tamil Nadu Board,6th Grade, Art Education,Tamil,No,
Tamil Nadu Board,6th Grade, Work Education,Tamil,No,
Tamil Nadu Board,6th Grade, English,Tamil,No,
Tamil Nadu Board,6th Grade, Tamil,Tamil,No,
Tamil Nadu Board,6th Grade, Hindi,Tamil,No,
Tamil Nadu Board,6th Grade, Sanskrit,Tamil,No,
Tamil Nadu Board,6th Grade, Telugu,Tamil,No,
Tamil Nadu Board,6th Grade, Kannada,Tamil,No,
Tamil Nadu Board,6th Grade, Malayalam,Tamil,No,
Tamil Nadu Board,6th Grade, Urdu,Tamil,No,
Tamil Nadu Board,6th Grade, French,Tamil,No,
Tamil Nadu Board,7th Grade,Mathematics,Tamil,Partial,"Partial Coverage of videos, lessons and private publishers"
Tamil Nadu Board,7th Grade, Science,Tamil,Partial,"Partial Coverage of videos, lessons and private publishers"
Tamil Nadu Board,7th Grade, Social Science,Tamil,No,
Tamil Nadu Board,7th Grade, Environmental Studies,Tamil,No,
Tamil Nadu Board,7th Grade, Computer Science,Tamil,No,
Tamil Nadu Board,7th Grade, Physical Education,Tamil,No,
Tamil Nadu Board,7th Grade, Art Education,Tamil,No,
Tamil Nadu Board,7th Grade, Work Education,Tamil,No,
Tamil Nadu Board,7th Grade, English,Tamil,No,
Tamil Nadu Board,7th Grade, Tamil,Tamil,No,
Tamil Nadu Board,7th Grade, Hindi,Tamil,No,
Tamil Nadu Board,7th Grade, Sanskrit,Tamil,No,
Tamil Nadu Board,7th Grade, Telugu,Tamil,No,
Tamil Nadu Board,7th Grade, Kannada,Tamil,No,
Tamil Nadu Board,7th Grade, Malayalam,Tamil,No,
Tamil Nadu Board,7th Grade, Urdu,Tamil,No,
Tamil Nadu Board,7th Grade, French,Tamil,No,
Tamil Nadu Board,8th Grade,Mathematics,Tamil,Partial,"Partial Coverage of videos, lessons and private publishers"
Tamil Nadu Board,8th Grade, Science,Tamil,Partial,"Partial Coverage of videos, lessons and private publishers"
Tamil Nadu Board,8th Grade, Social Science,Tamil,No,
Tamil Nadu Board,8th Grade, Environmental Studies,Tamil,No,
Tamil Nadu Board,8th Grade, Computer Science,Tamil,No,
Tamil Nadu Board,8th Grade, Physical Education,Tamil,No,
Tamil Nadu Board,8th Grade, Art Education,Tamil,No,
Tamil Nadu Board,8th Grade, Work Education,Tamil,No,
Tamil Nadu Board,8th Grade, English,Tamil,No,
Tamil Nadu Board,8th Grade, Tamil,Tamil,No,
Tamil Nadu Board,8th Grade, Hindi,Tamil,No,
Tamil Nadu Board,8th Grade, Sanskrit,Tamil,No,
Tamil Nadu Board,8th Grade, Telugu,Tamil,No,
Tamil Nadu Board,8th Grade, Kannada,Tamil,No,
Tamil Nadu Board,8th Grade, Malayalam,Tamil,No,
Tamil Nadu Board,8th Grade, Urdu,Tamil,No,
Tamil Nadu Board,8th Grade, French,Tamil,No,
Tamil Nadu Board,9th Grade,Mathematics,Tamil,Partial,"Partial Coverage of videos, lessons and private publishers"
Tamil Nadu Board,9th Grade, Science,Tamil,Partial,"Partial Coverage of videos, lessons and private publishers"
Tamil Nadu Board,9th Grade, Social Science,Tamil,No,
Tamil Nadu Board,9th Grade, Environmental Studies,Tamil,No,
Tamil Nadu Board,9th Grade, Computer Science,Tamil,No,
Tamil Nadu Board,9th Grade, Physical Education,Tamil,No,
Tamil Nadu Board,9th Grade, Art Education,Tamil,No,
Tamil Nadu Board,9th Grade, Work Education,Tamil,No,
Tamil Nadu Board,9th Grade, English,Tamil,No,
Tamil Nadu Board,9th Grade, Tamil,Tamil,No,
Tamil Nadu Board,9th Grade, Hindi,Tamil,No,
Tamil Nadu Board,9th Grade, Sanskrit,Tamil,No,
Tamil Nadu Board,9th Grade, Telugu,Tamil,No,
Tamil Nadu Board,9th Grade, Kannada,Tamil,No,
Tamil Nadu Board,9th Grade, Malayalam,Tamil,No,
Tamil Nadu Board,9th Grade, Urdu,Tamil,No,
Tamil Nadu Board,9th Grade, French,Tamil,No,
Tamil Nadu Board,10th Grade,Mathematics,Tamil,Partial,"Partial Coverage of videos, lessons and private publishers"
Tamil Nadu Board,10th Grade, Science,Tamil,Partial,"Partial Coverage of videos, lessons and private publishers"
Tamil Nadu Board,10th Grade, Social Science,Tamil,No,
Tamil Nadu Board,10th Grade, Environmental Studies,Tamil,No,
Tamil Nadu Board,10th Grade, Computer Science,Tamil,No,
Tamil Nadu Board,10th Grade, Physical Education,Tamil,No,
Tamil Nadu Board,10th Grade, Art Education,Tamil,No,
Tamil Nadu Board,10th Grade, Work Education,Tamil,No,
Tamil Nadu Board,10th Grade, English,Tamil,No,
Tamil Nadu Board,10th Grade, Tamil,Tamil,No,
Tamil Nadu Board,10th Grade, Hindi,Tamil,No,
Tamil Nadu Board,10th Grade, Sanskrit,Tamil,No,
Tamil Nadu Board,10th Grade, Telugu,Tamil,No,
Tamil Nadu Board,10th Grade, Kannada,Tamil,No,
Tamil Nadu Board,10th Grade, Malayalam,Tamil,No,
Tamil Nadu Board,10th Grade, Urdu,Tamil,No,
Tamil Nadu Board,10th Grade, French,Tamil,No,
Tamil Nadu Board,11th Grade,Physics,Tamil,Partial,"Partial Coverage of videos, lessons and private publishers"
Tamil Nadu Board,11th Grade, Chemistry,Tamil,Partial,"Partial Coverage of videos, lessons and private publishers"
Tamil Nadu Board,11th Grade, Mathematics,Tamil,Partial,"Partial Coverage of videos, lessons and private publishers"
Tamil Nadu Board,11th Grade, Biology,Tamil,Partial,"Partial Coverage of videos, lessons and private publishers"
Tamil Nadu Board,11th Grade,Computer Science,Tamil,No,
Tamil Nadu Board,11th Grade, Computer Applications,Tamil,No,
Tamil Nadu Board,11th Grade, Bio-Technology,Tamil,No,
Tamil Nadu Board,11th Grade, Environmental Science,Tamil,No,
Tamil Nadu Board,11th Grade, Economics,Tamil,No,
Tamil Nadu Board,11th Grade, History,Tamil,No,
Tamil Nadu Board,11th Grade, Geography,Tamil,No,
Tamil Nadu Board,11th Grade, Political Science,Tamil,No,
Tamil Nadu Board,11th Grade, Sociology,Tamil,No,
Tamil Nadu Board,11th Grade, Psychology,Tamil,No,
Tamil Nadu Board,11th Grade, Philosophy,Tamil,No,
Tamil Nadu Board,11th Grade, Home Science,Tamil,No,
Tamil Nadu Board,11th Grade, Nutrition & Dietetics,Tamil,No,
Tamil Nadu Board,11th Grade, Communicative English,Tamil,No,
Tamil Nadu Board,11th Grade, Physical Education,Tamil,No,
Tamil Nadu Board,11th Grade, Accountancy,Tamil,No,
Tamil Nadu Board,11th Grade, Commerce,Tamil,No,
Tamil Nadu Board,11th Grade, Business Mathematics & Statistics,Tamil,No,
Tamil Nadu Board,11th Grade, English,Tamil,No,
Tamil Nadu Board,11th Grade, Tamil,Tamil,No,
Tamil Nadu Board,11th Grade, Hindi,Tamil,No,
Tamil Nadu Board,11th Grade, Sanskrit,Tamil,No,
Tamil Nadu Board,11th Grade, Telugu,Tamil,No,
Tamil Nadu Board,11th Grade, Kannada,Tamil,No,
Tamil Nadu Board,11th Grade, Malayalam,Tamil,No,
Tamil Nadu Board,11th Grade, Urdu,Tamil,No,
Tamil Nadu Board,11th Grade, French,Tamil,No,
Tamil Nadu Board,12th Grade,Physics,Tamil,Partial,"Partial Coverage of videos, lessons and private publishers"
Tamil Nadu Board,12th Grade, Chemistry,Tamil,Partial,"Partial Coverage of videos, lessons and private publishers"
Tamil Nadu Board,12th Grade, Mathematics,Tamil,Partial,"Partial Coverage of videos, lessons and private publishers"
Tamil Nadu Board,12th Grade, Biology,Tamil,Partial,"Partial Coverage of videos, lessons and private publishers"
Tamil Nadu Board,12th Grade,Computer Science,Tamil,No,
Tamil Nadu Board,12th Grade, Computer Applications,Tamil,No,
Tamil Nadu Board,12th Grade, Bio-Technology,Tamil,No,
Tamil Nadu Board,12th Grade, Environmental Science,Tamil,No,
Tamil Nadu Board,12th Grade, Economics,Tamil,No,
Tamil Nadu Board,12th Grade, History,Tamil,No,
Tamil Nadu Board,12th Grade, Geography,Tamil,No,
Tamil Nadu Board,12th Grade, Political Science,Tamil,No,
Tamil Nadu Board,12th Grade, Sociology,Tamil,No,
Tamil Nadu Board,12th Grade, Psychology,Tamil,No,
Tamil Nadu Board,12th Grade, Philosophy,Tamil,No,
Tamil Nadu Board,12th Grade, Home Science,Tamil,No,
Tamil Nadu Board,12th Grade, Nutrition & Dietetics,Tamil,No,
Tamil Nadu Board,12th Grade, Communicative English,Tamil,No,
Tamil Nadu Board,12th Grade, Physical Education,Tamil,No,
Tamil Nadu Board,12th Grade, Accountancy,Tamil,No,
Tamil Nadu Board,12th Grade, Commerce,Tamil,No,
Tamil Nadu Board,12th Grade, Business Mathematics & Statistics,Tamil,No,
Tamil Nadu Board,12th Grade, English,Tamil,No,
Tamil Nadu Board,12th Grade, Tamil,Tamil,No,
Tamil Nadu Board,12th Grade, Hindi,Tamil,No,
Tamil Nadu Board,12th Grade, Sanskrit,Tamil,No,
Tamil Nadu Board,12th Grade, Telugu,Tamil,No,
Tamil Nadu Board,12th Grade, Kannada,Tamil,No,
Tamil Nadu Board,12th Grade, Malayalam,Tamil,No,
Tamil Nadu Board,12th Grade, Urdu,Tamil,No,
Tamil Nadu Board,12th Grade, French,Tamil,No,
Telangana Board,1st Grade,Mathematics,English,No,
Telangana Board,1st Grade,Environmental Studies,English,No,
Telangana Board,1st Grade,Computer Awareness,English,No,
Telangana Board,1st Grade,General Knowledge,English,No,
Telangana Board,1st Grade,Moral Education,English,No,
Telangana Board,1st Grade,Physical Education,English,No,
Telangana Board,1st Grade,Art & Craft,English,No,
Telangana Board,1st Grade,Work Education,English,No,
Telangana Board,1st Grade,English,English,No,
Telangana Board,1st Grade,Telugu,English,No,
Telangana Board,1st Grade,Hindi,English,No,
Telangana Board,1st Grade,Urdu,English,No,
Telangana Board,2nd Grade,Mathematics,English,No,
Telangana Board,2nd Grade,Environmental Studies,English,No,
Telangana Board,2nd Grade,Computer Awareness,English,No,
Telangana Board,2nd Grade,General Knowledge,English,No,
Telangana Board,2nd Grade,Moral Education,English,No,
Telangana Board,2nd Grade,Physical Education,English,No,
Telangana Board,2nd Grade,Art & Craft,English,No,
Telangana Board,2nd Grade,Work Education,English,No,
Telangana Board,2nd Grade,English,English,No,
Telangana Board,2nd Grade,Telugu,English,No,
Telangana Board,2nd Grade,Hindi,English,No,
Telangana Board,2nd Grade,Urdu,English,No,
Telangana Board,3rd Grade,Mathematics,English,No,
Telangana Board,3rd Grade,Environmental Studies,English,No,
Telangana Board,3rd Grade,Computer Awareness,English,No,
Telangana Board,3rd Grade,General Knowledge,English,No,
Telangana Board,3rd Grade,Moral Education,English,No,
Telangana Board,3rd Grade,Physical Education,English,No,
Telangana Board,3rd Grade,Art & Craft,English,No,
Telangana Board,3rd Grade,Work Education,English,No,
Telangana Board,3rd Grade,English,English,No,
Telangana Board,3rd Grade,Telugu,English,No,
Telangana Board,3rd Grade,Hindi,English,No,
Telangana Board,3rd Grade,Urdu,English,No,
Telangana Board,4th Grade,Mathematics,English,No,
Telangana Board,4th Grade,Environmental Studies,English,No,
Telangana Board,4th Grade,Computer Awareness,English,No,
Telangana Board,4th Grade,General Knowledge,English,No,
Telangana Board,4th Grade,Moral Education,English,No,
Telangana Board,4th Grade,Physical Education,English,No,
Telangana Board,4th Grade,Art & Craft,English,No,
Telangana Board,4th Grade,Work Education,English,No,
Telangana Board,4th Grade,English,English,No,
Telangana Board,4th Grade,Telugu,English,No,
Telangana Board,4th Grade,Hindi,English,No,
Telangana Board,4th Grade,Urdu,English,No,
Telangana Board,5th Grade,Mathematics,English,No,
Telangana Board,5th Grade,Environmental Studies,English,No,
Telangana Board,5th Grade,Computer Awareness,English,No,
Telangana Board,5th Grade,General Knowledge,English,No,
Telangana Board,5th Grade,Moral Education,English,No,
Telangana Board,5th Grade,Physical Education,English,No,
Telangana Board,5th Grade,Art & Craft,English,No,
Telangana Board,5th Grade,Work Education,English,No,
Telangana Board,5th Grade,English,English,No,
Telangana Board,5th Grade,Telugu,English,No,
Telangana Board,5th Grade,Hindi,English,No,
Telangana Board,5th Grade,Urdu,English,No,
Telangana Board,6th Grade,Mathematics,English,Yes,
Telangana Board,6th Grade,Science,English,Yes,
Telangana Board,6th Grade,Physical Science,English,No,
Telangana Board,6th Grade,Social Studies,English,No,
Telangana Board,6th Grade,Computer Education,English,No,
Telangana Board,6th Grade,Physical Education,English,No,
Telangana Board,6th Grade,Art Education,English,No,
Telangana Board,6th Grade,Work Education,English,No,
Telangana Board,6th Grade,English,English,No,
Telangana Board,6th Grade,Telugu,English,No,
Telangana Board,6th Grade,Hindi,English,No,
Telangana Board,6th Grade,Urdu,English,No,
Telangana Board,6th Grade,Sanskrit,English,No,
Telangana Board,7th Grade,Mathematics,English,Yes,
Telangana Board,7th Grade,Science,English,Yes,
Telangana Board,7th Grade,Physical Science,English,No,
Telangana Board,7th Grade,Social Studies,English,No,
Telangana Board,7th Grade,Computer Education,English,No,
Telangana Board,7th Grade,Physical Education,English,No,
Telangana Board,7th Grade,Art Education,English,No,
Telangana Board,7th Grade,Work Education,English,No,
Telangana Board,7th Grade,English,English,No,
Telangana Board,7th Grade,Telugu,English,No,
Telangana Board,7th Grade,Hindi,English,No,
Telangana Board,7th Grade,Urdu,English,No,
Telangana Board,7th Grade,Sanskrit,English,No,
Telangana Board,8th Grade,Mathematics,English,Yes,
Telangana Board,8th Grade,Science,English,Yes,
Telangana Board,8th Grade,Physical Science,English,No,
Telangana Board,8th Grade,Social Studies,English,No,
Telangana Board,8th Grade,Computer Education,English,No,
Telangana Board,8th Grade,Physical Education,English,No,
Telangana Board,8th Grade,Art Education,English,No,
Telangana Board,8th Grade,Work Education,English,No,
Telangana Board,8th Grade,English,English,No,
Telangana Board,8th Grade,Telugu,English,No,
Telangana Board,8th Grade,Hindi,English,No,
Telangana Board,8th Grade,Urdu,English,No,
Telangana Board,8th Grade,Sanskrit,English,No,
Telangana Board,9th Grade,Mathematics,English,Yes,
Telangana Board,9th Grade,Science,English,Yes,
Telangana Board,9th Grade,Physical Science,English,No,
Telangana Board,9th Grade,Social Studies,English,No,
Telangana Board,9th Grade,Computer Education,English,No,
Telangana Board,9th Grade,Physical Education,English,No,
Telangana Board,9th Grade,Art Education,English,No,
Telangana Board,9th Grade,Work Education,English,No,
Telangana Board,9th Grade,English,English,No,
Telangana Board,9th Grade,Telugu,English,No,
Telangana Board,9th Grade,Hindi,English,No,
Telangana Board,9th Grade,Urdu,English,No,
Telangana Board,9th Grade,Sanskrit,English,No,
Telangana Board,10th Grade,Mathematics,English,Yes,
Telangana Board,10th Grade,Science,English,Yes,
Telangana Board,10th Grade,Physical Science,English,No,
Telangana Board,10th Grade,Social Studies,English,No,
Telangana Board,10th Grade,Computer Education,English,No,
Telangana Board,10th Grade,Physical Education,English,No,
Telangana Board,10th Grade,Art Education,English,No,
Telangana Board,10th Grade,Work Education,English,No,
Telangana Board,10th Grade,English,English,No,
Telangana Board,10th Grade,Telugu,English,No,
Telangana Board,10th Grade,Hindi,English,No,
Telangana Board,10th Grade,Urdu,English,No,
Telangana Board,10th Grade,Sanskrit,English,No,
Telangana Board,11th Grade,Physics,English,Yes,
Telangana Board,11th Grade,Chemistry,English,Yes,
Telangana Board,11th Grade,Mathematics,English,Yes,
Telangana Board,11th Grade,Biology,English,Yes,
Telangana Board,11th Grade,Computer Science,English,No,
Telangana Board,11th Grade,Electronics,English,No,
Telangana Board,11th Grade,Economics,English,No,
Telangana Board,11th Grade,Civics,English,No,
Telangana Board,11th Grade,History,English,No,
Telangana Board,11th Grade,Geography,English,No,
Telangana Board,11th Grade,Commerce,English,No,
Telangana Board,11th Grade,Accountancy,English,No,
Telangana Board,11th Grade,Business Studies,English,No,
Telangana Board,11th Grade,Public Administration,English,No,
Telangana Board,11th Grade,Sociology,English,No,
Telangana Board,11th Grade,Psychology,English,No,
Telangana Board,11th Grade,Logic & Philosophy,English,No,
Telangana Board,11th Grade,Home Science,English,No,
Telangana Board,11th Grade,English,English,No,
Telangana Board,11th Grade,Telugu,English,No,
Telangana Board,11th Grade,Hindi,English,No,
Telangana Board,11th Grade,Sanskrit,English,No,
Telangana Board,11th Grade,Urdu,English,No,
Telangana Board,12th Grade,Physics,English,Yes,
Telangana Board,12th Grade,Chemistry,English,Yes,
Telangana Board,12th Grade,Mathematics,English,Yes,
Telangana Board,12th Grade,Biology,English,Yes,
Telangana Board,12th Grade,Computer Science,English,No,
Telangana Board,12th Grade,Electronics,English,No,
Telangana Board,12th Grade,Economics,English,No,
Telangana Board,12th Grade,Civics,English,No,
Telangana Board,12th Grade,History,English,No,
Telangana Board,12th Grade,Geography,English,No,
Telangana Board,12th Grade,Commerce,English,No,
Telangana Board,12th Grade,Accountancy,English,No,
Telangana Board,12th Grade,Business Studies,English,No,
Telangana Board,12th Grade,Public Administration,English,No,
Telangana Board,12th Grade,Sociology,English,No,
Telangana Board,12th Grade,Psychology,English,No,
Telangana Board,12th Grade,Logic & Philosophy,English,No,
Telangana Board,12th Grade,Home Science,English,No,
Telangana Board,12th Grade,English,English,No,
Telangana Board,12th Grade,Telugu,English,No,
Telangana Board,12th Grade,Hindi,English,No,
Telangana Board,12th Grade,Sanskrit,English,No,
Telangana Board,12th Grade,Urdu,English,No,
Telangana Board,1st Grade,Mathematics,Telugu,No,
Telangana Board,1st Grade,Environmental Studies,Telugu,No,
Telangana Board,1st Grade,Computer Awareness,Telugu,No,
Telangana Board,1st Grade,General Knowledge,Telugu,No,
Telangana Board,1st Grade,Moral Education,Telugu,No,
Telangana Board,1st Grade,Physical Education,Telugu,No,
Telangana Board,1st Grade,Art & Craft,Telugu,No,
Telangana Board,1st Grade,Work Education,Telugu,No,
Telangana Board,1st Grade,English,Telugu,No,
Telangana Board,1st Grade,Telugu,Telugu,No,
Telangana Board,1st Grade,Hindi,Telugu,No,
Telangana Board,1st Grade,Urdu,Telugu,No,
Telangana Board,2nd Grade,Mathematics,Telugu,No,
Telangana Board,2nd Grade,Environmental Studies,Telugu,No,
Telangana Board,2nd Grade,Computer Awareness,Telugu,No,
Telangana Board,2nd Grade,General Knowledge,Telugu,No,
Telangana Board,2nd Grade,Moral Education,Telugu,No,
Telangana Board,2nd Grade,Physical Education,Telugu,No,
Telangana Board,2nd Grade,Art & Craft,Telugu,No,
Telangana Board,2nd Grade,Work Education,Telugu,No,
Telangana Board,2nd Grade,English,Telugu,No,
Telangana Board,2nd Grade,Telugu,Telugu,No,
Telangana Board,2nd Grade,Hindi,Telugu,No,
Telangana Board,2nd Grade,Urdu,Telugu,No,
Telangana Board,3rd Grade,Mathematics,Telugu,No,
Telangana Board,3rd Grade,Environmental Studies,Telugu,No,
Telangana Board,3rd Grade,Computer Awareness,Telugu,No,
Telangana Board,3rd Grade,General Knowledge,Telugu,No,
Telangana Board,3rd Grade,Moral Education,Telugu,No,
Telangana Board,3rd Grade,Physical Education,Telugu,No,
Telangana Board,3rd Grade,Art & Craft,Telugu,No,
Telangana Board,3rd Grade,Work Education,Telugu,No,
Telangana Board,3rd Grade,English,Telugu,No,
Telangana Board,3rd Grade,Telugu,Telugu,No,
Telangana Board,3rd Grade,Hindi,Telugu,No,
Telangana Board,3rd Grade,Urdu,Telugu,No,
Telangana Board,4th Grade,Mathematics,Telugu,No,
Telangana Board,4th Grade,Environmental Studies,Telugu,No,
Telangana Board,4th Grade,Computer Awareness,Telugu,No,
Telangana Board,4th Grade,General Knowledge,Telugu,No,
Telangana Board,4th Grade,Moral Education,Telugu,No,
Telangana Board,4th Grade,Physical Education,Telugu,No,
Telangana Board,4th Grade,Art & Craft,Telugu,No,
Telangana Board,4th Grade,Work Education,Telugu,No,
Telangana Board,4th Grade,English,Telugu,No,
Telangana Board,4th Grade,Telugu,Telugu,No,
Telangana Board,4th Grade,Hindi,Telugu,No,
Telangana Board,4th Grade,Urdu,Telugu,No,
Telangana Board,5th Grade,Mathematics,Telugu,No,
Telangana Board,5th Grade,Environmental Studies,Telugu,No,
Telangana Board,5th Grade,Computer Awareness,Telugu,No,
Telangana Board,5th Grade,General Knowledge,Telugu,No,
Telangana Board,5th Grade,Moral Education,Telugu,No,
Telangana Board,5th Grade,Physical Education,Telugu,No,
Telangana Board,5th Grade,Art & Craft,Telugu,No,
Telangana Board,5th Grade,Work Education,Telugu,No,
Telangana Board,5th Grade,English,Telugu,No,
Telangana Board,5th Grade,Telugu,Telugu,No,
Telangana Board,5th Grade,Hindi,Telugu,No,
Telangana Board,5th Grade,Urdu,Telugu,No,
Telangana Board,6th Grade,Mathematics,Telugu,Partial,"Partial Coverage of videos, lessons and private publishers"
Telangana Board,6th Grade,Science,Telugu,Partial,"Partial Coverage of videos, lessons and private publishers"
Telangana Board,6th Grade,Physical Science,Telugu,No,
Telangana Board,6th Grade,Social Studies,Telugu,No,
Telangana Board,6th Grade,Computer Education,Telugu,No,
Telangana Board,6th Grade,Physical Education,Telugu,No,
Telangana Board,6th Grade,Art Education,Telugu,No,
Telangana Board,6th Grade,Work Education,Telugu,No,
Telangana Board,6th Grade,English,Telugu,No,
Telangana Board,6th Grade,Telugu,Telugu,No,
Telangana Board,6th Grade,Hindi,Telugu,No,
Telangana Board,6th Grade,Urdu,Telugu,No,
Telangana Board,6th Grade,Sanskrit,Telugu,No,
Telangana Board,7th Grade,Mathematics,Telugu,Partial,"Partial Coverage of videos, lessons and private publishers"
Telangana Board,7th Grade,Science,Telugu,Partial,"Partial Coverage of videos, lessons and private publishers"
Telangana Board,7th Grade,Physical Science,Telugu,No,
Telangana Board,7th Grade,Social Studies,Telugu,No,
Telangana Board,7th Grade,Computer Education,Telugu,No,
Telangana Board,7th Grade,Physical Education,Telugu,No,
Telangana Board,7th Grade,Art Education,Telugu,No,
Telangana Board,7th Grade,Work Education,Telugu,No,
Telangana Board,7th Grade,English,Telugu,No,
Telangana Board,7th Grade,Telugu,Telugu,No,
Telangana Board,7th Grade,Hindi,Telugu,No,
Telangana Board,7th Grade,Urdu,Telugu,No,
Telangana Board,7th Grade,Sanskrit,Telugu,No,
Telangana Board,8th Grade,Mathematics,Telugu,Partial,"Partial Coverage of videos, lessons and private publishers"
Telangana Board,8th Grade,Science,Telugu,Partial,"Partial Coverage of videos, lessons and private publishers"
Telangana Board,8th Grade,Physical Science,Telugu,No,
Telangana Board,8th Grade,Social Studies,Telugu,No,
Telangana Board,8th Grade,Computer Education,Telugu,No,
Telangana Board,8th Grade,Physical Education,Telugu,No,
Telangana Board,8th Grade,Art Education,Telugu,No,
Telangana Board,8th Grade,Work Education,Telugu,No,
Telangana Board,8th Grade,English,Telugu,No,
Telangana Board,8th Grade,Telugu,Telugu,No,
Telangana Board,8th Grade,Hindi,Telugu,No,
Telangana Board,8th Grade,Urdu,Telugu,No,
Telangana Board,8th Grade,Sanskrit,Telugu,No,
Telangana Board,9th Grade,Mathematics,Telugu,Partial,"Partial Coverage of videos, lessons and private publishers"
Telangana Board,9th Grade,Science,Telugu,Partial,"Partial Coverage of videos, lessons and private publishers"
Telangana Board,9th Grade,Physical Science,Telugu,No,
Telangana Board,9th Grade,Social Studies,Telugu,No,
Telangana Board,9th Grade,Computer Education,Telugu,No,
Telangana Board,9th Grade,Physical Education,Telugu,No,
Telangana Board,9th Grade,Art Education,Telugu,No,
Telangana Board,9th Grade,Work Education,Telugu,No,
Telangana Board,9th Grade,English,Telugu,No,
Telangana Board,9th Grade,Telugu,Telugu,No,
Telangana Board,9th Grade,Hindi,Telugu,No,
Telangana Board,9th Grade,Urdu,Telugu,No,
Telangana Board,9th Grade,Sanskrit,Telugu,No,
Telangana Board,10th Grade,Mathematics,Telugu,Partial,"Partial Coverage of videos, lessons and private publishers"
Telangana Board,10th Grade,Science,Telugu,Partial,"Partial Coverage of videos, lessons and private publishers"
Telangana Board,10th Grade,Physical Science,Telugu,No,
Telangana Board,10th Grade,Social Studies,Telugu,No,
Telangana Board,10th Grade,Computer Education,Telugu,No,
Telangana Board,10th Grade,Physical Education,Telugu,No,
Telangana Board,10th Grade,Art Education,Telugu,No,
Telangana Board,10th Grade,Work Education,Telugu,No,
Telangana Board,10th Grade,English,Telugu,No,
Telangana Board,10th Grade,Telugu,Telugu,No,
Telangana Board,10th Grade,Hindi,Telugu,No,
Telangana Board,10th Grade,Urdu,Telugu,No,
Telangana Board,10th Grade,Sanskrit,Telugu,No,
Telangana Board,11th Grade,Physics,Telugu,Partial,"Partial Coverage of videos, lessons and private publishers"
Telangana Board,11th Grade,Chemistry,Telugu,Partial,"Partial Coverage of videos, lessons and private publishers"
Telangana Board,11th Grade,Mathematics,Telugu,Partial,"Partial Coverage of videos, lessons and private publishers"
Telangana Board,11th Grade,Biology,Telugu,Partial,"Partial Coverage of videos, lessons and private publishers"
Telangana Board,11th Grade,Computer Science,Telugu,No,
Telangana Board,11th Grade,Electronics,Telugu,No,
Telangana Board,11th Grade,Economics,Telugu,No,
Telangana Board,11th Grade,Civics,Telugu,No,
Telangana Board,11th Grade,History,Telugu,No,
Telangana Board,11th Grade,Geography,Telugu,No,
Telangana Board,11th Grade,Commerce,Telugu,No,
Telangana Board,11th Grade,Accountancy,Telugu,No,
Telangana Board,11th Grade,Business Studies,Telugu,No,
Telangana Board,11th Grade,Public Administration,Telugu,No,
Telangana Board,11th Grade,Sociology,Telugu,No,
Telangana Board,11th Grade,Psychology,Telugu,No,
Telangana Board,11th Grade,Logic & Philosophy,Telugu,No,
Telangana Board,11th Grade,Home Science,Telugu,No,
Telangana Board,11th Grade,English,Telugu,No,
Telangana Board,11th Grade,Telugu,Telugu,No,
Telangana Board,11th Grade,Hindi,Telugu,No,
Telangana Board,11th Grade,Sanskrit,Telugu,No,
Telangana Board,11th Grade,Urdu,Telugu,No,
Telangana Board,12th Grade,Physics,Telugu,Partial,"Partial Coverage of videos, lessons and private publishers"
Telangana Board,12th Grade,Chemistry,Telugu,Partial,"Partial Coverage of videos, lessons and private publishers"
Telangana Board,12th Grade,Mathematics,Telugu,Partial,"Partial Coverage of videos, lessons and private publishers"
Telangana Board,12th Grade,Biology,Telugu,Partial,"Partial Coverage of videos, lessons and private publishers"
Telangana Board,12th Grade,Computer Science,Telugu,No,
Telangana Board,12th Grade,Electronics,Telugu,No,
Telangana Board,12th Grade,Economics,Telugu,No,
Telangana Board,12th Grade,Civics,Telugu,No,
Telangana Board,12th Grade,History,Telugu,No,
Telangana Board,12th Grade,Geography,Telugu,No,
Telangana Board,12th Grade,Commerce,Telugu,No,
Telangana Board,12th Grade,Accountancy,Telugu,No,
Telangana Board,12th Grade,Business Studies,Telugu,No,
Telangana Board,12th Grade,Public Administration,Telugu,No,
Telangana Board,12th Grade,Sociology,Telugu,No,
Telangana Board,12th Grade,Psychology,Telugu,No,
Telangana Board,12th Grade,Logic & Philosophy,Telugu,No,
Telangana Board,12th Grade,Home Science,Telugu,No,
Telangana Board,12th Grade,English,Telugu,No,
Telangana Board,12th Grade,Telugu,Telugu,No,
Telangana Board,12th Grade,Hindi,Telugu,No,
Telangana Board,12th Grade,Sanskrit,Telugu,No,
Telangana Board,12th Grade,Urdu,Telugu,No,
Telangana Board,1st Grade,Mathematics,English,No,
Tripura Board,1st Grade,Mathematics,English,No,
Tripura Board,1st Grade, Environmental Studies,English,No,
Tripura Board,1st Grade, Computer Awareness,English,No,
Tripura Board,1st Grade, General Knowledge,English,No,
Tripura Board,1st Grade, Moral Education,English,No,
Tripura Board,1st Grade, Physical Education,English,No,
Tripura Board,1st Grade, Art & Craft,English,No,
Tripura Board,1st Grade, Work Education,English,No,
Tripura Board,1st Grade, English,English,No,
Tripura Board,1st Grade, Bengali,English,No,
Tripura Board,1st Grade, Kokborok,English,No,
Tripura Board,1st Grade, Hindi,English,No,
Tripura Board,2nd Grade,Mathematics,English,No,
Tripura Board,2nd Grade, Environmental Studies,English,No,
Tripura Board,2nd Grade, Computer Awareness,English,No,
Tripura Board,2nd Grade, General Knowledge,English,No,
Tripura Board,2nd Grade, Moral Education,English,No,
Tripura Board,2nd Grade, Physical Education,English,No,
Tripura Board,2nd Grade, Art & Craft,English,No,
Tripura Board,2nd Grade, Work Education,English,No,
Tripura Board,2nd Grade, English,English,No,
Tripura Board,2nd Grade, Bengali,English,No,
Tripura Board,2nd Grade, Kokborok,English,No,
Tripura Board,2nd Grade, Hindi,English,No,
Tripura Board,3rd Grade,Mathematics,English,No,
Tripura Board,3rd Grade, Environmental Studies,English,No,
Tripura Board,3rd Grade, Computer Awareness,English,No,
Tripura Board,3rd Grade, General Knowledge,English,No,
Tripura Board,3rd Grade, Moral Education,English,No,
Tripura Board,3rd Grade, Physical Education,English,No,
Tripura Board,3rd Grade, Art & Craft,English,No,
Tripura Board,3rd Grade, Work Education,English,No,
Tripura Board,3rd Grade, English,English,No,
Tripura Board,3rd Grade, Bengali,English,No,
Tripura Board,3rd Grade, Kokborok,English,No,
Tripura Board,3rd Grade, Hindi,English,No,
Tripura Board,4th Grade,Mathematics,English,No,
Tripura Board,4th Grade, Environmental Studies,English,No,
Tripura Board,4th Grade, Computer Awareness,English,No,
Tripura Board,4th Grade, General Knowledge,English,No,
Tripura Board,4th Grade, Moral Education,English,No,
Tripura Board,4th Grade, Physical Education,English,No,
Tripura Board,4th Grade, Art & Craft,English,No,
Tripura Board,4th Grade, Work Education,English,No,
Tripura Board,4th Grade, English,English,No,
Tripura Board,4th Grade, Bengali,English,No,
Tripura Board,4th Grade, Kokborok,English,No,
Tripura Board,4th Grade, Hindi,English,No,
Tripura Board,5th Grade,Mathematics,English,No,
Tripura Board,5th Grade, Environmental Studies,English,No,
Tripura Board,5th Grade, Computer Awareness,English,No,
Tripura Board,5th Grade, General Knowledge,English,No,
Tripura Board,5th Grade, Moral Education,English,No,
Tripura Board,5th Grade, Physical Education,English,No,
Tripura Board,5th Grade, Art & Craft,English,No,
Tripura Board,5th Grade, Work Education,English,No,
Tripura Board,5th Grade, English,English,No,
Tripura Board,5th Grade, Bengali,English,No,
Tripura Board,5th Grade, Kokborok,English,No,
Tripura Board,5th Grade, Hindi,English,No,
Tripura Board,6th Grade,Mathematics,English,Yes,
Tripura Board,6th Grade, Science,English,Yes,
Tripura Board,6th Grade,Social Science,English,No,
Tripura Board,6th Grade, Environmental Studies,English,No,
Tripura Board,6th Grade, Computer Education,English,No,
Tripura Board,6th Grade, Physical Education,English,No,
Tripura Board,6th Grade, Art Education,English,No,
Tripura Board,6th Grade, Work Education,English,No,
Tripura Board,6th Grade, English,English,No,
Tripura Board,6th Grade, Bengali,English,No,
Tripura Board,6th Grade, Kokborok,English,No,
Tripura Board,6th Grade, Hindi,English,No,
Tripura Board,6th Grade, Sanskrit,English,No,
Tripura Board,7th Grade,Mathematics,English,Yes,
Tripura Board,7th Grade, Science,English,Yes,
Tripura Board,7th Grade,Social Science,English,No,
Tripura Board,7th Grade, Environmental Studies,English,No,
Tripura Board,7th Grade, Computer Education,English,No,
Tripura Board,7th Grade, Physical Education,English,No,
Tripura Board,7th Grade, Art Education,English,No,
Tripura Board,7th Grade, Work Education,English,No,
Tripura Board,7th Grade, English,English,No,
Tripura Board,7th Grade, Bengali,English,No,
Tripura Board,7th Grade, Kokborok,English,No,
Tripura Board,7th Grade, Hindi,English,No,
Tripura Board,7th Grade, Sanskrit,English,No,
Tripura Board,8th Grade,Mathematics,English,Yes,
Tripura Board,8th Grade, Science,English,Yes,
Tripura Board,8th Grade,Social Science,English,No,
Tripura Board,8th Grade, Environmental Studies,English,No,
Tripura Board,8th Grade, Computer Education,English,No,
Tripura Board,8th Grade, Physical Education,English,No,
Tripura Board,8th Grade, Art Education,English,No,
Tripura Board,8th Grade, Work Education,English,No,
Tripura Board,8th Grade, English,English,No,
Tripura Board,8th Grade, Bengali,English,No,
Tripura Board,8th Grade, Kokborok,English,No,
Tripura Board,8th Grade, Hindi,English,No,
Tripura Board,8th Grade, Sanskrit,English,No,
Tripura Board,9th Grade,Mathematics,English,Yes,
Tripura Board,9th Grade, Science,English,Yes,
Tripura Board,9th Grade,Social Science,English,No,
Tripura Board,9th Grade, Environmental Studies,English,No,
Tripura Board,9th Grade, Computer Education,English,No,
Tripura Board,9th Grade, Physical Education,English,No,
Tripura Board,9th Grade, Art Education,English,No,
Tripura Board,9th Grade, Work Education,English,No,
Tripura Board,9th Grade, English,English,No,
Tripura Board,9th Grade, Bengali,English,No,
Tripura Board,9th Grade, Kokborok,English,No,
Tripura Board,9th Grade, Hindi,English,No,
Tripura Board,9th Grade, Sanskrit,English,No,
Tripura Board,10th Grade,Mathematics,English,Yes,
Tripura Board,10th Grade, Science,English,Yes,
Tripura Board,10th Grade,Social Science,English,No,
Tripura Board,10th Grade, Environmental Studies,English,No,
Tripura Board,10th Grade, Computer Education,English,No,
Tripura Board,10th Grade, Physical Education,English,No,
Tripura Board,10th Grade, Art Education,English,No,
Tripura Board,10th Grade, Work Education,English,No,
Tripura Board,10th Grade, English,English,No,
Tripura Board,10th Grade, Bengali,English,No,
Tripura Board,10th Grade, Kokborok,English,No,
Tripura Board,10th Grade, Hindi,English,No,
Tripura Board,10th Grade, Sanskrit,English,No,
Tripura Board,11th Grade,Physics,English,Yes,
Tripura Board,11th Grade, Chemistry,English,Yes,
Tripura Board,11th Grade, Mathematics,English,Yes,
Tripura Board,11th Grade, Biology,English,Yes,
Tripura Board,11th Grade, Computer Science,English,No,
Tripura Board,11th Grade, Environmental Science,English,No,
Tripura Board,11th Grade, Economics,English,No,
Tripura Board,11th Grade, History,English,No,
Tripura Board,11th Grade, Geography,English,No,
Tripura Board,11th Grade, Political Science,English,No,
Tripura Board,11th Grade, Sociology,English,No,
Tripura Board,11th Grade, Psychology,English,No,
Tripura Board,11th Grade, Education,English,No,
Tripura Board,11th Grade, Philosophy,English,No,
Tripura Board,11th Grade, Home Science,English,No,
Tripura Board,11th Grade, Physical Education,English,No,
Tripura Board,11th Grade, Accountancy,English,No,
Tripura Board,11th Grade, Business Studies,English,No,
Tripura Board,11th Grade, Entrepreneurship,English,No,
Tripura Board,11th Grade, Statistics,English,No,
Tripura Board,11th Grade, English,English,No,
Tripura Board,11th Grade, Bengali,English,No,
Tripura Board,11th Grade, Kokborok,English,No,
Tripura Board,11th Grade, Hindi,English,No,
Tripura Board,11th Grade, Sanskrit,English,No,
Tripura Board,12th Grade,Physics,English,Yes,
Tripura Board,12th Grade, Chemistry,English,Yes,
Tripura Board,12th Grade, Mathematics,English,Yes,
Tripura Board,12th Grade, Biology,English,Yes,
Tripura Board,12th Grade, Computer Science,English,No,
Tripura Board,12th Grade, Environmental Science,English,No,
Tripura Board,12th Grade, Economics,English,No,
Tripura Board,12th Grade, History,English,No,
Tripura Board,12th Grade, Geography,English,No,
Tripura Board,12th Grade, Political Science,English,No,
Tripura Board,12th Grade, Sociology,English,No,
Tripura Board,12th Grade, Psychology,English,No,
Tripura Board,12th Grade, Education,English,No,
Tripura Board,12th Grade, Philosophy,English,No,
Tripura Board,12th Grade, Home Science,English,No,
Tripura Board,12th Grade, Physical Education,English,No,
Tripura Board,12th Grade, Accountancy,English,No,
Tripura Board,12th Grade, Business Studies,English,No,
Tripura Board,12th Grade, Entrepreneurship,English,No,
Tripura Board,12th Grade, Statistics,English,No,
Tripura Board,12th Grade, English,English,No,
Tripura Board,12th Grade, Bengali,English,No,
Tripura Board,12th Grade, Kokborok,English,No,
Tripura Board,12th Grade, Hindi,English,No,
Tripura Board,12th Grade, Sanskrit,English,No,
Uttar Pradesh Board,1st Grade,Mathematics,English,No,
Uttar Pradesh Board,1st Grade,Environmental Studies,English,No,
Uttar Pradesh Board,1st Grade,Computer Awareness,English,No,
Uttar Pradesh Board,1st Grade,General Knowledge,English,No,
Uttar Pradesh Board,1st Grade,Moral Education,English,No,
Uttar Pradesh Board,1st Grade,Physical Education,English,No,
Uttar Pradesh Board,1st Grade,Art & Craft,English,No,
Uttar Pradesh Board,1st Grade,Work Education,English,No,
Uttar Pradesh Board,1st Grade,English,English,No,
Uttar Pradesh Board,1st Grade,Hindi,English,No,
Uttar Pradesh Board,1st Grade,Urdu,English,No,
Uttar Pradesh Board,2nd Grade,Mathematics,English,No,
Uttar Pradesh Board,2nd Grade,Environmental Studies,English,No,
Uttar Pradesh Board,2nd Grade,Computer Awareness,English,No,
Uttar Pradesh Board,2nd Grade,General Knowledge,English,No,
Uttar Pradesh Board,2nd Grade,Moral Education,English,No,
Uttar Pradesh Board,2nd Grade,Physical Education,English,No,
Uttar Pradesh Board,2nd Grade,Art & Craft,English,No,
Uttar Pradesh Board,2nd Grade,Work Education,English,No,
Uttar Pradesh Board,2nd Grade,English,English,No,
Uttar Pradesh Board,2nd Grade,Hindi,English,No,
Uttar Pradesh Board,2nd Grade,Urdu,English,No,
Uttar Pradesh Board,3rd Grade,Mathematics,English,No,
Uttar Pradesh Board,3rd Grade,Environmental Studies,English,No,
Uttar Pradesh Board,3rd Grade,Computer Awareness,English,No,
Uttar Pradesh Board,3rd Grade,General Knowledge,English,No,
Uttar Pradesh Board,3rd Grade,Moral Education,English,No,
Uttar Pradesh Board,3rd Grade,Physical Education,English,No,
Uttar Pradesh Board,3rd Grade,Art & Craft,English,No,
Uttar Pradesh Board,3rd Grade,Work Education,English,No,
Uttar Pradesh Board,3rd Grade,English,English,No,
Uttar Pradesh Board,3rd Grade,Hindi,English,No,
Uttar Pradesh Board,3rd Grade,Urdu,English,No,
Uttar Pradesh Board,4th Grade,Mathematics,English,No,
Uttar Pradesh Board,4th Grade,Environmental Studies,English,No,
Uttar Pradesh Board,4th Grade,Computer Awareness,English,No,
Uttar Pradesh Board,4th Grade,General Knowledge,English,No,
Uttar Pradesh Board,4th Grade,Moral Education,English,No,
Uttar Pradesh Board,4th Grade,Physical Education,English,No,
Uttar Pradesh Board,4th Grade,Art & Craft,English,No,
Uttar Pradesh Board,4th Grade,Work Education,English,No,
Uttar Pradesh Board,4th Grade,English,English,No,
Uttar Pradesh Board,4th Grade,Hindi,English,No,
Uttar Pradesh Board,4th Grade,Urdu,English,No,
Uttar Pradesh Board,5th Grade,Mathematics,English,No,
Uttar Pradesh Board,5th Grade,Environmental Studies,English,No,
Uttar Pradesh Board,5th Grade,Computer Awareness,English,No,
Uttar Pradesh Board,5th Grade,General Knowledge,English,No,
Uttar Pradesh Board,5th Grade,Moral Education,English,No,
Uttar Pradesh Board,5th Grade,Physical Education,English,No,
Uttar Pradesh Board,5th Grade,Art & Craft,English,No,
Uttar Pradesh Board,5th Grade,Work Education,English,No,
Uttar Pradesh Board,5th Grade,English,English,No,
Uttar Pradesh Board,5th Grade,Hindi,English,No,
Uttar Pradesh Board,5th Grade,Urdu,English,No,
Uttar Pradesh Board,6th Grade,Mathematics,English,Partial,Partial Coverage of lessons and videos
Uttar Pradesh Board,6th Grade,Science,English,Yes,
Uttar Pradesh Board,6th Grade,Social Science,English,Yes,
Uttar Pradesh Board,6th Grade,Environmental Studies,English,No,
Uttar Pradesh Board,6th Grade,Computer Education,English,No,
Uttar Pradesh Board,6th Grade,Physical Education,English,No,
Uttar Pradesh Board,6th Grade,Art Education,English,No,
Uttar Pradesh Board,6th Grade,Work Education,English,No,
Uttar Pradesh Board,6th Grade,English,English,No,
Uttar Pradesh Board,6th Grade,Hindi,English,No,
Uttar Pradesh Board,6th Grade,Sanskrit,English,No,
Uttar Pradesh Board,6th Grade,Urdu,English,No,
Uttar Pradesh Board,7th Grade,Mathematics,English,Partial,Partial Coverage of lessons and videos
Uttar Pradesh Board,7th Grade,Science,English,Partial,Partial Coverage of lessons and videos
Uttar Pradesh Board,7th Grade,Social Science,English,Yes,
Uttar Pradesh Board,7th Grade,Environmental Studies,English,No,
Uttar Pradesh Board,7th Grade,Computer Education,English,No,
Uttar Pradesh Board,7th Grade,Physical Education,English,No,
Uttar Pradesh Board,7th Grade,Art Education,English,No,
Uttar Pradesh Board,7th Grade,Work Education,English,No,
Uttar Pradesh Board,7th Grade,English,English,No,
Uttar Pradesh Board,7th Grade,Hindi,English,No,
Uttar Pradesh Board,7th Grade,Sanskrit,English,No,
Uttar Pradesh Board,7th Grade,Urdu,English,No,
Uttar Pradesh Board,8th Grade,Mathematics,English,Partial,Partial Coverage of lessons and videos
Uttar Pradesh Board,8th Grade,Science,English,Yes,
Uttar Pradesh Board,8th Grade,Social Science,English,Yes,
Uttar Pradesh Board,8th Grade,Environmental Studies,English,No,
Uttar Pradesh Board,8th Grade,Computer Education,English,No,
Uttar Pradesh Board,8th Grade,Physical Education,English,No,
Uttar Pradesh Board,8th Grade,Art Education,English,No,
Uttar Pradesh Board,8th Grade,Work Education,English,No,
Uttar Pradesh Board,8th Grade,English,English,No,
Uttar Pradesh Board,8th Grade,Hindi,English,No,
Uttar Pradesh Board,8th Grade,Sanskrit,English,No,
Uttar Pradesh Board,8th Grade,Urdu,English,No,
Uttar Pradesh Board,9th Grade,Mathematics,English,Yes,
Uttar Pradesh Board,9th Grade,Science,English,Yes,
Uttar Pradesh Board,9th Grade,Social Science,English,Yes,
Uttar Pradesh Board,9th Grade,Environmental Studies,English,No,
Uttar Pradesh Board,9th Grade,Computer Education,English,No,
Uttar Pradesh Board,9th Grade,Physical Education,English,No,
Uttar Pradesh Board,9th Grade,Art Education,English,No,
Uttar Pradesh Board,9th Grade,Work Education,English,No,
Uttar Pradesh Board,9th Grade,English,English,No,
Uttar Pradesh Board,9th Grade,Hindi,English,No,
Uttar Pradesh Board,9th Grade,Sanskrit,English,No,
Uttar Pradesh Board,9th Grade,Urdu,English,No,
Uttar Pradesh Board,10th Grade,Mathematics,English,Yes,
Uttar Pradesh Board,10th Grade,Science,English,Yes,
Uttar Pradesh Board,10th Grade,Social Science,English,Yes,
Uttar Pradesh Board,10th Grade,Environmental Studies,English,No,
Uttar Pradesh Board,10th Grade,Computer Education,English,No,
Uttar Pradesh Board,10th Grade,Physical Education,English,No,
Uttar Pradesh Board,10th Grade,Art Education,English,No,
Uttar Pradesh Board,10th Grade,Work Education,English,No,
Uttar Pradesh Board,10th Grade,English,English,No,
Uttar Pradesh Board,10th Grade,Hindi,English,No,
Uttar Pradesh Board,10th Grade,Sanskrit,English,No,
Uttar Pradesh Board,10th Grade,Urdu,English,No,
Uttar Pradesh Board,11th Grade,Physics,English,Yes,
Uttar Pradesh Board,11th Grade,Chemistry,English,Yes,
Uttar Pradesh Board,11th Grade,Mathematics,English,Yes,
Uttar Pradesh Board,11th Grade,Biology,English,Yes,
Uttar Pradesh Board,11th Grade,Computer Science,English,No,
Uttar Pradesh Board,11th Grade,Environmental Science,English,No,
Uttar Pradesh Board,11th Grade,Economics,English,No,
Uttar Pradesh Board,11th Grade,History,English,No,
Uttar Pradesh Board,11th Grade,Geography,English,No,
Uttar Pradesh Board,11th Grade,Political Science,English,No,
Uttar Pradesh Board,11th Grade,Sociology,English,No,
Uttar Pradesh Board,11th Grade,Psychology,English,No,
Uttar Pradesh Board,11th Grade,Philosophy,English,No,
Uttar Pradesh Board,11th Grade,Home Science,English,No,
Uttar Pradesh Board,11th Grade,Physical Education,English,No,
Uttar Pradesh Board,11th Grade,Accountancy,English,No,
Uttar Pradesh Board,11th Grade,Business Studies,English,No,
Uttar Pradesh Board,11th Grade,Entrepreneurship,English,No,
Uttar Pradesh Board,11th Grade,Statistics,English,No,
Uttar Pradesh Board,11th Grade,Agriculture,English,No,
Uttar Pradesh Board,11th Grade,English,English,No,
Uttar Pradesh Board,11th Grade,Hindi,English,No,
Uttar Pradesh Board,11th Grade,Sanskrit,English,No,
Uttar Pradesh Board,11th Grade,Urdu,English,No,
Uttar Pradesh Board,12th Grade,Physics,English,Yes,
Uttar Pradesh Board,12th Grade,Chemistry,English,Yes,
Uttar Pradesh Board,12th Grade,Mathematics,English,Yes,
Uttar Pradesh Board,12th Grade,Biology,English,Yes,
Uttar Pradesh Board,12th Grade,Computer Science,English,No,
Uttar Pradesh Board,12th Grade,Environmental Science,English,No,
Uttar Pradesh Board,12th Grade,Economics,English,No,
Uttar Pradesh Board,12th Grade,History,English,No,
Uttar Pradesh Board,12th Grade,Geography,English,No,
Uttar Pradesh Board,12th Grade,Political Science,English,No,
Uttar Pradesh Board,12th Grade,Sociology,English,No,
Uttar Pradesh Board,12th Grade,Psychology,English,No,
Uttar Pradesh Board,12th Grade,Philosophy,English,No,
Uttar Pradesh Board,12th Grade,Home Science,English,No,
Uttar Pradesh Board,12th Grade,Physical Education,English,No,
Uttar Pradesh Board,12th Grade,Accountancy,English,No,
Uttar Pradesh Board,12th Grade,Business Studies,English,No,
Uttar Pradesh Board,12th Grade,Entrepreneurship,English,No,
Uttar Pradesh Board,12th Grade,Statistics,English,No,
Uttar Pradesh Board,12th Grade,Agriculture,English,No,
Uttar Pradesh Board,12th Grade,English,English,No,
Uttar Pradesh Board,12th Grade,Hindi,English,No,
Uttar Pradesh Board,12th Grade,Sanskrit,English,No,
Uttar Pradesh Board,12th Grade,Urdu,English,No,
Uttar Pradesh Board,1st Grade,Mathematics,Hindi,No,
Uttar Pradesh Board,1st Grade,Environmental Studies,Hindi,No,
Uttar Pradesh Board,1st Grade,Computer Awareness,Hindi,No,
Uttar Pradesh Board,1st Grade,General Knowledge,Hindi,No,
Uttar Pradesh Board,1st Grade,Moral Education,Hindi,No,
Uttar Pradesh Board,1st Grade,Physical Education,Hindi,No,
Uttar Pradesh Board,1st Grade,Art & Craft,Hindi,No,
Uttar Pradesh Board,1st Grade,Work Education,Hindi,No,
Uttar Pradesh Board,1st Grade,English,Hindi,No,
Uttar Pradesh Board,1st Grade,Hindi,Hindi,No,
Uttar Pradesh Board,1st Grade,Urdu,Hindi,No,
Uttar Pradesh Board,2nd Grade,Mathematics,Hindi,No,
Uttar Pradesh Board,2nd Grade,Environmental Studies,Hindi,No,
Uttar Pradesh Board,2nd Grade,Computer Awareness,Hindi,No,
Uttar Pradesh Board,2nd Grade,General Knowledge,Hindi,No,
Uttar Pradesh Board,2nd Grade,Moral Education,Hindi,No,
Uttar Pradesh Board,2nd Grade,Physical Education,Hindi,No,
Uttar Pradesh Board,2nd Grade,Art & Craft,Hindi,No,
Uttar Pradesh Board,2nd Grade,Work Education,Hindi,No,
Uttar Pradesh Board,2nd Grade,English,Hindi,No,
Uttar Pradesh Board,2nd Grade,Hindi,Hindi,No,
Uttar Pradesh Board,2nd Grade,Urdu,Hindi,No,
Uttar Pradesh Board,3rd Grade,Mathematics,Hindi,No,
Uttar Pradesh Board,3rd Grade,Environmental Studies,Hindi,No,
Uttar Pradesh Board,3rd Grade,Computer Awareness,Hindi,No,
Uttar Pradesh Board,3rd Grade,General Knowledge,Hindi,No,
Uttar Pradesh Board,3rd Grade,Moral Education,Hindi,No,
Uttar Pradesh Board,3rd Grade,Physical Education,Hindi,No,
Uttar Pradesh Board,3rd Grade,Art & Craft,Hindi,No,
Uttar Pradesh Board,3rd Grade,Work Education,Hindi,No,
Uttar Pradesh Board,3rd Grade,English,Hindi,No,
Uttar Pradesh Board,3rd Grade,Hindi,Hindi,No,
Uttar Pradesh Board,3rd Grade,Urdu,Hindi,No,
Uttar Pradesh Board,4th Grade,Mathematics,Hindi,No,
Uttar Pradesh Board,4th Grade,Environmental Studies,Hindi,No,
Uttar Pradesh Board,4th Grade,Computer Awareness,Hindi,No,
Uttar Pradesh Board,4th Grade,General Knowledge,Hindi,No,
Uttar Pradesh Board,4th Grade,Moral Education,Hindi,No,
Uttar Pradesh Board,4th Grade,Physical Education,Hindi,No,
Uttar Pradesh Board,4th Grade,Art & Craft,Hindi,No,
Uttar Pradesh Board,4th Grade,Work Education,Hindi,No,
Uttar Pradesh Board,4th Grade,English,Hindi,No,
Uttar Pradesh Board,4th Grade,Hindi,Hindi,No,
Uttar Pradesh Board,4th Grade,Urdu,Hindi,No,
Uttar Pradesh Board,5th Grade,Mathematics,Hindi,No,
Uttar Pradesh Board,5th Grade,Environmental Studies,Hindi,No,
Uttar Pradesh Board,5th Grade,Computer Awareness,Hindi,No,
Uttar Pradesh Board,5th Grade,General Knowledge,Hindi,No,
Uttar Pradesh Board,5th Grade,Moral Education,Hindi,No,
Uttar Pradesh Board,5th Grade,Physical Education,Hindi,No,
Uttar Pradesh Board,5th Grade,Art & Craft,Hindi,No,
Uttar Pradesh Board,5th Grade,Work Education,Hindi,No,
Uttar Pradesh Board,5th Grade,English,Hindi,No,
Uttar Pradesh Board,5th Grade,Hindi,Hindi,No,
Uttar Pradesh Board,5th Grade,Urdu,Hindi,No,
Uttar Pradesh Board,6th Grade,Mathematics,Hindi,Partial,"Partial Coverage of videos, lessons and private publishers"
Uttar Pradesh Board,6th Grade,Science,Hindi,Partial,"Partial Coverage of videos, lessons and private publishers"
Uttar Pradesh Board,6th Grade,Social Science,Hindi,Partial,"Partial Coverage of videos, lessons and private publishers"
Uttar Pradesh Board,6th Grade,Environmental Studies,Hindi,No,
Uttar Pradesh Board,6th Grade,Computer Education,Hindi,No,
Uttar Pradesh Board,6th Grade,Physical Education,Hindi,No,
Uttar Pradesh Board,6th Grade,Art Education,Hindi,No,
Uttar Pradesh Board,6th Grade,Work Education,Hindi,No,
Uttar Pradesh Board,6th Grade,English,Hindi,No,
Uttar Pradesh Board,6th Grade,Hindi,Hindi,No,
Uttar Pradesh Board,6th Grade,Sanskrit,Hindi,No,
Uttar Pradesh Board,6th Grade,Urdu,Hindi,No,
Uttar Pradesh Board,7th Grade,Mathematics,Hindi,Partial,"Partial Coverage of videos, lessons and private publishers"
Uttar Pradesh Board,7th Grade,Science,Hindi,Partial,"Partial Coverage of videos, lessons and private publishers"
Uttar Pradesh Board,7th Grade,Social Science,Hindi,Partial,"Partial Coverage of videos, lessons and private publishers"
Uttar Pradesh Board,7th Grade,Environmental Studies,Hindi,No,
Uttar Pradesh Board,7th Grade,Computer Education,Hindi,No,
Uttar Pradesh Board,7th Grade,Physical Education,Hindi,No,
Uttar Pradesh Board,7th Grade,Art Education,Hindi,No,
Uttar Pradesh Board,7th Grade,Work Education,Hindi,No,
Uttar Pradesh Board,7th Grade,English,Hindi,No,
Uttar Pradesh Board,7th Grade,Hindi,Hindi,No,
Uttar Pradesh Board,7th Grade,Sanskrit,Hindi,No,
Uttar Pradesh Board,7th Grade,Urdu,Hindi,No,
Uttar Pradesh Board,8th Grade,Mathematics,Hindi,Partial,"Partial Coverage of videos, lessons and private publishers"
Uttar Pradesh Board,8th Grade,Science,Hindi,Partial,"Partial Coverage of videos, lessons and private publishers"
Uttar Pradesh Board,8th Grade,Social Science,Hindi,Partial,"Partial Coverage of videos, lessons and private publishers"
Uttar Pradesh Board,8th Grade,Environmental Studies,Hindi,No,
Uttar Pradesh Board,8th Grade,Computer Education,Hindi,No,
Uttar Pradesh Board,8th Grade,Physical Education,Hindi,No,
Uttar Pradesh Board,8th Grade,Art Education,Hindi,No,
Uttar Pradesh Board,8th Grade,Work Education,Hindi,No,
Uttar Pradesh Board,8th Grade,English,Hindi,No,
Uttar Pradesh Board,8th Grade,Hindi,Hindi,No,
Uttar Pradesh Board,8th Grade,Sanskrit,Hindi,No,
Uttar Pradesh Board,8th Grade,Urdu,Hindi,No,
Uttar Pradesh Board,9th Grade,Mathematics,Hindi,Partial,"Partial Coverage of videos, lessons and private publishers"
Uttar Pradesh Board,9th Grade,Science,Hindi,Partial,"Partial Coverage of videos, lessons and private publishers"
Uttar Pradesh Board,9th Grade,Social Science,Hindi,Partial,"Partial Coverage of videos, lessons and private publishers"
Uttar Pradesh Board,9th Grade,Environmental Studies,Hindi,No,
Uttar Pradesh Board,9th Grade,Computer Education,Hindi,No,
Uttar Pradesh Board,9th Grade,Physical Education,Hindi,No,
Uttar Pradesh Board,9th Grade,Art Education,Hindi,No,
Uttar Pradesh Board,9th Grade,Work Education,Hindi,No,
Uttar Pradesh Board,9th Grade,English,Hindi,No,
Uttar Pradesh Board,9th Grade,Hindi,Hindi,No,
Uttar Pradesh Board,9th Grade,Sanskrit,Hindi,No,
Uttar Pradesh Board,9th Grade,Urdu,Hindi,No,
Uttar Pradesh Board,10th Grade,Mathematics,Hindi,Partial,"Partial Coverage of videos, lessons and private publishers"
Uttar Pradesh Board,10th Grade,Science,Hindi,Partial,"Partial Coverage of videos, lessons and private publishers"
Uttar Pradesh Board,10th Grade,Social Science,Hindi,Partial,"Partial Coverage of videos, lessons and private publishers"
Uttar Pradesh Board,10th Grade,Environmental Studies,Hindi,No,
Uttar Pradesh Board,10th Grade,Computer Education,Hindi,No,
Uttar Pradesh Board,10th Grade,Physical Education,Hindi,No,
Uttar Pradesh Board,10th Grade,Art Education,Hindi,No,
Uttar Pradesh Board,10th Grade,Work Education,Hindi,No,
Uttar Pradesh Board,10th Grade,English,Hindi,No,
Uttar Pradesh Board,10th Grade,Hindi,Hindi,No,
Uttar Pradesh Board,10th Grade,Sanskrit,Hindi,No,
Uttar Pradesh Board,10th Grade,Urdu,Hindi,No,
Uttar Pradesh Board,11th Grade,Physics,Hindi,Partial,"Partial Coverage of videos, lessons and private publishers"
Uttar Pradesh Board,11th Grade,Chemistry,Hindi,Partial,"Partial Coverage of videos, lessons and private publishers"
Uttar Pradesh Board,11th Grade,Mathematics,Hindi,Partial,"Partial Coverage of videos, lessons and private publishers"
Uttar Pradesh Board,11th Grade,Biology,Hindi,Partial,"Partial Coverage of videos, lessons and private publishers"
Uttar Pradesh Board,11th Grade,Computer Science,Hindi,No,
Uttar Pradesh Board,11th Grade,Environmental Science,Hindi,No,
Uttar Pradesh Board,11th Grade,Economics,Hindi,No,
Uttar Pradesh Board,11th Grade,History,Hindi,No,
Uttar Pradesh Board,11th Grade,Geography,Hindi,No,
Uttar Pradesh Board,11th Grade,Political Science,Hindi,No,
Uttar Pradesh Board,11th Grade,Sociology,Hindi,No,
Uttar Pradesh Board,11th Grade,Psychology,Hindi,No,
Uttar Pradesh Board,11th Grade,Philosophy,Hindi,No,
Uttar Pradesh Board,11th Grade,Home Science,Hindi,No,
Uttar Pradesh Board,11th Grade,Physical Education,Hindi,No,
Uttar Pradesh Board,11th Grade,Accountancy,Hindi,No,
Uttar Pradesh Board,11th Grade,Business Studies,Hindi,No,
Uttar Pradesh Board,11th Grade,Entrepreneurship,Hindi,No,
Uttar Pradesh Board,11th Grade,Statistics,Hindi,No,
Uttar Pradesh Board,11th Grade,Agriculture,Hindi,No,
Uttar Pradesh Board,11th Grade,English,Hindi,No,
Uttar Pradesh Board,11th Grade,Hindi,Hindi,No,
Uttar Pradesh Board,11th Grade,Sanskrit,Hindi,No,
Uttar Pradesh Board,11th Grade,Urdu,Hindi,No,
Uttar Pradesh Board,12th Grade,Physics,Hindi,Partial,"Partial Coverage of videos, lessons and private publishers"
Uttar Pradesh Board,12th Grade,Chemistry,Hindi,Partial,"Partial Coverage of videos, lessons and private publishers"
Uttar Pradesh Board,12th Grade,Mathematics,Hindi,Partial,"Partial Coverage of videos, lessons and private publishers"
Uttar Pradesh Board,12th Grade,Biology,Hindi,Partial,"Partial Coverage of videos, lessons and private publishers"
Uttar Pradesh Board,12th Grade,Computer Science,Hindi,No,
Uttar Pradesh Board,12th Grade,Environmental Science,Hindi,No,
Uttar Pradesh Board,12th Grade,Economics,Hindi,No,
Uttar Pradesh Board,12th Grade,History,Hindi,No,
Uttar Pradesh Board,12th Grade,Geography,Hindi,No,
Uttar Pradesh Board,12th Grade,Political Science,Hindi,No,
Uttar Pradesh Board,12th Grade,Sociology,Hindi,No,
Uttar Pradesh Board,12th Grade,Psychology,Hindi,No,
Uttar Pradesh Board,12th Grade,Philosophy,Hindi,No,
Uttar Pradesh Board,12th Grade,Home Science,Hindi,No,
Uttar Pradesh Board,12th Grade,Physical Education,Hindi,No,
Uttar Pradesh Board,12th Grade,Accountancy,Hindi,No,
Uttar Pradesh Board,12th Grade,Business Studies,Hindi,No,
Uttar Pradesh Board,12th Grade,Entrepreneurship,Hindi,No,
Uttar Pradesh Board,12th Grade,Statistics,Hindi,No,
Uttar Pradesh Board,12th Grade,Agriculture,Hindi,No,
Uttar Pradesh Board,12th Grade,English,Hindi,No,
Uttar Pradesh Board,12th Grade,Hindi,Hindi,No,
Uttar Pradesh Board,12th Grade,Sanskrit,Hindi,No,
Uttar Pradesh Board,12th Grade,Urdu,Hindi,No,
Uttarakhand Board,1st Grade,Mathematics,English,No,
Uttarakhand Board,1st Grade,Environmental Studies,English,No,
Uttarakhand Board,1st Grade,Computer Awareness,English,No,
Uttarakhand Board,1st Grade,General Knowledge,English,No,
Uttarakhand Board,1st Grade,Moral Education,English,No,
Uttarakhand Board,1st Grade,Physical Education,English,No,
Uttarakhand Board,1st Grade,Art & Craft,English,No,
Uttarakhand Board,1st Grade,Work Education,English,No,
Uttarakhand Board,1st Grade,English,English,No,
Uttarakhand Board,1st Grade,Hindi,English,No,
Uttarakhand Board,1st Grade,Urdu,English,No,
Uttarakhand Board,2nd Grade,Mathematics,English,No,
Uttarakhand Board,2nd Grade,Environmental Studies,English,No,
Uttarakhand Board,2nd Grade,Computer Awareness,English,No,
Uttarakhand Board,2nd Grade,General Knowledge,English,No,
Uttarakhand Board,2nd Grade,Moral Education,English,No,
Uttarakhand Board,2nd Grade,Physical Education,English,No,
Uttarakhand Board,2nd Grade,Art & Craft,English,No,
Uttarakhand Board,2nd Grade,Work Education,English,No,
Uttarakhand Board,2nd Grade,English,English,No,
Uttarakhand Board,2nd Grade,Hindi,English,No,
Uttarakhand Board,2nd Grade,Urdu,English,No,
Uttarakhand Board,3rd Grade,Mathematics,English,No,
Uttarakhand Board,3rd Grade,Environmental Studies,English,No,
Uttarakhand Board,3rd Grade,Computer Awareness,English,No,
Uttarakhand Board,3rd Grade,General Knowledge,English,No,
Uttarakhand Board,3rd Grade,Moral Education,English,No,
Uttarakhand Board,3rd Grade,Physical Education,English,No,
Uttarakhand Board,3rd Grade,Art & Craft,English,No,
Uttarakhand Board,3rd Grade,Work Education,English,No,
Uttarakhand Board,3rd Grade,English,English,No,
Uttarakhand Board,3rd Grade,Hindi,English,No,
Uttarakhand Board,3rd Grade,Urdu,English,No,
Uttarakhand Board,4th Grade,Mathematics,English,No,
Uttarakhand Board,4th Grade,Environmental Studies,English,No,
Uttarakhand Board,4th Grade,Computer Awareness,English,No,
Uttarakhand Board,4th Grade,General Knowledge,English,No,
Uttarakhand Board,4th Grade,Moral Education,English,No,
Uttarakhand Board,4th Grade,Physical Education,English,No,
Uttarakhand Board,4th Grade,Art & Craft,English,No,
Uttarakhand Board,4th Grade,Work Education,English,No,
Uttarakhand Board,4th Grade,English,English,No,
Uttarakhand Board,4th Grade,Hindi,English,No,
Uttarakhand Board,4th Grade,Urdu,English,No,
Uttarakhand Board,5th Grade,Mathematics,English,No,
Uttarakhand Board,5th Grade,Environmental Studies,English,No,
Uttarakhand Board,5th Grade,Computer Awareness,English,No,
Uttarakhand Board,5th Grade,General Knowledge,English,No,
Uttarakhand Board,5th Grade,Moral Education,English,No,
Uttarakhand Board,5th Grade,Physical Education,English,No,
Uttarakhand Board,5th Grade,Art & Craft,English,No,
Uttarakhand Board,5th Grade,Work Education,English,No,
Uttarakhand Board,5th Grade,English,English,No,
Uttarakhand Board,5th Grade,Hindi,English,No,
Uttarakhand Board,5th Grade,Urdu,English,No,
Uttarakhand Board,6th Grade,Mathematics,English,Yes,
Uttarakhand Board,6th Grade,Science,English,Yes,
Uttarakhand Board,6th Grade,Social Science,English,Partial,Partial Coverage of Lessons and Videos
Uttarakhand Board,6th Grade,Environmental Studies,English,No,
Uttarakhand Board,6th Grade,Computer Education,English,No,
Uttarakhand Board,6th Grade,Physical Education,English,No,
Uttarakhand Board,6th Grade,Art Education,English,No,
Uttarakhand Board,6th Grade,Work Education,English,No,
Uttarakhand Board,6th Grade,English,English,No,
Uttarakhand Board,6th Grade,Hindi,English,No,
Uttarakhand Board,6th Grade,Sanskrit,English,No,
Uttarakhand Board,6th Grade,Urdu,English,No,
Uttarakhand Board,7th Grade,Mathematics,English,Yes,
Uttarakhand Board,7th Grade,Science,English,Yes,
Uttarakhand Board,7th Grade,Social Science,English,Partial,Partial Coverage of Lessons and Videos
Uttarakhand Board,7th Grade,Environmental Studies,English,No,
Uttarakhand Board,7th Grade,Computer Education,English,No,
Uttarakhand Board,7th Grade,Physical Education,English,No,
Uttarakhand Board,7th Grade,Art Education,English,No,
Uttarakhand Board,7th Grade,Work Education,English,No,
Uttarakhand Board,7th Grade,English,English,No,
Uttarakhand Board,7th Grade,Hindi,English,No,
Uttarakhand Board,7th Grade,Sanskrit,English,No,
Uttarakhand Board,7th Grade,Urdu,English,No,
Uttarakhand Board,8th Grade,Mathematics,English,Yes,
Uttarakhand Board,8th Grade,Science,English,Yes,
Uttarakhand Board,8th Grade,Social Science,English,Partial,Partial Coverage of Lessons and Videos
Uttarakhand Board,8th Grade,Environmental Studies,English,No,
Uttarakhand Board,8th Grade,Computer Education,English,No,
Uttarakhand Board,8th Grade,Physical Education,English,No,
Uttarakhand Board,8th Grade,Art Education,English,No,
Uttarakhand Board,8th Grade,Work Education,English,No,
Uttarakhand Board,8th Grade,English,English,No,
Uttarakhand Board,8th Grade,Hindi,English,No,
Uttarakhand Board,8th Grade,Sanskrit,English,No,
Uttarakhand Board,8th Grade,Urdu,English,No,
Uttarakhand Board,9th Grade,Mathematics,English,Yes,
Uttarakhand Board,9th Grade,Science,English,Yes,
Uttarakhand Board,9th Grade,Social Science,English,Yes,
Uttarakhand Board,9th Grade,Environmental Studies,English,No,
Uttarakhand Board,9th Grade,Computer Education,English,No,
Uttarakhand Board,9th Grade,Physical Education,English,No,
Uttarakhand Board,9th Grade,Art Education,English,No,
Uttarakhand Board,9th Grade,Work Education,English,No,
Uttarakhand Board,9th Grade,English,English,No,
Uttarakhand Board,9th Grade,Hindi,English,No,
Uttarakhand Board,9th Grade,Sanskrit,English,No,
Uttarakhand Board,9th Grade,Urdu,English,No,
Uttarakhand Board,10th Grade,Mathematics,English,Yes,
Uttarakhand Board,10th Grade,Science,English,Yes,
Uttarakhand Board,10th Grade,Social Science,English,Yes,
Uttarakhand Board,10th Grade,Environmental Studies,English,No,
Uttarakhand Board,10th Grade,Computer Education,English,No,
Uttarakhand Board,10th Grade,Physical Education,English,No,
Uttarakhand Board,10th Grade,Art Education,English,No,
Uttarakhand Board,10th Grade,Work Education,English,No,
Uttarakhand Board,10th Grade,English,English,No,
Uttarakhand Board,10th Grade,Hindi,English,No,
Uttarakhand Board,10th Grade,Sanskrit,English,No,
Uttarakhand Board,10th Grade,Urdu,English,No,
Uttarakhand Board,11th Grade,Physics,English,Yes,
Uttarakhand Board,11th Grade,Chemistry,English,Yes,
Uttarakhand Board,11th Grade,Mathematics,English,Yes,
Uttarakhand Board,11th Grade,Biology,English,Yes,
Uttarakhand Board,11th Grade,Computer Science,English,No,
Uttarakhand Board,11th Grade,Environmental Science,English,No,
Uttarakhand Board,11th Grade,Economics,English,No,
Uttarakhand Board,11th Grade,History,English,No,
Uttarakhand Board,11th Grade,Geography,English,No,
Uttarakhand Board,11th Grade,Political Science,English,No,
Uttarakhand Board,11th Grade,Sociology,English,No,
Uttarakhand Board,11th Grade,Psychology,English,No,
Uttarakhand Board,11th Grade,Philosophy,English,No,
Uttarakhand Board,11th Grade,Home Science,English,No,
Uttarakhand Board,11th Grade,Physical Education,English,No,
Uttarakhand Board,11th Grade,Accountancy,English,No,
Uttarakhand Board,11th Grade,Business Studies,English,No,
Uttarakhand Board,11th Grade,Entrepreneurship,English,No,
Uttarakhand Board,11th Grade,Statistics,English,No,
Uttarakhand Board,11th Grade,Agriculture,English,No,
Uttarakhand Board,11th Grade,English,English,No,
Uttarakhand Board,11th Grade,Hindi,English,No,
Uttarakhand Board,11th Grade,Sanskrit,English,No,
Uttarakhand Board,11th Grade,Urdu,English,No,
Uttarakhand Board,12th Grade,Physics,English,Yes,
Uttarakhand Board,12th Grade,Chemistry,English,Yes,
Uttarakhand Board,12th Grade,Mathematics,English,Yes,
Uttarakhand Board,12th Grade,Biology,English,Yes,
Uttarakhand Board,12th Grade,Computer Science,English,No,
Uttarakhand Board,12th Grade,Environmental Science,English,No,
Uttarakhand Board,12th Grade,Economics,English,No,
Uttarakhand Board,12th Grade,History,English,No,
Uttarakhand Board,12th Grade,Geography,English,No,
Uttarakhand Board,12th Grade,Political Science,English,No,
Uttarakhand Board,12th Grade,Sociology,English,No,
Uttarakhand Board,12th Grade,Psychology,English,No,
Uttarakhand Board,12th Grade,Philosophy,English,No,
Uttarakhand Board,12th Grade,Home Science,English,No,
Uttarakhand Board,12th Grade,Physical Education,English,No,
Uttarakhand Board,12th Grade,Accountancy,English,No,
Uttarakhand Board,12th Grade,Business Studies,English,No,
Uttarakhand Board,12th Grade,Entrepreneurship,English,No,
Uttarakhand Board,12th Grade,Statistics,English,No,
Uttarakhand Board,12th Grade,Agriculture,English,No,
Uttarakhand Board,12th Grade,English,English,No,
Uttarakhand Board,12th Grade,Hindi,English,No,
Uttarakhand Board,12th Grade,Sanskrit,English,No,
Uttarakhand Board,12th Grade,Urdu,English,No,
Uttarakhand Board,1st Grade,Mathematics,Hindi,No,
Uttarakhand Board,1st Grade,Environmental Studies,Hindi,No,
Uttarakhand Board,1st Grade,Computer Awareness,Hindi,No,
Uttarakhand Board,1st Grade,General Knowledge,Hindi,No,
Uttarakhand Board,1st Grade,Moral Education,Hindi,No,
Uttarakhand Board,1st Grade,Physical Education,Hindi,No,
Uttarakhand Board,1st Grade,Art & Craft,Hindi,No,
Uttarakhand Board,1st Grade,Work Education,Hindi,No,
Uttarakhand Board,1st Grade,English,Hindi,No,
Uttarakhand Board,1st Grade,Hindi,Hindi,No,
Uttarakhand Board,1st Grade,Urdu,Hindi,No,
Uttarakhand Board,2nd Grade,Mathematics,Hindi,No,
Uttarakhand Board,2nd Grade,Environmental Studies,Hindi,No,
Uttarakhand Board,2nd Grade,Computer Awareness,Hindi,No,
Uttarakhand Board,2nd Grade,General Knowledge,Hindi,No,
Uttarakhand Board,2nd Grade,Moral Education,Hindi,No,
Uttarakhand Board,2nd Grade,Physical Education,Hindi,No,
Uttarakhand Board,2nd Grade,Art & Craft,Hindi,No,
Uttarakhand Board,2nd Grade,Work Education,Hindi,No,
Uttarakhand Board,2nd Grade,English,Hindi,No,
Uttarakhand Board,2nd Grade,Hindi,Hindi,No,
Uttarakhand Board,2nd Grade,Urdu,Hindi,No,
Uttarakhand Board,3rd Grade,Mathematics,Hindi,No,
Uttarakhand Board,3rd Grade,Environmental Studies,Hindi,No,
Uttarakhand Board,3rd Grade,Computer Awareness,Hindi,No,
Uttarakhand Board,3rd Grade,General Knowledge,Hindi,No,
Uttarakhand Board,3rd Grade,Moral Education,Hindi,No,
Uttarakhand Board,3rd Grade,Physical Education,Hindi,No,
Uttarakhand Board,3rd Grade,Art & Craft,Hindi,No,
Uttarakhand Board,3rd Grade,Work Education,Hindi,No,
Uttarakhand Board,3rd Grade,English,Hindi,No,
Uttarakhand Board,3rd Grade,Hindi,Hindi,No,
Uttarakhand Board,3rd Grade,Urdu,Hindi,No,
Uttarakhand Board,4th Grade,Mathematics,Hindi,No,
Uttarakhand Board,4th Grade,Environmental Studies,Hindi,No,
Uttarakhand Board,4th Grade,Computer Awareness,Hindi,No,
Uttarakhand Board,4th Grade,General Knowledge,Hindi,No,
Uttarakhand Board,4th Grade,Moral Education,Hindi,No,
Uttarakhand Board,4th Grade,Physical Education,Hindi,No,
Uttarakhand Board,4th Grade,Art & Craft,Hindi,No,
Uttarakhand Board,4th Grade,Work Education,Hindi,No,
Uttarakhand Board,4th Grade,English,Hindi,No,
Uttarakhand Board,4th Grade,Hindi,Hindi,No,
Uttarakhand Board,4th Grade,Urdu,Hindi,No,
Uttarakhand Board,5th Grade,Mathematics,Hindi,No,
Uttarakhand Board,5th Grade,Environmental Studies,Hindi,No,
Uttarakhand Board,5th Grade,Computer Awareness,Hindi,No,
Uttarakhand Board,5th Grade,General Knowledge,Hindi,No,
Uttarakhand Board,5th Grade,Moral Education,Hindi,No,
Uttarakhand Board,5th Grade,Physical Education,Hindi,No,
Uttarakhand Board,5th Grade,Art & Craft,Hindi,No,
Uttarakhand Board,5th Grade,Work Education,Hindi,No,
Uttarakhand Board,5th Grade,English,Hindi,No,
Uttarakhand Board,5th Grade,Hindi,Hindi,No,
Uttarakhand Board,5th Grade,Urdu,Hindi,No,
Uttarakhand Board,6th Grade,Mathematics,Hindi,Partial,"Partial Coverage of videos, lessons and private publishers"
Uttarakhand Board,6th Grade,Science,Hindi,Partial,"Partial Coverage of videos, lessons and private publishers"
Uttarakhand Board,6th Grade,Social Science,Hindi,Partial,"Partial Coverage of videos, lessons and private publishers"
Uttarakhand Board,6th Grade,Environmental Studies,Hindi,No,
Uttarakhand Board,6th Grade,Computer Education,Hindi,No,
Uttarakhand Board,6th Grade,Physical Education,Hindi,No,
Uttarakhand Board,6th Grade,Art Education,Hindi,No,
Uttarakhand Board,6th Grade,Work Education,Hindi,No,
Uttarakhand Board,6th Grade,English,Hindi,No,
Uttarakhand Board,6th Grade,Hindi,Hindi,No,
Uttarakhand Board,6th Grade,Sanskrit,Hindi,No,
Uttarakhand Board,6th Grade,Urdu,Hindi,No,
Uttarakhand Board,7th Grade,Mathematics,Hindi,Partial,"Partial Coverage of videos, lessons and private publishers"
Uttarakhand Board,7th Grade,Science,Hindi,Partial,"Partial Coverage of videos, lessons and private publishers"
Uttarakhand Board,7th Grade,Social Science,Hindi,Partial,"Partial Coverage of videos, lessons and private publishers"
Uttarakhand Board,7th Grade,Environmental Studies,Hindi,No,
Uttarakhand Board,7th Grade,Computer Education,Hindi,No,
Uttarakhand Board,7th Grade,Physical Education,Hindi,No,
Uttarakhand Board,7th Grade,Art Education,Hindi,No,
Uttarakhand Board,7th Grade,Work Education,Hindi,No,
Uttarakhand Board,7th Grade,English,Hindi,No,
Uttarakhand Board,7th Grade,Hindi,Hindi,No,
Uttarakhand Board,7th Grade,Sanskrit,Hindi,No,
Uttarakhand Board,7th Grade,Urdu,Hindi,No,
Uttarakhand Board,8th Grade,Mathematics,Hindi,Partial,"Partial Coverage of videos, lessons and private publishers"
Uttarakhand Board,8th Grade,Science,Hindi,Partial,"Partial Coverage of videos, lessons and private publishers"
Uttarakhand Board,8th Grade,Social Science,Hindi,Partial,"Partial Coverage of videos, lessons and private publishers"
Uttarakhand Board,8th Grade,Environmental Studies,Hindi,No,
Uttarakhand Board,8th Grade,Computer Education,Hindi,No,
Uttarakhand Board,8th Grade,Physical Education,Hindi,No,
Uttarakhand Board,8th Grade,Art Education,Hindi,No,
Uttarakhand Board,8th Grade,Work Education,Hindi,No,
Uttarakhand Board,8th Grade,English,Hindi,No,
Uttarakhand Board,8th Grade,Hindi,Hindi,No,
Uttarakhand Board,8th Grade,Sanskrit,Hindi,No,
Uttarakhand Board,8th Grade,Urdu,Hindi,No,
Uttarakhand Board,9th Grade,Mathematics,Hindi,Partial,"Partial Coverage of videos, lessons and private publishers"
Uttarakhand Board,9th Grade,Science,Hindi,Partial,"Partial Coverage of videos, lessons and private publishers"
Uttarakhand Board,9th Grade,Social Science,Hindi,Partial,"Partial Coverage of videos, lessons and private publishers"
Uttarakhand Board,9th Grade,Environmental Studies,Hindi,No,
Uttarakhand Board,9th Grade,Computer Education,Hindi,No,
Uttarakhand Board,9th Grade,Physical Education,Hindi,No,
Uttarakhand Board,9th Grade,Art Education,Hindi,No,
Uttarakhand Board,9th Grade,Work Education,Hindi,No,
Uttarakhand Board,9th Grade,English,Hindi,No,
Uttarakhand Board,9th Grade,Hindi,Hindi,No,
Uttarakhand Board,9th Grade,Sanskrit,Hindi,No,
Uttarakhand Board,9th Grade,Urdu,Hindi,No,
Uttarakhand Board,10th Grade,Mathematics,Hindi,Partial,"Partial Coverage of videos, lessons and private publishers"
Uttarakhand Board,10th Grade,Science,Hindi,Partial,"Partial Coverage of videos, lessons and private publishers"
Uttarakhand Board,10th Grade,Social Science,Hindi,Partial,"Partial Coverage of videos, lessons and private publishers"
Uttarakhand Board,10th Grade,Environmental Studies,Hindi,No,
Uttarakhand Board,10th Grade,Computer Education,Hindi,No,
Uttarakhand Board,10th Grade,Physical Education,Hindi,No,
Uttarakhand Board,10th Grade,Art Education,Hindi,No,
Uttarakhand Board,10th Grade,Work Education,Hindi,No,
Uttarakhand Board,10th Grade,English,Hindi,No,
Uttarakhand Board,10th Grade,Hindi,Hindi,No,
Uttarakhand Board,10th Grade,Sanskrit,Hindi,No,
Uttarakhand Board,10th Grade,Urdu,Hindi,No,
Uttarakhand Board,11th Grade,Physics,Hindi,Partial,"Partial Coverage of videos, lessons and private publishers"
Uttarakhand Board,11th Grade,Chemistry,Hindi,Partial,"Partial Coverage of videos, lessons and private publishers"
Uttarakhand Board,11th Grade,Mathematics,Hindi,Partial,"Partial Coverage of videos, lessons and private publishers"
Uttarakhand Board,11th Grade,Biology,Hindi,Partial,"Partial Coverage of videos, lessons and private publishers"
Uttarakhand Board,11th Grade,Computer Science,Hindi,No,
Uttarakhand Board,11th Grade,Environmental Science,Hindi,No,
Uttarakhand Board,11th Grade,Economics,Hindi,No,
Uttarakhand Board,11th Grade,History,Hindi,No,
Uttarakhand Board,11th Grade,Geography,Hindi,No,
Uttarakhand Board,11th Grade,Political Science,Hindi,No,
Uttarakhand Board,11th Grade,Sociology,Hindi,No,
Uttarakhand Board,11th Grade,Psychology,Hindi,No,
Uttarakhand Board,11th Grade,Philosophy,Hindi,No,
Uttarakhand Board,11th Grade,Home Science,Hindi,No,
Uttarakhand Board,11th Grade,Physical Education,Hindi,No,
Uttarakhand Board,11th Grade,Accountancy,Hindi,No,
Uttarakhand Board,11th Grade,Business Studies,Hindi,No,
Uttarakhand Board,11th Grade,Entrepreneurship,Hindi,No,
Uttarakhand Board,11th Grade,Statistics,Hindi,No,
Uttarakhand Board,11th Grade,Agriculture,Hindi,No,
Uttarakhand Board,11th Grade,English,Hindi,No,
Uttarakhand Board,11th Grade,Hindi,Hindi,No,
Uttarakhand Board,11th Grade,Sanskrit,Hindi,No,
Uttarakhand Board,11th Grade,Urdu,Hindi,No,
Uttarakhand Board,12th Grade,Physics,Hindi,Partial,"Partial Coverage of videos, lessons and private publishers"
Uttarakhand Board,12th Grade,Chemistry,Hindi,Partial,"Partial Coverage of videos, lessons and private publishers"
Uttarakhand Board,12th Grade,Mathematics,Hindi,Partial,"Partial Coverage of videos, lessons and private publishers"
Uttarakhand Board,12th Grade,Biology,Hindi,Partial,"Partial Coverage of videos, lessons and private publishers"
Uttarakhand Board,12th Grade,Computer Science,Hindi,No,
Uttarakhand Board,12th Grade,Environmental Science,Hindi,No,
Uttarakhand Board,12th Grade,Economics,Hindi,No,
Uttarakhand Board,12th Grade,History,Hindi,No,
Uttarakhand Board,12th Grade,Geography,Hindi,No,
Uttarakhand Board,12th Grade,Political Science,Hindi,No,
Uttarakhand Board,12th Grade,Sociology,Hindi,No,
Uttarakhand Board,12th Grade,Psychology,Hindi,No,
Uttarakhand Board,12th Grade,Philosophy,Hindi,No,
Uttarakhand Board,12th Grade,Home Science,Hindi,No,
Uttarakhand Board,12th Grade,Physical Education,Hindi,No,
Uttarakhand Board,12th Grade,Accountancy,Hindi,No,
Uttarakhand Board,12th Grade,Business Studies,Hindi,No,
Uttarakhand Board,12th Grade,Entrepreneurship,Hindi,No,
Uttarakhand Board,12th Grade,Statistics,Hindi,No,
Uttarakhand Board,12th Grade,Agriculture,Hindi,No,
Uttarakhand Board,12th Grade,English,Hindi,No,
Uttarakhand Board,12th Grade,Hindi,Hindi,No,
Uttarakhand Board,12th Grade,Sanskrit,Hindi,No,
Uttarakhand Board,12th Grade,Urdu,Hindi,No,
West Bengal Board,1st Grade,Mathematics,English,No,
West Bengal Board,1st Grade, Environmental Studies,English,No,
West Bengal Board,1st Grade, Computer Awareness,English,No,
West Bengal Board,1st Grade, General Knowledge,English,No,
West Bengal Board,1st Grade, Moral Education,English,No,
West Bengal Board,1st Grade, Physical Education,English,No,
West Bengal Board,1st Grade, Art & Craft,English,No,
West Bengal Board,1st Grade, Work Education,English,No,
West Bengal Board,1st Grade, English,English,No,
West Bengal Board,1st Grade, Bengali,English,No,
West Bengal Board,1st Grade, Hindi,English,No,
West Bengal Board,1st Grade, Urdu,English,No,
West Bengal Board,1st Grade, Nepali,English,No,
West Bengal Board,2nd Grade,Mathematics,English,No,
West Bengal Board,2nd Grade, Environmental Studies,English,No,
West Bengal Board,2nd Grade, Computer Awareness,English,No,
West Bengal Board,2nd Grade, General Knowledge,English,No,
West Bengal Board,2nd Grade, Moral Education,English,No,
West Bengal Board,2nd Grade, Physical Education,English,No,
West Bengal Board,2nd Grade, Art & Craft,English,No,
West Bengal Board,2nd Grade, Work Education,English,No,
West Bengal Board,2nd Grade, English,English,No,
West Bengal Board,2nd Grade, Bengali,English,No,
West Bengal Board,2nd Grade, Hindi,English,No,
West Bengal Board,2nd Grade, Urdu,English,No,
West Bengal Board,2nd Grade, Nepali,English,No,
West Bengal Board,3rd Grade,Mathematics,English,No,
West Bengal Board,3rd Grade, Environmental Studies,English,No,
West Bengal Board,3rd Grade, Computer Awareness,English,No,
West Bengal Board,3rd Grade, General Knowledge,English,No,
West Bengal Board,3rd Grade, Moral Education,English,No,
West Bengal Board,3rd Grade, Physical Education,English,No,
West Bengal Board,3rd Grade, Art & Craft,English,No,
West Bengal Board,3rd Grade, Work Education,English,No,
West Bengal Board,3rd Grade, English,English,No,
West Bengal Board,3rd Grade, Bengali,English,No,
West Bengal Board,3rd Grade, Hindi,English,No,
West Bengal Board,3rd Grade, Urdu,English,No,
West Bengal Board,3rd Grade, Nepali,English,No,
West Bengal Board,4th Grade,Mathematics,English,No,
West Bengal Board,4th Grade, Environmental Studies,English,No,
West Bengal Board,4th Grade, Computer Awareness,English,No,
West Bengal Board,4th Grade, General Knowledge,English,No,
West Bengal Board,4th Grade, Moral Education,English,No,
West Bengal Board,4th Grade, Physical Education,English,No,
West Bengal Board,4th Grade, Art & Craft,English,No,
West Bengal Board,4th Grade, Work Education,English,No,
West Bengal Board,4th Grade, English,English,No,
West Bengal Board,4th Grade, Bengali,English,No,
West Bengal Board,4th Grade, Hindi,English,No,
West Bengal Board,4th Grade, Urdu,English,No,
West Bengal Board,4th Grade, Nepali,English,No,
West Bengal Board,5th Grade,Mathematics,English,No,
West Bengal Board,5th Grade, Environmental Studies,English,No,
West Bengal Board,5th Grade, Computer Awareness,English,No,
West Bengal Board,5th Grade, General Knowledge,English,No,
West Bengal Board,5th Grade, Moral Education,English,No,
West Bengal Board,5th Grade, Physical Education,English,No,
West Bengal Board,5th Grade, Art & Craft,English,No,
West Bengal Board,5th Grade, Work Education,English,No,
West Bengal Board,5th Grade, English,English,No,
West Bengal Board,5th Grade, Bengali,English,No,
West Bengal Board,5th Grade, Hindi,English,No,
West Bengal Board,5th Grade, Urdu,English,No,
West Bengal Board,5th Grade, Nepali,English,No,
West Bengal Board,6th Grade,Life Science,English,Yes,
West Bengal Board,6th Grade, Mathematics,English,Yes,
West Bengal Board,6th Grade, Physical Science,English,Yes,
West Bengal Board,6th Grade,Social Science,English,No,
West Bengal Board,6th Grade, Environmental Studies,English,No,
West Bengal Board,6th Grade, Computer Education,English,No,
West Bengal Board,6th Grade, Physical Education,English,No,
West Bengal Board,6th Grade, Art Education,English,No,
West Bengal Board,6th Grade, Work Education,English,No,
West Bengal Board,6th Grade, English,English,No,
West Bengal Board,6th Grade, Bengali,English,No,
West Bengal Board,6th Grade, Hindi,English,No,
West Bengal Board,6th Grade, Urdu,English,No,
West Bengal Board,6th Grade, Nepali,English,No,
West Bengal Board,6th Grade, Sanskrit,English,No,
West Bengal Board,7th Grade,Life Science,English,Yes,
West Bengal Board,7th Grade, Mathematics,English,Yes,
West Bengal Board,7th Grade, Physical Science,English,Yes,
West Bengal Board,7th Grade,Social Science,English,No,
West Bengal Board,7th Grade, Environmental Studies,English,No,
West Bengal Board,7th Grade, Computer Education,English,No,
West Bengal Board,7th Grade, Physical Education,English,No,
West Bengal Board,7th Grade, Art Education,English,No,
West Bengal Board,7th Grade, Work Education,English,No,
West Bengal Board,7th Grade, English,English,No,
West Bengal Board,7th Grade, Bengali,English,No,
West Bengal Board,7th Grade, Hindi,English,No,
West Bengal Board,7th Grade, Urdu,English,No,
West Bengal Board,7th Grade, Nepali,English,No,
West Bengal Board,7th Grade, Sanskrit,English,No,
West Bengal Board,8th Grade,Life Science,English,Yes,
West Bengal Board,8th Grade, Mathematics,English,Yes,
West Bengal Board,8th Grade, Physical Science,English,Yes,
West Bengal Board,8th Grade,Social Science,English,No,
West Bengal Board,8th Grade, Environmental Studies,English,No,
West Bengal Board,8th Grade, Computer Education,English,No,
West Bengal Board,8th Grade, Physical Education,English,No,
West Bengal Board,8th Grade, Art Education,English,No,
West Bengal Board,8th Grade, Work Education,English,No,
West Bengal Board,8th Grade, English,English,No,
West Bengal Board,8th Grade, Bengali,English,No,
West Bengal Board,8th Grade, Hindi,English,No,
West Bengal Board,8th Grade, Urdu,English,No,
West Bengal Board,8th Grade, Nepali,English,No,
West Bengal Board,8th Grade, Sanskrit,English,No,
West Bengal Board,9th Grade,Life Science,English,Yes,
West Bengal Board,9th Grade, Mathematics,English,Yes,
West Bengal Board,9th Grade, Physical Science,English,Yes,
West Bengal Board,9th Grade,Social Science,English,No,
West Bengal Board,9th Grade, Environmental Studies,English,No,
West Bengal Board,9th Grade, Computer Education,English,No,
West Bengal Board,9th Grade, Physical Education,English,No,
West Bengal Board,9th Grade, Art Education,English,No,
West Bengal Board,9th Grade, Work Education,English,No,
West Bengal Board,9th Grade, English,English,No,
West Bengal Board,9th Grade, Bengali,English,No,
West Bengal Board,9th Grade, Hindi,English,No,
West Bengal Board,9th Grade, Urdu,English,No,
West Bengal Board,9th Grade, Nepali,English,No,
West Bengal Board,9th Grade, Sanskrit,English,No,
West Bengal Board,10th Grade,Life Science,English,Yes,
West Bengal Board,10th Grade, Mathematics,English,Yes,
West Bengal Board,10th Grade, Physical Science,English,Yes,
West Bengal Board,10th Grade,Social Science,English,No,
West Bengal Board,10th Grade, Environmental Studies,English,No,
West Bengal Board,10th Grade, Computer Education,English,No,
West Bengal Board,10th Grade, Physical Education,English,No,
West Bengal Board,10th Grade, Art Education,English,No,
West Bengal Board,10th Grade, Work Education,English,No,
West Bengal Board,10th Grade, English,English,No,
West Bengal Board,10th Grade, Bengali,English,No,
West Bengal Board,10th Grade, Hindi,English,No,
West Bengal Board,10th Grade, Urdu,English,No,
West Bengal Board,10th Grade, Nepali,English,No,
West Bengal Board,10th Grade, Sanskrit,English,No,
West Bengal Board,11th Grade,Physics,English,Yes,
West Bengal Board,11th Grade, Chemistry,English,Yes,
West Bengal Board,11th Grade, Mathematics,English,Yes,
West Bengal Board,11th Grade, Biology,English,Yes,
West Bengal Board,11th Grade, Computer Science,English,No,
West Bengal Board,11th Grade, Environmental Science,English,No,
West Bengal Board,11th Grade, Biotechnology,English,No,
West Bengal Board,11th Grade, Economics,English,No,
West Bengal Board,11th Grade, History,English,No,
West Bengal Board,11th Grade, Geography,English,No,
West Bengal Board,11th Grade, Political Science,English,No,
West Bengal Board,11th Grade, Sociology,English,No,
West Bengal Board,11th Grade, Psychology,English,No,
West Bengal Board,11th Grade, Philosophy,English,No,
West Bengal Board,11th Grade, Education,English,No,
West Bengal Board,11th Grade, Home Science,English,No,
West Bengal Board,11th Grade, Physical Education,English,No,
West Bengal Board,11th Grade, Accountancy,English,No,
West Bengal Board,11th Grade, Business Studies,English,No,
West Bengal Board,11th Grade, Entrepreneurship,English,No,
West Bengal Board,11th Grade, Statistics,English,No,
West Bengal Board,11th Grade, Anthropology,English,No,
West Bengal Board,11th Grade, English,English,No,
West Bengal Board,11th Grade, Bengali,English,No,
West Bengal Board,11th Grade, Hindi,English,No,
West Bengal Board,11th Grade, Urdu,English,No,
West Bengal Board,11th Grade, Nepali,English,No,
West Bengal Board,11th Grade, Sanskrit,English,No,
West Bengal Board,12th Grade,Physics,English,Partial,Partial Coverage of lessons and videos
West Bengal Board,12th Grade, Chemistry,English,Yes,
West Bengal Board,12th Grade, Mathematics,English,Yes,
West Bengal Board,12th Grade, Biology,English,Yes,
West Bengal Board,12th Grade, Computer Science,English,No,
West Bengal Board,12th Grade, Environmental Science,English,No,
West Bengal Board,12th Grade, Biotechnology,English,No,
West Bengal Board,12th Grade, Economics,English,No,
West Bengal Board,12th Grade, History,English,No,
West Bengal Board,12th Grade, Geography,English,No,
West Bengal Board,12th Grade, Political Science,English,No,
West Bengal Board,12th Grade, Sociology,English,No,
West Bengal Board,12th Grade, Psychology,English,No,
West Bengal Board,12th Grade, Philosophy,English,No,
West Bengal Board,12th Grade, Education,English,No,
West Bengal Board,12th Grade, Home Science,English,No,
West Bengal Board,12th Grade, Physical Education,English,No,
West Bengal Board,12th Grade, Accountancy,English,No,
West Bengal Board,12th Grade, Business Studies,English,No,
West Bengal Board,12th Grade, Entrepreneurship,English,No,
West Bengal Board,12th Grade, Statistics,English,No,
West Bengal Board,12th Grade, Anthropology,English,No,
West Bengal Board,12th Grade, English,English,No,
West Bengal Board,12th Grade, Bengali,English,No,
West Bengal Board,12th Grade, Hindi,English,No,
West Bengal Board,12th Grade, Urdu,English,No,
West Bengal Board,12th Grade, Nepali,English,No,
West Bengal Board,12th Grade, Sanskrit,English,No,
West Bengal Board,1st Grade,Mathematics,Bengali,No,
West Bengal Board,1st Grade, Environmental Studies,Bengali,No,
West Bengal Board,1st Grade, Computer Awareness,Bengali,No,
West Bengal Board,1st Grade, General Knowledge,Bengali,No,
West Bengal Board,1st Grade, Moral Education,Bengali,No,
West Bengal Board,1st Grade, Physical Education,Bengali,No,
West Bengal Board,1st Grade, Art & Craft,Bengali,No,
West Bengal Board,1st Grade, Work Education,Bengali,No,
West Bengal Board,1st Grade, English,Bengali,No,
West Bengal Board,1st Grade, Bengali,Bengali,No,
West Bengal Board,1st Grade, Hindi,Bengali,No,
West Bengal Board,1st Grade, Urdu,Bengali,No,
West Bengal Board,1st Grade, Nepali,Bengali,No,
West Bengal Board,2nd Grade,Mathematics,Bengali,No,
West Bengal Board,2nd Grade, Environmental Studies,Bengali,No,
West Bengal Board,2nd Grade, Computer Awareness,Bengali,No,
West Bengal Board,2nd Grade, General Knowledge,Bengali,No,
West Bengal Board,2nd Grade, Moral Education,Bengali,No,
West Bengal Board,2nd Grade, Physical Education,Bengali,No,
West Bengal Board,2nd Grade, Art & Craft,Bengali,No,
West Bengal Board,2nd Grade, Work Education,Bengali,No,
West Bengal Board,2nd Grade, English,Bengali,No,
West Bengal Board,2nd Grade, Bengali,Bengali,No,
West Bengal Board,2nd Grade, Hindi,Bengali,No,
West Bengal Board,2nd Grade, Urdu,Bengali,No,
West Bengal Board,2nd Grade, Nepali,Bengali,No,
West Bengal Board,3rd Grade,Mathematics,Bengali,No,
West Bengal Board,3rd Grade, Environmental Studies,Bengali,No,
West Bengal Board,3rd Grade, Computer Awareness,Bengali,No,
West Bengal Board,3rd Grade, General Knowledge,Bengali,No,
West Bengal Board,3rd Grade, Moral Education,Bengali,No,
West Bengal Board,3rd Grade, Physical Education,Bengali,No,
West Bengal Board,3rd Grade, Art & Craft,Bengali,No,
West Bengal Board,3rd Grade, Work Education,Bengali,No,
West Bengal Board,3rd Grade, English,Bengali,No,
West Bengal Board,3rd Grade, Bengali,Bengali,No,
West Bengal Board,3rd Grade, Hindi,Bengali,No,
West Bengal Board,3rd Grade, Urdu,Bengali,No,
West Bengal Board,3rd Grade, Nepali,Bengali,No,
West Bengal Board,4th Grade,Mathematics,Bengali,No,
West Bengal Board,4th Grade, Environmental Studies,Bengali,No,
West Bengal Board,4th Grade, Computer Awareness,Bengali,No,
West Bengal Board,4th Grade, General Knowledge,Bengali,No,
West Bengal Board,4th Grade, Moral Education,Bengali,No,
West Bengal Board,4th Grade, Physical Education,Bengali,No,
West Bengal Board,4th Grade, Art & Craft,Bengali,No,
West Bengal Board,4th Grade, Work Education,Bengali,No,
West Bengal Board,4th Grade, English,Bengali,No,
West Bengal Board,4th Grade, Bengali,Bengali,No,
West Bengal Board,4th Grade, Hindi,Bengali,No,
West Bengal Board,4th Grade, Urdu,Bengali,No,
West Bengal Board,4th Grade, Nepali,Bengali,No,
West Bengal Board,5th Grade,Mathematics,Bengali,No,
West Bengal Board,5th Grade, Environmental Studies,Bengali,No,
West Bengal Board,5th Grade, Computer Awareness,Bengali,No,
West Bengal Board,5th Grade, General Knowledge,Bengali,No,
West Bengal Board,5th Grade, Moral Education,Bengali,No,
West Bengal Board,5th Grade, Physical Education,Bengali,No,
West Bengal Board,5th Grade, Art & Craft,Bengali,No,
West Bengal Board,5th Grade, Work Education,Bengali,No,
West Bengal Board,5th Grade, English,Bengali,No,
West Bengal Board,5th Grade, Bengali,Bengali,No,
West Bengal Board,5th Grade, Hindi,Bengali,No,
West Bengal Board,5th Grade, Urdu,Bengali,No,
West Bengal Board,5th Grade, Nepali,Bengali,No,
West Bengal Board,6th Grade,Life Science,Bengali,Partial,"Partial Coverage of videos, lessons and private publishers"
West Bengal Board,6th Grade, Mathematics,Bengali,Partial,"Partial Coverage of videos, lessons and private publishers"
West Bengal Board,6th Grade, Physical Science,Bengali,Partial,"Partial Coverage of videos, lessons and private publishers"
West Bengal Board,6th Grade,Social Science,Bengali,No,
West Bengal Board,6th Grade, Environmental Studies,Bengali,No,
West Bengal Board,6th Grade, Computer Education,Bengali,No,
West Bengal Board,6th Grade, Physical Education,Bengali,No,
West Bengal Board,6th Grade, Art Education,Bengali,No,
West Bengal Board,6th Grade, Work Education,Bengali,No,
West Bengal Board,6th Grade, English,Bengali,No,
West Bengal Board,6th Grade, Bengali,Bengali,No,
West Bengal Board,6th Grade, Hindi,Bengali,No,
West Bengal Board,6th Grade, Urdu,Bengali,No,
West Bengal Board,6th Grade, Nepali,Bengali,No,
West Bengal Board,6th Grade, Sanskrit,Bengali,No,
West Bengal Board,7th Grade,Life Science,Bengali,Partial,"Partial Coverage of videos, lessons and private publishers"
West Bengal Board,7th Grade, Mathematics,Bengali,Partial,"Partial Coverage of videos, lessons and private publishers"
West Bengal Board,7th Grade, Physical Science,Bengali,Partial,"Partial Coverage of videos, lessons and private publishers"
West Bengal Board,7th Grade,Social Science,Bengali,No,
West Bengal Board,7th Grade, Environmental Studies,Bengali,No,
West Bengal Board,7th Grade, Computer Education,Bengali,No,
West Bengal Board,7th Grade, Physical Education,Bengali,No,
West Bengal Board,7th Grade, Art Education,Bengali,No,
West Bengal Board,7th Grade, Work Education,Bengali,No,
West Bengal Board,7th Grade, English,Bengali,No,
West Bengal Board,7th Grade, Bengali,Bengali,No,
West Bengal Board,7th Grade, Hindi,Bengali,No,
West Bengal Board,7th Grade, Urdu,Bengali,No,
West Bengal Board,7th Grade, Nepali,Bengali,No,
West Bengal Board,7th Grade, Sanskrit,Bengali,No,
West Bengal Board,8th Grade,Life Science,Bengali,Partial,"Partial Coverage of videos, lessons and private publishers"
West Bengal Board,8th Grade, Mathematics,Bengali,Partial,"Partial Coverage of videos, lessons and private publishers"
West Bengal Board,8th Grade, Physical Science,Bengali,Partial,"Partial Coverage of videos, lessons and private publishers"
West Bengal Board,8th Grade,Social Science,Bengali,No,
West Bengal Board,8th Grade, Environmental Studies,Bengali,No,
West Bengal Board,8th Grade, Computer Education,Bengali,No,
West Bengal Board,8th Grade, Physical Education,Bengali,No,
West Bengal Board,8th Grade, Art Education,Bengali,No,
West Bengal Board,8th Grade, Work Education,Bengali,No,
West Bengal Board,8th Grade, English,Bengali,No,
West Bengal Board,8th Grade, Bengali,Bengali,No,
West Bengal Board,8th Grade, Hindi,Bengali,No,
West Bengal Board,8th Grade, Urdu,Bengali,No,
West Bengal Board,8th Grade, Nepali,Bengali,No,
West Bengal Board,8th Grade, Sanskrit,Bengali,No,
West Bengal Board,9th Grade,Life Science,Bengali,Partial,"Partial Coverage of videos, lessons and private publishers"
West Bengal Board,9th Grade, Mathematics,Bengali,Partial,"Partial Coverage of videos, lessons and private publishers"
West Bengal Board,9th Grade, Physical Science,Bengali,Partial,"Partial Coverage of videos, lessons and private publishers"
West Bengal Board,9th Grade,Social Science,Bengali,No,
West Bengal Board,9th Grade, Environmental Studies,Bengali,No,
West Bengal Board,9th Grade, Computer Education,Bengali,No,
West Bengal Board,9th Grade, Physical Education,Bengali,No,
West Bengal Board,9th Grade, Art Education,Bengali,No,
West Bengal Board,9th Grade, Work Education,Bengali,No,
West Bengal Board,9th Grade, English,Bengali,No,
West Bengal Board,9th Grade, Bengali,Bengali,No,
West Bengal Board,9th Grade, Hindi,Bengali,No,
West Bengal Board,9th Grade, Urdu,Bengali,No,
West Bengal Board,9th Grade, Nepali,Bengali,No,
West Bengal Board,9th Grade, Sanskrit,Bengali,No,
West Bengal Board,10th Grade,Life Science,Bengali,Partial,"Partial Coverage of videos, lessons and private publishers"
West Bengal Board,10th Grade, Mathematics,Bengali,Partial,"Partial Coverage of videos, lessons and private publishers"
West Bengal Board,10th Grade, Physical Science,Bengali,Partial,"Partial Coverage of videos, lessons and private publishers"
West Bengal Board,10th Grade,Social Science,Bengali,No,
West Bengal Board,10th Grade, Environmental Studies,Bengali,No,
West Bengal Board,10th Grade, Computer Education,Bengali,No,
West Bengal Board,10th Grade, Physical Education,Bengali,No,
West Bengal Board,10th Grade, Art Education,Bengali,No,
West Bengal Board,10th Grade, Work Education,Bengali,No,
West Bengal Board,10th Grade, English,Bengali,No,
West Bengal Board,10th Grade, Bengali,Bengali,No,
West Bengal Board,10th Grade, Hindi,Bengali,No,
West Bengal Board,10th Grade, Urdu,Bengali,No,
West Bengal Board,10th Grade, Nepali,Bengali,No,
West Bengal Board,10th Grade, Sanskrit,Bengali,No,
West Bengal Board,11th Grade,Physics,Bengali,Partial,"Partial Coverage of videos, lessons and private publishers"
West Bengal Board,11th Grade, Chemistry,Bengali,Partial,"Partial Coverage of videos, lessons and private publishers"
West Bengal Board,11th Grade, Mathematics,Bengali,Partial,"Partial Coverage of videos, lessons and private publishers"
West Bengal Board,11th Grade, Biology,Bengali,Partial,"Partial Coverage of videos, lessons and private publishers"
West Bengal Board,11th Grade, Computer Science,Bengali,No,
West Bengal Board,11th Grade, Environmental Science,Bengali,No,
West Bengal Board,11th Grade, Biotechnology,Bengali,No,
West Bengal Board,11th Grade, Economics,Bengali,No,
West Bengal Board,11th Grade, History,Bengali,No,
West Bengal Board,11th Grade, Geography,Bengali,No,
West Bengal Board,11th Grade, Political Science,Bengali,No,
West Bengal Board,11th Grade, Sociology,Bengali,No,
West Bengal Board,11th Grade, Psychology,Bengali,No,
West Bengal Board,11th Grade, Philosophy,Bengali,No,
West Bengal Board,11th Grade, Education,Bengali,No,
West Bengal Board,11th Grade, Home Science,Bengali,No,
West Bengal Board,11th Grade, Physical Education,Bengali,No,
West Bengal Board,11th Grade, Accountancy,Bengali,No,
West Bengal Board,11th Grade, Business Studies,Bengali,No,
West Bengal Board,11th Grade, Entrepreneurship,Bengali,No,
West Bengal Board,11th Grade, Statistics,Bengali,No,
West Bengal Board,11th Grade, Anthropology,Bengali,No,
West Bengal Board,11th Grade, English,Bengali,No,
West Bengal Board,11th Grade, Bengali,Bengali,No,
West Bengal Board,11th Grade, Hindi,Bengali,No,
West Bengal Board,11th Grade, Urdu,Bengali,No,
West Bengal Board,11th Grade, Nepali,Bengali,No,
West Bengal Board,11th Grade, Sanskrit,Bengali,No,
West Bengal Board,12th Grade,Physics,Bengali,Partial,"Partial Coverage of videos, lessons and private publishers"
West Bengal Board,12th Grade, Chemistry,Bengali,Partial,"Partial Coverage of videos, lessons and private publishers"
West Bengal Board,12th Grade, Mathematics,Bengali,Partial,"Partial Coverage of videos, lessons and private publishers"
West Bengal Board,12th Grade, Biology,Bengali,Partial,"Partial Coverage of videos, lessons and private publishers"
West Bengal Board,12th Grade, Computer Science,Bengali,No,
West Bengal Board,12th Grade, Environmental Science,Bengali,No,
West Bengal Board,12th Grade, Biotechnology,Bengali,No,
West Bengal Board,12th Grade, Economics,Bengali,No,
West Bengal Board,12th Grade, History,Bengali,No,
West Bengal Board,12th Grade, Geography,Bengali,No,
West Bengal Board,12th Grade, Political Science,Bengali,No,
West Bengal Board,12th Grade, Sociology,Bengali,No,
West Bengal Board,12th Grade, Psychology,Bengali,No,
West Bengal Board,12th Grade, Philosophy,Bengali,No,
West Bengal Board,12th Grade, Education,Bengali,No,
West Bengal Board,12th Grade, Home Science,Bengali,No,
West Bengal Board,12th Grade, Physical Education,Bengali,No,
West Bengal Board,12th Grade, Accountancy,Bengali,No,
West Bengal Board,12th Grade, Business Studies,Bengali,No,
West Bengal Board,12th Grade, Entrepreneurship,Bengali,No,
West Bengal Board,12th Grade, Statistics,Bengali,No,
West Bengal Board,12th Grade, Anthropology,Bengali,No,
West Bengal Board,12th Grade, English,Bengali,No,
West Bengal Board,12th Grade, Bengali,Bengali,No,
West Bengal Board,12th Grade, Hindi,Bengali,No,
West Bengal Board,12th Grade, Urdu,Bengali,No,
West Bengal Board,12th Grade, Nepali,Bengali,No,
West Bengal Board,12th Grade, Sanskrit,Bengali,No,
NIOS,Level A,Basic Literacy (Reading & Writing),English,No,
NIOS,Level A,Basic Numeracy,English,No,
NIOS,Level A,Environmental Awareness,English,No,
NIOS,Level A,Life Skills,English,No,
NIOS,Level A,Creative Activities,English,No,
NIOS,Level A,Assamese,English,No,
NIOS,Level A,Bengali,English,No,
NIOS,Level A,Bodo,English,No,
NIOS,Level A,Dogri,English,No,
NIOS,Level A,Gujarati,English,No,
NIOS,Level A,Kannada,English,No,
NIOS,Level A,Kashmiri,English,No,
NIOS,Level A,Konkani,English,No,
NIOS,Level A,Maithili,English,No,
NIOS,Level A,Malayalam,English,No,
NIOS,Level A,Manipuri (Meitei),English,No,
NIOS,Level A,Marathi,English,No,
NIOS,Level A,Nepali,English,No,
NIOS,Level A,Odia,English,No,
NIOS,Level A,Punjabi,English,No,
NIOS,Level A,Sindhi,English,No,
NIOS,Level A,Tamil,English,No,
NIOS,Level A,Telugu,English,No,
NIOS,Level A,Urdu,English,No,
NIOS,Level A,Hindi,English,No,
NIOS,Level A,English,English,No,
NIOS,Level B,Mathematics,English,No,
NIOS,Level B, Environmental Studies,English,No,
NIOS,Level B, Life Skills,English,No,
NIOS,Level B, Computer Awareness,English,No,
NIOS,Level B, Creative Activities,English,No,
NIOS,Level B,Assamese,English,No,
NIOS,Level B, Bengali,English,No,
NIOS,Level B, Bodo,English,No,
NIOS,Level B, Dogri,English,No,
NIOS,Level B, Gujarati,English,No,
NIOS,Level B, Kannada,English,No,
NIOS,Level B, Kashmiri,English,No,
NIOS,Level B, Konkani,English,No,
NIOS,Level B, Maithili,English,No,
NIOS,Level B, Malayalam,English,No,
NIOS,Level B, Manipuri (Meitei),English,No,
NIOS,Level B, Marathi,English,No,
NIOS,Level B, Nepali,English,No,
NIOS,Level B, Odia,English,No,
NIOS,Level B, Punjabi,English,No,
NIOS,Level B, Sindhi,English,No,
NIOS,Level B, Tamil,English,No,
NIOS,Level B, Telugu,English,No,
NIOS,Level B, Urdu,English,No,
NIOS,Level B, Hindi,English,No,
NIOS,Level B, English,English,No,
NIOS,Level C,Mathematics,English,No,
NIOS,Level C, Science,English,No,
NIOS,Level C, Social Science,English,No,
NIOS,Level C, Computer Science,English,No,
NIOS,Level C, Life Skills,English,No,
NIOS,Level C, Work Education,English,No,
NIOS,Level C,Assamese,English,No,
NIOS,Level C, Bengali,English,No,
NIOS,Level C, Bodo,English,No,
NIOS,Level C, Dogri,English,No,
NIOS,Level C, Gujarati,English,No,
NIOS,Level C, Kannada,English,No,
NIOS,Level C, Kashmiri,English,No,
NIOS,Level C, Konkani,English,No,
NIOS,Level C, Maithili,English,No,
NIOS,Level C, Malayalam,English,No,
NIOS,Level C, Manipuri (Meitei),English,No,
NIOS,Level C, Marathi,English,No,
NIOS,Level C, Nepali,English,No,
NIOS,Level C, Odia,English,No,
NIOS,Level C, Punjabi,English,No,
NIOS,Level C, Sindhi,English,No,
NIOS,Level C, Tamil,English,No,
NIOS,Level C, Telugu,English,No,
NIOS,Level C, Urdu,English,No,
NIOS,Level C, Hindi,English,No,
NIOS,Level C, English,English,No,
NIOS,Secondary Course,Mathematics,English,No,
NIOS,Secondary Course, Science & Technology,English,No,
NIOS,Secondary Course, Social Science,English,No,
NIOS,Secondary Course, Economics,English,No,
NIOS,Secondary Course, Business Studies,English,No,
NIOS,Secondary Course, Home Science,English,No,
NIOS,Secondary Course, Psychology,English,No,
NIOS,Secondary Course, Indian Culture & Heritage,English,No,
NIOS,Secondary Course, Painting,English,No,
NIOS,Secondary Course, Data Entry Operations,English,No,
NIOS,Secondary Course, English,English,No,
NIOS,Secondary Course, Hindi,English,No,
NIOS,Secondary Course, Urdu,English,No,
NIOS,Secondary Course, Sanskrit,English,No,
NIOS,Secondary Course, Bengali,English,No,
NIOS,Secondary Course, Marathi,English,No,
NIOS,Secondary Course, Telugu,English,No,
NIOS,Secondary Course, Gujarati,English,No,
NIOS,Secondary Course, Malayalam,English,No,
NIOS,Secondary Course, Odia,English,No,
NIOS,Secondary Course, Punjabi,English,No,
NIOS,Secondary Course, Assamese,English,No,
NIOS,Secondary Course, Kannada,English,No,
NIOS,Secondary Course, Tamil,English,No,
NIOS,Secondary Course, Bodo,English,No,
NIOS,Secondary Course, Dogri,English,No,
NIOS,Secondary Course, Kashmiri,English,No,
NIOS,Secondary Course, Konkani,English,No,
NIOS,Secondary Course, Maithili,English,No,
NIOS,Secondary Course, Manipuri (Meitei),English,No,
NIOS,Secondary Course, Nepali,English,No,
NIOS,Secondary Course, Sindhi,English,No,
NIOS,Senior Secondary Course,Mathematics,English,No,
NIOS,Senior Secondary Course, Physics,English,No,
NIOS,Senior Secondary Course, Chemistry,English,No,
NIOS,Senior Secondary Course, Biology,English,No,
NIOS,Senior Secondary Course, Environmental Science,English,No,
NIOS,Senior Secondary Course, Computer Science,English,No,
NIOS,Senior Secondary Course, Data Entry Operations,English,No,
NIOS,Senior Secondary Course, Economics,English,No,
NIOS,Senior Secondary Course, Business Studies,English,No,
NIOS,Senior Secondary Course, Accountancy,English,No,
NIOS,Senior Secondary Course, Psychology,English,No,
NIOS,Senior Secondary Course, Sociology,English,No,
NIOS,Senior Secondary Course, History,English,No,
NIOS,Senior Secondary Course, Geography,English,No,
NIOS,Senior Secondary Course, Political Science,English,No,
NIOS,Senior Secondary Course, Home Science,English,No,
NIOS,Senior Secondary Course, Philosophy,English,No,
NIOS,Senior Secondary Course, Painting English,English,No,
NIOS,Senior Secondary Course, Hindi,English,No,
NIOS,Senior Secondary Course, Urdu,English,No,
NIOS,Senior Secondary Course, Sanskrit,English,No,
NIOS,Senior Secondary Course, Bengali,English,No,
NIOS,Senior Secondary Course, Marathi,English,No,
NIOS,Senior Secondary Course, Telugu,English,No,
NIOS,Senior Secondary Course, Gujarati,English,No,
NIOS,Senior Secondary Course, Malayalam,English,No,
NIOS,Senior Secondary Course, Odia,English,No,
NIOS,Senior Secondary Course, Punjabi,English,No,
NIOS,Senior Secondary Course, Assamese,English,No,
NIOS,Senior Secondary Course, Kannada,English,No,
NIOS,Senior Secondary Course, Tamil,English,No,
NIOS,Senior Secondary Course, Bodo,English,No,
NIOS,Senior Secondary Course, Dogri,English,No,
NIOS,Senior Secondary Course, Kashmiri,English,No,
NIOS,Senior Secondary Course, Konkani,English,No,
NIOS,Senior Secondary Course, Maithili,English,No,
NIOS,Senior Secondary Course, Manipuri (Meitei),English,No,
NIOS,Senior Secondary Course, Nepali,English,No,
NIOS,Senior Secondary Course, Sindhi,English,No,
NIOS,Level A,Basic Literacy (Reading & Writing),Hindi,No,
NIOS,Level A,Basic Numeracy,Hindi,No,
NIOS,Level A,Environmental Awareness,Hindi,No,
NIOS,Level A,Life Skills,Hindi,No,
NIOS,Level A,Creative Activities,Hindi,No,
NIOS,Level A,Assamese,Hindi,No,
NIOS,Level A,Bengali,Hindi,No,
NIOS,Level A,Bodo,Hindi,No,
NIOS,Level A,Dogri,Hindi,No,
NIOS,Level A,Gujarati,Hindi,No,
NIOS,Level A,Kannada,Hindi,No,
NIOS,Level A,Kashmiri,Hindi,No,
NIOS,Level A,Konkani,Hindi,No,
NIOS,Level A,Maithili,Hindi,No,
NIOS,Level A,Malayalam,Hindi,No,
NIOS,Level A,Manipuri (Meitei),Hindi,No,
NIOS,Level A,Marathi,Hindi,No,
NIOS,Level A,Nepali,Hindi,No,
NIOS,Level A,Odia,Hindi,No,
NIOS,Level A,Punjabi,Hindi,No,
NIOS,Level A,Sindhi,Hindi,No,
NIOS,Level A,Tamil,Hindi,No,
NIOS,Level A,Telugu,Hindi,No,
NIOS,Level A,Urdu,Hindi,No,
NIOS,Level A,Hindi,Hindi,No,
NIOS,Level A,English,Hindi,No,
NIOS,Level B,Mathematics,Hindi,No,
NIOS,Level B, Environmental Studies,Hindi,No,
NIOS,Level B, Life Skills,Hindi,No,
NIOS,Level B, Computer Awareness,Hindi,No,
NIOS,Level B, Creative Activities,Hindi,No,
NIOS,Level B,Assamese,Hindi,No,
NIOS,Level B, Bengali,Hindi,No,
NIOS,Level B, Bodo,Hindi,No,
NIOS,Level B, Dogri,Hindi,No,
NIOS,Level B, Gujarati,Hindi,No,
NIOS,Level B, Kannada,Hindi,No,
NIOS,Level B, Kashmiri,Hindi,No,
NIOS,Level B, Konkani,Hindi,No,
NIOS,Level B, Maithili,Hindi,No,
NIOS,Level B, Malayalam,Hindi,No,
NIOS,Level B, Manipuri (Meitei),Hindi,No,
NIOS,Level B, Marathi,Hindi,No,
NIOS,Level B, Nepali,Hindi,No,
NIOS,Level B, Odia,Hindi,No,
NIOS,Level B, Punjabi,Hindi,No,
NIOS,Level B, Sindhi,Hindi,No,
NIOS,Level B, Tamil,Hindi,No,
NIOS,Level B, Telugu,Hindi,No,
NIOS,Level B, Urdu,Hindi,No,
NIOS,Level B, Hindi,Hindi,No,
NIOS,Level B, English,Hindi,No,
NIOS,Level C,Mathematics,Hindi,No,
NIOS,Level C, Science,Hindi,No,
NIOS,Level C, Social Science,Hindi,No,
NIOS,Level C, Computer Science,Hindi,No,
NIOS,Level C, Life Skills,Hindi,No,
NIOS,Level C, Work Education,Hindi,No,
NIOS,Level C,Assamese,Hindi,No,
NIOS,Level C, Bengali,Hindi,No,
NIOS,Level C, Bodo,Hindi,No,
NIOS,Level C, Dogri,Hindi,No,
NIOS,Level C, Gujarati,Hindi,No,
NIOS,Level C, Kannada,Hindi,No,
NIOS,Level C, Kashmiri,Hindi,No,
NIOS,Level C, Konkani,Hindi,No,
NIOS,Level C, Maithili,Hindi,No,
NIOS,Level C, Malayalam,Hindi,No,
NIOS,Level C, Manipuri (Meitei),Hindi,No,
NIOS,Level C, Marathi,Hindi,No,
NIOS,Level C, Nepali,Hindi,No,
NIOS,Level C, Odia,Hindi,No,
NIOS,Level C, Punjabi,Hindi,No,
NIOS,Level C, Sindhi,Hindi,No,
NIOS,Level C, Tamil,Hindi,No,
NIOS,Level C, Telugu,Hindi,No,
NIOS,Level C, Urdu,Hindi,No,
NIOS,Level C, Hindi,Hindi,No,
NIOS,Level C, English,Hindi,No,
NIOS,Secondary Course,Mathematics,Hindi,No,
NIOS,Secondary Course, Science & Technology,Hindi,No,
NIOS,Secondary Course, Social Science,Hindi,No,
NIOS,Secondary Course, Economics,Hindi,No,
NIOS,Secondary Course, Business Studies,Hindi,No,
NIOS,Secondary Course, Home Science,Hindi,No,
NIOS,Secondary Course, Psychology,Hindi,No,
NIOS,Secondary Course, Indian Culture & Heritage,Hindi,No,
NIOS,Secondary Course, Painting,Hindi,No,
NIOS,Secondary Course, Data Entry Operations,Hindi,No,
NIOS,Secondary Course, English,Hindi,No,
NIOS,Secondary Course, Hindi,Hindi,No,
NIOS,Secondary Course, Urdu,Hindi,No,
NIOS,Secondary Course, Sanskrit,Hindi,No,
NIOS,Secondary Course, Bengali,Hindi,No,
NIOS,Secondary Course, Marathi,Hindi,No,
NIOS,Secondary Course, Telugu,Hindi,No,
NIOS,Secondary Course, Gujarati,Hindi,No,
NIOS,Secondary Course, Malayalam,Hindi,No,
NIOS,Secondary Course, Odia,Hindi,No,
NIOS,Secondary Course, Punjabi,Hindi,No,
NIOS,Secondary Course, Assamese,Hindi,No,
NIOS,Secondary Course, Kannada,Hindi,No,
NIOS,Secondary Course, Tamil,Hindi,No,
NIOS,Secondary Course, Bodo,Hindi,No,
NIOS,Secondary Course, Dogri,Hindi,No,
NIOS,Secondary Course, Kashmiri,Hindi,No,
NIOS,Secondary Course, Konkani,Hindi,No,
NIOS,Secondary Course, Maithili,Hindi,No,
NIOS,Secondary Course, Manipuri (Meitei),Hindi,No,
NIOS,Secondary Course, Nepali,Hindi,No,
NIOS,Secondary Course, Sindhi,Hindi,No,
NIOS,Senior Secondary Course,Mathematics,Hindi,No,
NIOS,Senior Secondary Course, Physics,Hindi,No,
NIOS,Senior Secondary Course, Chemistry,Hindi,No,
NIOS,Senior Secondary Course, Biology,Hindi,No,
NIOS,Senior Secondary Course, Environmental Science,Hindi,No,
NIOS,Senior Secondary Course, Computer Science,Hindi,No,
NIOS,Senior Secondary Course, Data Entry Operations,Hindi,No,
NIOS,Senior Secondary Course, Economics,Hindi,No,
NIOS,Senior Secondary Course, Business Studies,Hindi,No,
NIOS,Senior Secondary Course, Accountancy,Hindi,No,
NIOS,Senior Secondary Course, Psychology,Hindi,No,
NIOS,Senior Secondary Course, Sociology,Hindi,No,
NIOS,Senior Secondary Course, History,Hindi,No,
NIOS,Senior Secondary Course, Geography,Hindi,No,
NIOS,Senior Secondary Course, Political Science,Hindi,No,
NIOS,Senior Secondary Course, Home Science,Hindi,No,
NIOS,Senior Secondary Course, Philosophy,Hindi,No,
NIOS,Senior Secondary Course, Painting English,Hindi,No,
NIOS,Senior Secondary Course, Hindi,Hindi,No,
NIOS,Senior Secondary Course, Urdu,Hindi,No,
NIOS,Senior Secondary Course, Sanskrit,Hindi,No,
NIOS,Senior Secondary Course, Bengali,Hindi,No,
NIOS,Senior Secondary Course, Marathi,Hindi,No,
NIOS,Senior Secondary Course, Telugu,Hindi,No,
NIOS,Senior Secondary Course, Gujarati,Hindi,No,
NIOS,Senior Secondary Course, Malayalam,Hindi,No,
NIOS,Senior Secondary Course, Odia,Hindi,No,
NIOS,Senior Secondary Course, Punjabi,Hindi,No,
NIOS,Senior Secondary Course, Assamese,Hindi,No,
NIOS,Senior Secondary Course, Kannada,Hindi,No,
NIOS,Senior Secondary Course, Tamil,Hindi,No,
NIOS,Senior Secondary Course, Bodo,Hindi,No,
NIOS,Senior Secondary Course, Dogri,Hindi,No,
NIOS,Senior Secondary Course, Kashmiri,Hindi,No,
NIOS,Senior Secondary Course, Konkani,Hindi,No,
NIOS,Senior Secondary Course, Maithili,Hindi,No,
NIOS,Senior Secondary Course, Manipuri (Meitei),Hindi,No,
NIOS,Senior Secondary Course, Nepali,Hindi,No,
NIOS,Senior Secondary Course, Sindhi,Hindi,No,
NIOS,Level A,Basic Literacy (Reading & Writing),Urdu,No,
NIOS,Level A,Basic Numeracy,Urdu,No,
NIOS,Level A,Environmental Awareness,Urdu,No,
NIOS,Level A,Life Skills,Urdu,No,
NIOS,Level A,Creative Activities,Urdu,No,
NIOS,Level A,Assamese,Urdu,No,
NIOS,Level A,Bengali,Urdu,No,
NIOS,Level A,Bodo,Urdu,No,
NIOS,Level A,Dogri,Urdu,No,
NIOS,Level A,Gujarati,Urdu,No,
NIOS,Level A,Kannada,Urdu,No,
NIOS,Level A,Kashmiri,Urdu,No,
NIOS,Level A,Konkani,Urdu,No,
NIOS,Level A,Maithili,Urdu,No,
NIOS,Level A,Malayalam,Urdu,No,
NIOS,Level A,Manipuri (Meitei),Urdu,No,
NIOS,Level A,Marathi,Urdu,No,
NIOS,Level A,Nepali,Urdu,No,
NIOS,Level A,Odia,Urdu,No,
NIOS,Level A,Punjabi,Urdu,No,
NIOS,Level A,Sindhi,Urdu,No,
NIOS,Level A,Tamil,Urdu,No,
NIOS,Level A,Telugu,Urdu,No,
NIOS,Level A,Urdu,Urdu,No,
NIOS,Level A,Hindi,Urdu,No,
NIOS,Level A,English,Urdu,No,
NIOS,Level B,Mathematics,Urdu,No,
NIOS,Level B, Environmental Studies,Urdu,No,
NIOS,Level B, Life Skills,Urdu,No,
NIOS,Level B, Computer Awareness,Urdu,No,
NIOS,Level B, Creative Activities,Urdu,No,
NIOS,Level B,Assamese,Urdu,No,
NIOS,Level B, Bengali,Urdu,No,
NIOS,Level B, Bodo,Urdu,No,
NIOS,Level B, Dogri,Urdu,No,
NIOS,Level B, Gujarati,Urdu,No,
NIOS,Level B, Kannada,Urdu,No,
NIOS,Level B, Kashmiri,Urdu,No,
NIOS,Level B, Konkani,Urdu,No,
NIOS,Level B, Maithili,Urdu,No,
NIOS,Level B, Malayalam,Urdu,No,
NIOS,Level B, Manipuri (Meitei),Urdu,No,
NIOS,Level B, Marathi,Urdu,No,
NIOS,Level B, Nepali,Urdu,No,
NIOS,Level B, Odia,Urdu,No,
NIOS,Level B, Punjabi,Urdu,No,
NIOS,Level B, Sindhi,Urdu,No,
NIOS,Level B, Tamil,Urdu,No,
NIOS,Level B, Telugu,Urdu,No,
NIOS,Level B, Urdu,Urdu,No,
NIOS,Level B, Hindi,Urdu,No,
NIOS,Level B, English,Urdu,No,
NIOS,Level C,Mathematics,Urdu,No,
NIOS,Level C, Science,Urdu,No,
NIOS,Level C, Social Science,Urdu,No,
NIOS,Level C, Computer Science,Urdu,No,
NIOS,Level C, Life Skills,Urdu,No,
NIOS,Level C, Work Education,Urdu,No,
NIOS,Level C,Assamese,Urdu,No,
NIOS,Level C, Bengali,Urdu,No,
NIOS,Level C, Bodo,Urdu,No,
NIOS,Level C, Dogri,Urdu,No,
NIOS,Level C, Gujarati,Urdu,No,
NIOS,Level C, Kannada,Urdu,No,
NIOS,Level C, Kashmiri,Urdu,No,
NIOS,Level C, Konkani,Urdu,No,
NIOS,Level C, Maithili,Urdu,No,
NIOS,Level C, Malayalam,Urdu,No,
NIOS,Level C, Manipuri (Meitei),Urdu,No,
NIOS,Level C, Marathi,Urdu,No,
NIOS,Level C, Nepali,Urdu,No,
NIOS,Level C, Odia,Urdu,No,
NIOS,Level C, Punjabi,Urdu,No,
NIOS,Level C, Sindhi,Urdu,No,
NIOS,Level C, Tamil,Urdu,No,
NIOS,Level C, Telugu,Urdu,No,
NIOS,Level C, Urdu,Urdu,No,
NIOS,Level C, Hindi,Urdu,No,
NIOS,Level C, English,Urdu,No,
NIOS,Secondary Course,Mathematics,Urdu,No,
NIOS,Secondary Course, Science & Technology,Urdu,No,
NIOS,Secondary Course, Social Science,Urdu,No,
NIOS,Secondary Course, Economics,Urdu,No,
NIOS,Secondary Course, Business Studies,Urdu,No,
NIOS,Secondary Course, Home Science,Urdu,No,
NIOS,Secondary Course, Psychology,Urdu,No,
NIOS,Secondary Course, Indian Culture & Heritage,Urdu,No,
NIOS,Secondary Course, Painting,Urdu,No,
NIOS,Secondary Course, Data Entry Operations,Urdu,No,
NIOS,Secondary Course, English,Urdu,No,
NIOS,Secondary Course, Hindi,Urdu,No,
NIOS,Secondary Course, Urdu,Urdu,No,
NIOS,Secondary Course, Sanskrit,Urdu,No,
NIOS,Secondary Course, Bengali,Urdu,No,
NIOS,Secondary Course, Marathi,Urdu,No,
NIOS,Secondary Course, Telugu,Urdu,No,
NIOS,Secondary Course, Gujarati,Urdu,No,
NIOS,Secondary Course, Malayalam,Urdu,No,
NIOS,Secondary Course, Odia,Urdu,No,
NIOS,Secondary Course, Punjabi,Urdu,No,
NIOS,Secondary Course, Assamese,Urdu,No,
NIOS,Secondary Course, Kannada,Urdu,No,
NIOS,Secondary Course, Tamil,Urdu,No,
NIOS,Secondary Course, Bodo,Urdu,No,
NIOS,Secondary Course, Dogri,Urdu,No,
NIOS,Secondary Course, Kashmiri,Urdu,No,
NIOS,Secondary Course, Konkani,Urdu,No,
NIOS,Secondary Course, Maithili,Urdu,No,
NIOS,Secondary Course, Manipuri (Meitei),Urdu,No,
NIOS,Secondary Course, Nepali,Urdu,No,
NIOS,Secondary Course, Sindhi,Urdu,No,
NIOS,Senior Secondary Course,Mathematics,Urdu,No,
NIOS,Senior Secondary Course, Physics,Urdu,No,
NIOS,Senior Secondary Course, Chemistry,Urdu,No,
NIOS,Senior Secondary Course, Biology,Urdu,No,
NIOS,Senior Secondary Course, Environmental Science,Urdu,No,
NIOS,Senior Secondary Course, Computer Science,Urdu,No,
NIOS,Senior Secondary Course, Data Entry Operations,Urdu,No,
NIOS,Senior Secondary Course, Economics,Urdu,No,
NIOS,Senior Secondary Course, Business Studies,Urdu,No,
NIOS,Senior Secondary Course, Accountancy,Urdu,No,
NIOS,Senior Secondary Course, Psychology,Urdu,No,
NIOS,Senior Secondary Course, Sociology,Urdu,No,
NIOS,Senior Secondary Course, History,Urdu,No,
NIOS,Senior Secondary Course, Geography,Urdu,No,
NIOS,Senior Secondary Course, Political Science,Urdu,No,
NIOS,Senior Secondary Course, Home Science,Urdu,No,
NIOS,Senior Secondary Course, Philosophy,Urdu,No,
NIOS,Senior Secondary Course, Painting English,Urdu,No,
NIOS,Senior Secondary Course, Hindi,Urdu,No,
NIOS,Senior Secondary Course, Urdu,Urdu,No,
NIOS,Senior Secondary Course, Sanskrit,Urdu,No,
NIOS,Senior Secondary Course, Bengali,Urdu,No,
NIOS,Senior Secondary Course, Marathi,Urdu,No,
NIOS,Senior Secondary Course, Telugu,Urdu,No,
NIOS,Senior Secondary Course, Gujarati,Urdu,No,
NIOS,Senior Secondary Course, Malayalam,Urdu,No,
NIOS,Senior Secondary Course, Odia,Urdu,No,
NIOS,Senior Secondary Course, Punjabi,Urdu,No,
NIOS,Senior Secondary Course, Assamese,Urdu,No,
NIOS,Senior Secondary Course, Kannada,Urdu,No,
NIOS,Senior Secondary Course, Tamil,Urdu,No,
NIOS,Senior Secondary Course, Bodo,Urdu,No,
NIOS,Senior Secondary Course, Dogri,Urdu,No,
NIOS,Senior Secondary Course, Kashmiri,Urdu,No,
NIOS,Senior Secondary Course, Konkani,Urdu,No,
NIOS,Senior Secondary Course, Maithili,Urdu,No,
NIOS,Senior Secondary Course, Manipuri (Meitei),Urdu,No,
NIOS,Senior Secondary Course, Nepali,Urdu,No,
NIOS,Senior Secondary Course, Sindhi,Urdu,No,
NIOS,Level A,Basic Literacy (Reading & Writing),Bengali,No,
NIOS,Level A,Basic Numeracy,Bengali,No,
NIOS,Level A,Environmental Awareness,Bengali,No,
NIOS,Level A,Life Skills,Bengali,No,
NIOS,Level A,Creative Activities,Bengali,No,
NIOS,Level A,Assamese,Bengali,No,
NIOS,Level A,Bengali,Bengali,No,
NIOS,Level A,Bodo,Bengali,No,
NIOS,Level A,Dogri,Bengali,No,
NIOS,Level A,Gujarati,Bengali,No,
NIOS,Level A,Kannada,Bengali,No,
NIOS,Level A,Kashmiri,Bengali,No,
NIOS,Level A,Konkani,Bengali,No,
NIOS,Level A,Maithili,Bengali,No,
NIOS,Level A,Malayalam,Bengali,No,
NIOS,Level A,Manipuri (Meitei),Bengali,No,
NIOS,Level A,Marathi,Bengali,No,
NIOS,Level A,Nepali,Bengali,No,
NIOS,Level A,Odia,Bengali,No,
NIOS,Level A,Punjabi,Bengali,No,
NIOS,Level A,Sindhi,Bengali,No,
NIOS,Level A,Tamil,Bengali,No,
NIOS,Level A,Telugu,Bengali,No,
NIOS,Level A,Urdu,Bengali,No,
NIOS,Level A,Hindi,Bengali,No,
NIOS,Level A,English,Bengali,No,
NIOS,Level B,Mathematics,Bengali,No,
NIOS,Level B, Environmental Studies,Bengali,No,
NIOS,Level B, Life Skills,Bengali,No,
NIOS,Level B, Computer Awareness,Bengali,No,
NIOS,Level B, Creative Activities,Bengali,No,
NIOS,Level B,Assamese,Bengali,No,
NIOS,Level B, Bengali,Bengali,No,
NIOS,Level B, Bodo,Bengali,No,
NIOS,Level B, Dogri,Bengali,No,
NIOS,Level B, Gujarati,Bengali,No,
NIOS,Level B, Kannada,Bengali,No,
NIOS,Level B, Kashmiri,Bengali,No,
NIOS,Level B, Konkani,Bengali,No,
NIOS,Level B, Maithili,Bengali,No,
NIOS,Level B, Malayalam,Bengali,No,
NIOS,Level B, Manipuri (Meitei),Bengali,No,
NIOS,Level B, Marathi,Bengali,No,
NIOS,Level B, Nepali,Bengali,No,
NIOS,Level B, Odia,Bengali,No,
NIOS,Level B, Punjabi,Bengali,No,
NIOS,Level B, Sindhi,Bengali,No,
NIOS,Level B, Tamil,Bengali,No,
NIOS,Level B, Telugu,Bengali,No,
NIOS,Level B, Urdu,Bengali,No,
NIOS,Level B, Hindi,Bengali,No,
NIOS,Level B, English,Bengali,No,
NIOS,Level C,Mathematics,Bengali,No,
NIOS,Level C, Science,Bengali,No,
NIOS,Level C, Social Science,Bengali,No,
NIOS,Level C, Computer Science,Bengali,No,
NIOS,Level C, Life Skills,Bengali,No,
NIOS,Level C, Work Education,Bengali,No,
NIOS,Level C,Assamese,Bengali,No,
NIOS,Level C, Bengali,Bengali,No,
NIOS,Level C, Bodo,Bengali,No,
NIOS,Level C, Dogri,Bengali,No,
NIOS,Level C, Gujarati,Bengali,No,
NIOS,Level C, Kannada,Bengali,No,
NIOS,Level C, Kashmiri,Bengali,No,
NIOS,Level C, Konkani,Bengali,No,
NIOS,Level C, Maithili,Bengali,No,
NIOS,Level C, Malayalam,Bengali,No,
NIOS,Level C, Manipuri (Meitei),Bengali,No,
NIOS,Level C, Marathi,Bengali,No,
NIOS,Level C, Nepali,Bengali,No,
NIOS,Level C, Odia,Bengali,No,
NIOS,Level C, Punjabi,Bengali,No,
NIOS,Level C, Sindhi,Bengali,No,
NIOS,Level C, Tamil,Bengali,No,
NIOS,Level C, Telugu,Bengali,No,
NIOS,Level C, Urdu,Bengali,No,
NIOS,Level C, Hindi,Bengali,No,
NIOS,Level C, English,Bengali,No,
NIOS,Secondary Course,Mathematics,Bengali,No,
NIOS,Secondary Course, Science & Technology,Bengali,No,
NIOS,Secondary Course, Social Science,Bengali,No,
NIOS,Secondary Course, Economics,Bengali,No,
NIOS,Secondary Course, Business Studies,Bengali,No,
NIOS,Secondary Course, Home Science,Bengali,No,
NIOS,Secondary Course, Psychology,Bengali,No,
NIOS,Secondary Course, Indian Culture & Heritage,Bengali,No,
NIOS,Secondary Course, Painting,Bengali,No,
NIOS,Secondary Course, Data Entry Operations,Bengali,No,
NIOS,Secondary Course, English,Bengali,No,
NIOS,Secondary Course, Hindi,Bengali,No,
NIOS,Secondary Course, Urdu,Bengali,No,
NIOS,Secondary Course, Sanskrit,Bengali,No,
NIOS,Secondary Course, Bengali,Bengali,No,
NIOS,Secondary Course, Marathi,Bengali,No,
NIOS,Secondary Course, Telugu,Bengali,No,
NIOS,Secondary Course, Gujarati,Bengali,No,
NIOS,Secondary Course, Malayalam,Bengali,No,
NIOS,Secondary Course, Odia,Bengali,No,
NIOS,Secondary Course, Punjabi,Bengali,No,
NIOS,Secondary Course, Assamese,Bengali,No,
NIOS,Secondary Course, Kannada,Bengali,No,
NIOS,Secondary Course, Tamil,Bengali,No,
NIOS,Secondary Course, Bodo,Bengali,No,
NIOS,Secondary Course, Dogri,Bengali,No,
NIOS,Secondary Course, Kashmiri,Bengali,No,
NIOS,Secondary Course, Konkani,Bengali,No,
NIOS,Secondary Course, Maithili,Bengali,No,
NIOS,Secondary Course, Manipuri (Meitei),Bengali,No,
NIOS,Secondary Course, Nepali,Bengali,No,
NIOS,Secondary Course, Sindhi,Bengali,No,
NIOS,Senior Secondary Course,Mathematics,Bengali,No,
NIOS,Senior Secondary Course, Physics,Bengali,No,
NIOS,Senior Secondary Course, Chemistry,Bengali,No,
NIOS,Senior Secondary Course, Biology,Bengali,No,
NIOS,Senior Secondary Course, Environmental Science,Bengali,No,
NIOS,Senior Secondary Course, Computer Science,Bengali,No,
NIOS,Senior Secondary Course, Data Entry Operations,Bengali,No,
NIOS,Senior Secondary Course, Economics,Bengali,No,
NIOS,Senior Secondary Course, Business Studies,Bengali,No,
NIOS,Senior Secondary Course, Accountancy,Bengali,No,
NIOS,Senior Secondary Course, Psychology,Bengali,No,
NIOS,Senior Secondary Course, Sociology,Bengali,No,
NIOS,Senior Secondary Course, History,Bengali,No,
NIOS,Senior Secondary Course, Geography,Bengali,No,
NIOS,Senior Secondary Course, Political Science,Bengali,No,
NIOS,Senior Secondary Course, Home Science,Bengali,No,
NIOS,Senior Secondary Course, Philosophy,Bengali,No,
NIOS,Senior Secondary Course, Painting English,Bengali,No,
NIOS,Senior Secondary Course, Hindi,Bengali,No,
NIOS,Senior Secondary Course, Urdu,Bengali,No,
NIOS,Senior Secondary Course, Sanskrit,Bengali,No,
NIOS,Senior Secondary Course, Bengali,Bengali,No,
NIOS,Senior Secondary Course, Marathi,Bengali,No,
NIOS,Senior Secondary Course, Telugu,Bengali,No,
NIOS,Senior Secondary Course, Gujarati,Bengali,No,
NIOS,Senior Secondary Course, Malayalam,Bengali,No,
NIOS,Senior Secondary Course, Odia,Bengali,No,
NIOS,Senior Secondary Course, Punjabi,Bengali,No,
NIOS,Senior Secondary Course, Assamese,Bengali,No,
NIOS,Senior Secondary Course, Kannada,Bengali,No,
NIOS,Senior Secondary Course, Tamil,Bengali,No,
NIOS,Senior Secondary Course, Bodo,Bengali,No,
NIOS,Senior Secondary Course, Dogri,Bengali,No,
NIOS,Senior Secondary Course, Kashmiri,Bengali,No,
NIOS,Senior Secondary Course, Konkani,Bengali,No,
NIOS,Senior Secondary Course, Maithili,Bengali,No,
NIOS,Senior Secondary Course, Manipuri (Meitei),Bengali,No,
NIOS,Senior Secondary Course, Nepali,Bengali,No,
NIOS,Senior Secondary Course, Sindhi,Bengali,No,
NIOS,Level A,Basic Literacy (Reading & Writing),Marathi,No,
NIOS,Level A,Basic Numeracy,Marathi,No,
NIOS,Level A,Environmental Awareness,Marathi,No,
NIOS,Level A,Life Skills,Marathi,No,
NIOS,Level A,Creative Activities,Marathi,No,
NIOS,Level A,Assamese,Marathi,No,
NIOS,Level A,Bengali,Marathi,No,
NIOS,Level A,Bodo,Marathi,No,
NIOS,Level A,Dogri,Marathi,No,
NIOS,Level A,Gujarati,Marathi,No,
NIOS,Level A,Kannada,Marathi,No,
NIOS,Level A,Kashmiri,Marathi,No,
NIOS,Level A,Konkani,Marathi,No,
NIOS,Level A,Maithili,Marathi,No,
NIOS,Level A,Malayalam,Marathi,No,
NIOS,Level A,Manipuri (Meitei),Marathi,No,
NIOS,Level A,Marathi,Marathi,No,
NIOS,Level A,Nepali,Marathi,No,
NIOS,Level A,Odia,Marathi,No,
NIOS,Level A,Punjabi,Marathi,No,
NIOS,Level A,Sindhi,Marathi,No,
NIOS,Level A,Tamil,Marathi,No,
NIOS,Level A,Telugu,Marathi,No,
NIOS,Level A,Urdu,Marathi,No,
NIOS,Level A,Hindi,Marathi,No,
NIOS,Level A,English,Marathi,No,
NIOS,Level B,Mathematics,Marathi,No,
NIOS,Level B, Environmental Studies,Marathi,No,
NIOS,Level B, Life Skills,Marathi,No,
NIOS,Level B, Computer Awareness,Marathi,No,
NIOS,Level B, Creative Activities,Marathi,No,
NIOS,Level B,Assamese,Marathi,No,
NIOS,Level B, Bengali,Marathi,No,
NIOS,Level B, Bodo,Marathi,No,
NIOS,Level B, Dogri,Marathi,No,
NIOS,Level B, Gujarati,Marathi,No,
NIOS,Level B, Kannada,Marathi,No,
NIOS,Level B, Kashmiri,Marathi,No,
NIOS,Level B, Konkani,Marathi,No,
NIOS,Level B, Maithili,Marathi,No,
NIOS,Level B, Malayalam,Marathi,No,
NIOS,Level B, Manipuri (Meitei),Marathi,No,
NIOS,Level B, Marathi,Marathi,No,
NIOS,Level B, Nepali,Marathi,No,
NIOS,Level B, Odia,Marathi,No,
NIOS,Level B, Punjabi,Marathi,No,
NIOS,Level B, Sindhi,Marathi,No,
NIOS,Level B, Tamil,Marathi,No,
NIOS,Level B, Telugu,Marathi,No,
NIOS,Level B, Urdu,Marathi,No,
NIOS,Level B, Hindi,Marathi,No,
NIOS,Level B, English,Marathi,No,
NIOS,Level C,Mathematics,Marathi,No,
NIOS,Level C, Science,Marathi,No,
NIOS,Level C, Social Science,Marathi,No,
NIOS,Level C, Computer Science,Marathi,No,
NIOS,Level C, Life Skills,Marathi,No,
NIOS,Level C, Work Education,Marathi,No,
NIOS,Level C,Assamese,Marathi,No,
NIOS,Level C, Bengali,Marathi,No,
NIOS,Level C, Bodo,Marathi,No,
NIOS,Level C, Dogri,Marathi,No,
NIOS,Level C, Gujarati,Marathi,No,
NIOS,Level C, Kannada,Marathi,No,
NIOS,Level C, Kashmiri,Marathi,No,
NIOS,Level C, Konkani,Marathi,No,
NIOS,Level C, Maithili,Marathi,No,
NIOS,Level C, Malayalam,Marathi,No,
NIOS,Level C, Manipuri (Meitei),Marathi,No,
NIOS,Level C, Marathi,Marathi,No,
NIOS,Level C, Nepali,Marathi,No,
NIOS,Level C, Odia,Marathi,No,
NIOS,Level C, Punjabi,Marathi,No,
NIOS,Level C, Sindhi,Marathi,No,
NIOS,Level C, Tamil,Marathi,No,
NIOS,Level C, Telugu,Marathi,No,
NIOS,Level C, Urdu,Marathi,No,
NIOS,Level C, Hindi,Marathi,No,
NIOS,Level C, English,Marathi,No,
NIOS,Secondary Course,Mathematics,Marathi,No,
NIOS,Secondary Course, Science & Technology,Marathi,No,
NIOS,Secondary Course, Social Science,Marathi,No,
NIOS,Secondary Course, Economics,Marathi,No,
NIOS,Secondary Course, Business Studies,Marathi,No,
NIOS,Secondary Course, Home Science,Marathi,No,
NIOS,Secondary Course, Psychology,Marathi,No,
NIOS,Secondary Course, Indian Culture & Heritage,Marathi,No,
NIOS,Secondary Course, Painting,Marathi,No,
NIOS,Secondary Course, Data Entry Operations,Marathi,No,
NIOS,Secondary Course, English,Marathi,No,
NIOS,Secondary Course, Hindi,Marathi,No,
NIOS,Secondary Course, Urdu,Marathi,No,
NIOS,Secondary Course, Sanskrit,Marathi,No,
NIOS,Secondary Course, Bengali,Marathi,No,
NIOS,Secondary Course, Marathi,Marathi,No,
NIOS,Secondary Course, Telugu,Marathi,No,
NIOS,Secondary Course, Gujarati,Marathi,No,
NIOS,Secondary Course, Malayalam,Marathi,No,
NIOS,Secondary Course, Odia,Marathi,No,
NIOS,Secondary Course, Punjabi,Marathi,No,
NIOS,Secondary Course, Assamese,Marathi,No,
NIOS,Secondary Course, Kannada,Marathi,No,
NIOS,Secondary Course, Tamil,Marathi,No,
NIOS,Secondary Course, Bodo,Marathi,No,
NIOS,Secondary Course, Dogri,Marathi,No,
NIOS,Secondary Course, Kashmiri,Marathi,No,
NIOS,Secondary Course, Konkani,Marathi,No,
NIOS,Secondary Course, Maithili,Marathi,No,
NIOS,Secondary Course, Manipuri (Meitei),Marathi,No,
NIOS,Secondary Course, Nepali,Marathi,No,
NIOS,Secondary Course, Sindhi,Marathi,No,
NIOS,Senior Secondary Course,Mathematics,Marathi,No,
NIOS,Senior Secondary Course, Physics,Marathi,No,
NIOS,Senior Secondary Course, Chemistry,Marathi,No,
NIOS,Senior Secondary Course, Biology,Marathi,No,
NIOS,Senior Secondary Course, Environmental Science,Marathi,No,
NIOS,Senior Secondary Course, Computer Science,Marathi,No,
NIOS,Senior Secondary Course, Data Entry Operations,Marathi,No,
NIOS,Senior Secondary Course, Economics,Marathi,No,
NIOS,Senior Secondary Course, Business Studies,Marathi,No,
NIOS,Senior Secondary Course, Accountancy,Marathi,No,
NIOS,Senior Secondary Course, Psychology,Marathi,No,
NIOS,Senior Secondary Course, Sociology,Marathi,No,
NIOS,Senior Secondary Course, History,Marathi,No,
NIOS,Senior Secondary Course, Geography,Marathi,No,
NIOS,Senior Secondary Course, Political Science,Marathi,No,
NIOS,Senior Secondary Course, Home Science,Marathi,No,
NIOS,Senior Secondary Course, Philosophy,Marathi,No,
NIOS,Senior Secondary Course, Painting English,Marathi,No,
NIOS,Senior Secondary Course, Hindi,Marathi,No,
NIOS,Senior Secondary Course, Urdu,Marathi,No,
NIOS,Senior Secondary Course, Sanskrit,Marathi,No,
NIOS,Senior Secondary Course, Bengali,Marathi,No,
NIOS,Senior Secondary Course, Marathi,Marathi,No,
NIOS,Senior Secondary Course, Telugu,Marathi,No,
NIOS,Senior Secondary Course, Gujarati,Marathi,No,
NIOS,Senior Secondary Course, Malayalam,Marathi,No,
NIOS,Senior Secondary Course, Odia,Marathi,No,
NIOS,Senior Secondary Course, Punjabi,Marathi,No,
NIOS,Senior Secondary Course, Assamese,Marathi,No,
NIOS,Senior Secondary Course, Kannada,Marathi,No,
NIOS,Senior Secondary Course, Tamil,Marathi,No,
NIOS,Senior Secondary Course, Bodo,Marathi,No,
NIOS,Senior Secondary Course, Dogri,Marathi,No,
NIOS,Senior Secondary Course, Kashmiri,Marathi,No,
NIOS,Senior Secondary Course, Konkani,Marathi,No,
NIOS,Senior Secondary Course, Maithili,Marathi,No,
NIOS,Senior Secondary Course, Manipuri (Meitei),Marathi,No,
NIOS,Senior Secondary Course, Nepali,Marathi,No,
NIOS,Senior Secondary Course, Sindhi,Marathi,No,
NIOS,Level A,Basic Literacy (Reading & Writing),Telugu,No,
NIOS,Level A,Basic Numeracy,Telugu,No,
NIOS,Level A,Environmental Awareness,Telugu,No,
NIOS,Level A,Life Skills,Telugu,No,
NIOS,Level A,Creative Activities,Telugu,No,
NIOS,Level A,Assamese,Telugu,No,
NIOS,Level A,Bengali,Telugu,No,
NIOS,Level A,Bodo,Telugu,No,
NIOS,Level A,Dogri,Telugu,No,
NIOS,Level A,Gujarati,Telugu,No,
NIOS,Level A,Kannada,Telugu,No,
NIOS,Level A,Kashmiri,Telugu,No,
NIOS,Level A,Konkani,Telugu,No,
NIOS,Level A,Maithili,Telugu,No,
NIOS,Level A,Malayalam,Telugu,No,
NIOS,Level A,Manipuri (Meitei),Telugu,No,
NIOS,Level A,Marathi,Telugu,No,
NIOS,Level A,Nepali,Telugu,No,
NIOS,Level A,Odia,Telugu,No,
NIOS,Level A,Punjabi,Telugu,No,
NIOS,Level A,Sindhi,Telugu,No,
NIOS,Level A,Tamil,Telugu,No,
NIOS,Level A,Telugu,Telugu,No,
NIOS,Level A,Urdu,Telugu,No,
NIOS,Level A,Hindi,Telugu,No,
NIOS,Level A,English,Telugu,No,
NIOS,Level B,Mathematics,Telugu,No,
NIOS,Level B, Environmental Studies,Telugu,No,
NIOS,Level B, Life Skills,Telugu,No,
NIOS,Level B, Computer Awareness,Telugu,No,
NIOS,Level B, Creative Activities,Telugu,No,
NIOS,Level B,Assamese,Telugu,No,
NIOS,Level B, Bengali,Telugu,No,
NIOS,Level B, Bodo,Telugu,No,
NIOS,Level B, Dogri,Telugu,No,
NIOS,Level B, Gujarati,Telugu,No,
NIOS,Level B, Kannada,Telugu,No,
NIOS,Level B, Kashmiri,Telugu,No,
NIOS,Level B, Konkani,Telugu,No,
NIOS,Level B, Maithili,Telugu,No,
NIOS,Level B, Malayalam,Telugu,No,
NIOS,Level B, Manipuri (Meitei),Telugu,No,
NIOS,Level B, Marathi,Telugu,No,
NIOS,Level B, Nepali,Telugu,No,
NIOS,Level B, Odia,Telugu,No,
NIOS,Level B, Punjabi,Telugu,No,
NIOS,Level B, Sindhi,Telugu,No,
NIOS,Level B, Tamil,Telugu,No,
NIOS,Level B, Telugu,Telugu,No,
NIOS,Level B, Urdu,Telugu,No,
NIOS,Level B, Hindi,Telugu,No,
NIOS,Level B, English,Telugu,No,
NIOS,Level C,Mathematics,Telugu,No,
NIOS,Level C, Science,Telugu,No,
NIOS,Level C, Social Science,Telugu,No,
NIOS,Level C, Computer Science,Telugu,No,
NIOS,Level C, Life Skills,Telugu,No,
NIOS,Level C, Work Education,Telugu,No,
NIOS,Level C,Assamese,Telugu,No,
NIOS,Level C, Bengali,Telugu,No,
NIOS,Level C, Bodo,Telugu,No,
NIOS,Level C, Dogri,Telugu,No,
NIOS,Level C, Gujarati,Telugu,No,
NIOS,Level C, Kannada,Telugu,No,
NIOS,Level C, Kashmiri,Telugu,No,
NIOS,Level C, Konkani,Telugu,No,
NIOS,Level C, Maithili,Telugu,No,
NIOS,Level C, Malayalam,Telugu,No,
NIOS,Level C, Manipuri (Meitei),Telugu,No,
NIOS,Level C, Marathi,Telugu,No,
NIOS,Level C, Nepali,Telugu,No,
NIOS,Level C, Odia,Telugu,No,
NIOS,Level C, Punjabi,Telugu,No,
NIOS,Level C, Sindhi,Telugu,No,
NIOS,Level C, Tamil,Telugu,No,
NIOS,Level C, Telugu,Telugu,No,
NIOS,Level C, Urdu,Telugu,No,
NIOS,Level C, Hindi,Telugu,No,
NIOS,Level C, English,Telugu,No,
NIOS,Secondary Course,Mathematics,Telugu,No,
NIOS,Secondary Course, Science & Technology,Telugu,No,
NIOS,Secondary Course, Social Science,Telugu,No,
NIOS,Secondary Course, Economics,Telugu,No,
NIOS,Secondary Course, Business Studies,Telugu,No,
NIOS,Secondary Course, Home Science,Telugu,No,
NIOS,Secondary Course, Psychology,Telugu,No,
NIOS,Secondary Course, Indian Culture & Heritage,Telugu,No,
NIOS,Secondary Course, Painting,Telugu,No,
NIOS,Secondary Course, Data Entry Operations,Telugu,No,
NIOS,Secondary Course, English,Telugu,No,
NIOS,Secondary Course, Hindi,Telugu,No,
NIOS,Secondary Course, Urdu,Telugu,No,
NIOS,Secondary Course, Sanskrit,Telugu,No,
NIOS,Secondary Course, Bengali,Telugu,No,
NIOS,Secondary Course, Marathi,Telugu,No,
NIOS,Secondary Course, Telugu,Telugu,No,
NIOS,Secondary Course, Gujarati,Telugu,No,
NIOS,Secondary Course, Malayalam,Telugu,No,
NIOS,Secondary Course, Odia,Telugu,No,
NIOS,Secondary Course, Punjabi,Telugu,No,
NIOS,Secondary Course, Assamese,Telugu,No,
NIOS,Secondary Course, Kannada,Telugu,No,
NIOS,Secondary Course, Tamil,Telugu,No,
NIOS,Secondary Course, Bodo,Telugu,No,
NIOS,Secondary Course, Dogri,Telugu,No,
NIOS,Secondary Course, Kashmiri,Telugu,No,
NIOS,Secondary Course, Konkani,Telugu,No,
NIOS,Secondary Course, Maithili,Telugu,No,
NIOS,Secondary Course, Manipuri (Meitei),Telugu,No,
NIOS,Secondary Course, Nepali,Telugu,No,
NIOS,Secondary Course, Sindhi,Telugu,No,
NIOS,Senior Secondary Course,Mathematics,Telugu,No,
NIOS,Senior Secondary Course, Physics,Telugu,No,
NIOS,Senior Secondary Course, Chemistry,Telugu,No,
NIOS,Senior Secondary Course, Biology,Telugu,No,
NIOS,Senior Secondary Course, Environmental Science,Telugu,No,
NIOS,Senior Secondary Course, Computer Science,Telugu,No,
NIOS,Senior Secondary Course, Data Entry Operations,Telugu,No,
NIOS,Senior Secondary Course, Economics,Telugu,No,
NIOS,Senior Secondary Course, Business Studies,Telugu,No,
NIOS,Senior Secondary Course, Accountancy,Telugu,No,
NIOS,Senior Secondary Course, Psychology,Telugu,No,
NIOS,Senior Secondary Course, Sociology,Telugu,No,
NIOS,Senior Secondary Course, History,Telugu,No,
NIOS,Senior Secondary Course, Geography,Telugu,No,
NIOS,Senior Secondary Course, Political Science,Telugu,No,
NIOS,Senior Secondary Course, Home Science,Telugu,No,
NIOS,Senior Secondary Course, Philosophy,Telugu,No,
NIOS,Senior Secondary Course, Painting English,Telugu,No,
NIOS,Senior Secondary Course, Hindi,Telugu,No,
NIOS,Senior Secondary Course, Urdu,Telugu,No,
NIOS,Senior Secondary Course, Sanskrit,Telugu,No,
NIOS,Senior Secondary Course, Bengali,Telugu,No,
NIOS,Senior Secondary Course, Marathi,Telugu,No,
NIOS,Senior Secondary Course, Telugu,Telugu,No,
NIOS,Senior Secondary Course, Gujarati,Telugu,No,
NIOS,Senior Secondary Course, Malayalam,Telugu,No,
NIOS,Senior Secondary Course, Odia,Telugu,No,
NIOS,Senior Secondary Course, Punjabi,Telugu,No,
NIOS,Senior Secondary Course, Assamese,Telugu,No,
NIOS,Senior Secondary Course, Kannada,Telugu,No,
NIOS,Senior Secondary Course, Tamil,Telugu,No,
NIOS,Senior Secondary Course, Bodo,Telugu,No,
NIOS,Senior Secondary Course, Dogri,Telugu,No,
NIOS,Senior Secondary Course, Kashmiri,Telugu,No,
NIOS,Senior Secondary Course, Konkani,Telugu,No,
NIOS,Senior Secondary Course, Maithili,Telugu,No,
NIOS,Senior Secondary Course, Manipuri (Meitei),Telugu,No,
NIOS,Senior Secondary Course, Nepali,Telugu,No,
NIOS,Senior Secondary Course, Sindhi,Telugu,No,
NIOS,Level A,Basic Literacy (Reading & Writing),Gujarati,No,
NIOS,Level A,Basic Numeracy,Gujarati,No,
NIOS,Level A,Environmental Awareness,Gujarati,No,
NIOS,Level A,Life Skills,Gujarati,No,
NIOS,Level A,Creative Activities,Gujarati,No,
NIOS,Level A,Assamese,Gujarati,No,
NIOS,Level A,Bengali,Gujarati,No,
NIOS,Level A,Bodo,Gujarati,No,
NIOS,Level A,Dogri,Gujarati,No,
NIOS,Level A,Gujarati,Gujarati,No,
NIOS,Level A,Kannada,Gujarati,No,
NIOS,Level A,Kashmiri,Gujarati,No,
NIOS,Level A,Konkani,Gujarati,No,
NIOS,Level A,Maithili,Gujarati,No,
NIOS,Level A,Malayalam,Gujarati,No,
NIOS,Level A,Manipuri (Meitei),Gujarati,No,
NIOS,Level A,Marathi,Gujarati,No,
NIOS,Level A,Nepali,Gujarati,No,
NIOS,Level A,Odia,Gujarati,No,
NIOS,Level A,Punjabi,Gujarati,No,
NIOS,Level A,Sindhi,Gujarati,No,
NIOS,Level A,Tamil,Gujarati,No,
NIOS,Level A,Telugu,Gujarati,No,
NIOS,Level A,Urdu,Gujarati,No,
NIOS,Level A,Hindi,Gujarati,No,
NIOS,Level A,English,Gujarati,No,
NIOS,Level B,Mathematics,Gujarati,No,
NIOS,Level B, Environmental Studies,Gujarati,No,
NIOS,Level B, Life Skills,Gujarati,No,
NIOS,Level B, Computer Awareness,Gujarati,No,
NIOS,Level B, Creative Activities,Gujarati,No,
NIOS,Level B,Assamese,Gujarati,No,
NIOS,Level B, Bengali,Gujarati,No,
NIOS,Level B, Bodo,Gujarati,No,
NIOS,Level B, Dogri,Gujarati,No,
NIOS,Level B, Gujarati,Gujarati,No,
NIOS,Level B, Kannada,Gujarati,No,
NIOS,Level B, Kashmiri,Gujarati,No,
NIOS,Level B, Konkani,Gujarati,No,
NIOS,Level B, Maithili,Gujarati,No,
NIOS,Level B, Malayalam,Gujarati,No,
NIOS,Level B, Manipuri (Meitei),Gujarati,No,
NIOS,Level B, Marathi,Gujarati,No,
NIOS,Level B, Nepali,Gujarati,No,
NIOS,Level B, Odia,Gujarati,No,
NIOS,Level B, Punjabi,Gujarati,No,
NIOS,Level B, Sindhi,Gujarati,No,
NIOS,Level B, Tamil,Gujarati,No,
NIOS,Level B, Telugu,Gujarati,No,
NIOS,Level B, Urdu,Gujarati,No,
NIOS,Level B, Hindi,Gujarati,No,
NIOS,Level B, English,Gujarati,No,
NIOS,Level C,Mathematics,Gujarati,No,
NIOS,Level C, Science,Gujarati,No,
NIOS,Level C, Social Science,Gujarati,No,
NIOS,Level C, Computer Science,Gujarati,No,
NIOS,Level C, Life Skills,Gujarati,No,
NIOS,Level C, Work Education,Gujarati,No,
NIOS,Level C,Assamese,Gujarati,No,
NIOS,Level C, Bengali,Gujarati,No,
NIOS,Level C, Bodo,Gujarati,No,
NIOS,Level C, Dogri,Gujarati,No,
NIOS,Level C, Gujarati,Gujarati,No,
NIOS,Level C, Kannada,Gujarati,No,
NIOS,Level C, Kashmiri,Gujarati,No,
NIOS,Level C, Konkani,Gujarati,No,
NIOS,Level C, Maithili,Gujarati,No,
NIOS,Level C, Malayalam,Gujarati,No,
NIOS,Level C, Manipuri (Meitei),Gujarati,No,
NIOS,Level C, Marathi,Gujarati,No,
NIOS,Level C, Nepali,Gujarati,No,
NIOS,Level C, Odia,Gujarati,No,
NIOS,Level C, Punjabi,Gujarati,No,
NIOS,Level C, Sindhi,Gujarati,No,
NIOS,Level C, Tamil,Gujarati,No,
NIOS,Level C, Telugu,Gujarati,No,
NIOS,Level C, Urdu,Gujarati,No,
NIOS,Level C, Hindi,Gujarati,No,
NIOS,Level C, English,Gujarati,No,
NIOS,Secondary Course,Mathematics,Gujarati,No,
NIOS,Secondary Course, Science & Technology,Gujarati,No,
NIOS,Secondary Course, Social Science,Gujarati,No,
NIOS,Secondary Course, Economics,Gujarati,No,
NIOS,Secondary Course, Business Studies,Gujarati,No,
NIOS,Secondary Course, Home Science,Gujarati,No,
NIOS,Secondary Course, Psychology,Gujarati,No,
NIOS,Secondary Course, Indian Culture & Heritage,Gujarati,No,
NIOS,Secondary Course, Painting,Gujarati,No,
NIOS,Secondary Course, Data Entry Operations,Gujarati,No,
NIOS,Secondary Course, English,Gujarati,No,
NIOS,Secondary Course, Hindi,Gujarati,No,
NIOS,Secondary Course, Urdu,Gujarati,No,
NIOS,Secondary Course, Sanskrit,Gujarati,No,
NIOS,Secondary Course, Bengali,Gujarati,No,
NIOS,Secondary Course, Marathi,Gujarati,No,
NIOS,Secondary Course, Telugu,Gujarati,No,
NIOS,Secondary Course, Gujarati,Gujarati,No,
NIOS,Secondary Course, Malayalam,Gujarati,No,
NIOS,Secondary Course, Odia,Gujarati,No,
NIOS,Secondary Course, Punjabi,Gujarati,No,
NIOS,Secondary Course, Assamese,Gujarati,No,
NIOS,Secondary Course, Kannada,Gujarati,No,
NIOS,Secondary Course, Tamil,Gujarati,No,
NIOS,Secondary Course, Bodo,Gujarati,No,
NIOS,Secondary Course, Dogri,Gujarati,No,
NIOS,Secondary Course, Kashmiri,Gujarati,No,
NIOS,Secondary Course, Konkani,Gujarati,No,
NIOS,Secondary Course, Maithili,Gujarati,No,
NIOS,Secondary Course, Manipuri (Meitei),Gujarati,No,
NIOS,Secondary Course, Nepali,Gujarati,No,
NIOS,Secondary Course, Sindhi,Gujarati,No,
NIOS,Senior Secondary Course,Mathematics,Gujarati,No,
NIOS,Senior Secondary Course, Physics,Gujarati,No,
NIOS,Senior Secondary Course, Chemistry,Gujarati,No,
NIOS,Senior Secondary Course, Biology,Gujarati,No,
NIOS,Senior Secondary Course, Environmental Science,Gujarati,No,
NIOS,Senior Secondary Course, Computer Science,Gujarati,No,
NIOS,Senior Secondary Course, Data Entry Operations,Gujarati,No,
NIOS,Senior Secondary Course, Economics,Gujarati,No,
NIOS,Senior Secondary Course, Business Studies,Gujarati,No,
NIOS,Senior Secondary Course, Accountancy,Gujarati,No,
NIOS,Senior Secondary Course, Psychology,Gujarati,No,
NIOS,Senior Secondary Course, Sociology,Gujarati,No,
NIOS,Senior Secondary Course, History,Gujarati,No,
NIOS,Senior Secondary Course, Geography,Gujarati,No,
NIOS,Senior Secondary Course, Political Science,Gujarati,No,
NIOS,Senior Secondary Course, Home Science,Gujarati,No,
NIOS,Senior Secondary Course, Philosophy,Gujarati,No,
NIOS,Senior Secondary Course, Painting English,Gujarati,No,
NIOS,Senior Secondary Course, Hindi,Gujarati,No,
NIOS,Senior Secondary Course, Urdu,Gujarati,No,
NIOS,Senior Secondary Course, Sanskrit,Gujarati,No,
NIOS,Senior Secondary Course, Bengali,Gujarati,No,
NIOS,Senior Secondary Course, Marathi,Gujarati,No,
NIOS,Senior Secondary Course, Telugu,Gujarati,No,
NIOS,Senior Secondary Course, Gujarati,Gujarati,No,
NIOS,Senior Secondary Course, Malayalam,Gujarati,No,
NIOS,Senior Secondary Course, Odia,Gujarati,No,
NIOS,Senior Secondary Course, Punjabi,Gujarati,No,
NIOS,Senior Secondary Course, Assamese,Gujarati,No,
NIOS,Senior Secondary Course, Kannada,Gujarati,No,
NIOS,Senior Secondary Course, Tamil,Gujarati,No,
NIOS,Senior Secondary Course, Bodo,Gujarati,No,
NIOS,Senior Secondary Course, Dogri,Gujarati,No,
NIOS,Senior Secondary Course, Kashmiri,Gujarati,No,
NIOS,Senior Secondary Course, Konkani,Gujarati,No,
NIOS,Senior Secondary Course, Maithili,Gujarati,No,
NIOS,Senior Secondary Course, Manipuri (Meitei),Gujarati,No,
NIOS,Senior Secondary Course, Nepali,Gujarati,No,
NIOS,Senior Secondary Course, Sindhi,Gujarati,No,
NIOS,Level A,Basic Literacy (Reading & Writing),Kannada,No,
NIOS,Level A,Basic Numeracy,Kannada,No,
NIOS,Level A,Environmental Awareness,Kannada,No,
NIOS,Level A,Life Skills,Kannada,No,
NIOS,Level A,Creative Activities,Kannada,No,
NIOS,Level A,Assamese,Kannada,No,
NIOS,Level A,Bengali,Kannada,No,
NIOS,Level A,Bodo,Kannada,No,
NIOS,Level A,Dogri,Kannada,No,
NIOS,Level A,Gujarati,Kannada,No,
NIOS,Level A,Kannada,Kannada,No,
NIOS,Level A,Kashmiri,Kannada,No,
NIOS,Level A,Konkani,Kannada,No,
NIOS,Level A,Maithili,Kannada,No,
NIOS,Level A,Malayalam,Kannada,No,
NIOS,Level A,Manipuri (Meitei),Kannada,No,
NIOS,Level A,Marathi,Kannada,No,
NIOS,Level A,Nepali,Kannada,No,
NIOS,Level A,Odia,Kannada,No,
NIOS,Level A,Punjabi,Kannada,No,
NIOS,Level A,Sindhi,Kannada,No,
NIOS,Level A,Tamil,Kannada,No,
NIOS,Level A,Telugu,Kannada,No,
NIOS,Level A,Urdu,Kannada,No,
NIOS,Level A,Hindi,Kannada,No,
NIOS,Level A,English,Kannada,No,
NIOS,Level B,Mathematics,Kannada,No,
NIOS,Level B, Environmental Studies,Kannada,No,
NIOS,Level B, Life Skills,Kannada,No,
NIOS,Level B, Computer Awareness,Kannada,No,
NIOS,Level B, Creative Activities,Kannada,No,
NIOS,Level B,Assamese,Kannada,No,
NIOS,Level B, Bengali,Kannada,No,
NIOS,Level B, Bodo,Kannada,No,
NIOS,Level B, Dogri,Kannada,No,
NIOS,Level B, Gujarati,Kannada,No,
NIOS,Level B, Kannada,Kannada,No,
NIOS,Level B, Kashmiri,Kannada,No,
NIOS,Level B, Konkani,Kannada,No,
NIOS,Level B, Maithili,Kannada,No,
NIOS,Level B, Malayalam,Kannada,No,
NIOS,Level B, Manipuri (Meitei),Kannada,No,
NIOS,Level B, Marathi,Kannada,No,
NIOS,Level B, Nepali,Kannada,No,
NIOS,Level B, Odia,Kannada,No,
NIOS,Level B, Punjabi,Kannada,No,
NIOS,Level B, Sindhi,Kannada,No,
NIOS,Level B, Tamil,Kannada,No,
NIOS,Level B, Telugu,Kannada,No,
NIOS,Level B, Urdu,Kannada,No,
NIOS,Level B, Hindi,Kannada,No,
NIOS,Level B, English,Kannada,No,
NIOS,Level C,Mathematics,Kannada,No,
NIOS,Level C, Science,Kannada,No,
NIOS,Level C, Social Science,Kannada,No,
NIOS,Level C, Computer Science,Kannada,No,
NIOS,Level C, Life Skills,Kannada,No,
NIOS,Level C, Work Education,Kannada,No,
NIOS,Level C,Assamese,Kannada,No,
NIOS,Level C, Bengali,Kannada,No,
NIOS,Level C, Bodo,Kannada,No,
NIOS,Level C, Dogri,Kannada,No,
NIOS,Level C, Gujarati,Kannada,No,
NIOS,Level C, Kannada,Kannada,No,
NIOS,Level C, Kashmiri,Kannada,No,
NIOS,Level C, Konkani,Kannada,No,
NIOS,Level C, Maithili,Kannada,No,
NIOS,Level C, Malayalam,Kannada,No,
NIOS,Level C, Manipuri (Meitei),Kannada,No,
NIOS,Level C, Marathi,Kannada,No,
NIOS,Level C, Nepali,Kannada,No,
NIOS,Level C, Odia,Kannada,No,
NIOS,Level C, Punjabi,Kannada,No,
NIOS,Level C, Sindhi,Kannada,No,
NIOS,Level C, Tamil,Kannada,No,
NIOS,Level C, Telugu,Kannada,No,
NIOS,Level C, Urdu,Kannada,No,
NIOS,Level C, Hindi,Kannada,No,
NIOS,Level C, English,Kannada,No,
NIOS,Secondary Course,Mathematics,Kannada,No,
NIOS,Secondary Course, Science & Technology,Kannada,No,
NIOS,Secondary Course, Social Science,Kannada,No,
NIOS,Secondary Course, Economics,Kannada,No,
NIOS,Secondary Course, Business Studies,Kannada,No,
NIOS,Secondary Course, Home Science,Kannada,No,
NIOS,Secondary Course, Psychology,Kannada,No,
NIOS,Secondary Course, Indian Culture & Heritage,Kannada,No,
NIOS,Secondary Course, Painting,Kannada,No,
NIOS,Secondary Course, Data Entry Operations,Kannada,No,
NIOS,Secondary Course, English,Kannada,No,
NIOS,Secondary Course, Hindi,Kannada,No,
NIOS,Secondary Course, Urdu,Kannada,No,
NIOS,Secondary Course, Sanskrit,Kannada,No,
NIOS,Secondary Course, Bengali,Kannada,No,
NIOS,Secondary Course, Marathi,Kannada,No,
NIOS,Secondary Course, Telugu,Kannada,No,
NIOS,Secondary Course, Gujarati,Kannada,No,
NIOS,Secondary Course, Malayalam,Kannada,No,
NIOS,Secondary Course, Odia,Kannada,No,
NIOS,Secondary Course, Punjabi,Kannada,No,
NIOS,Secondary Course, Assamese,Kannada,No,
NIOS,Secondary Course, Kannada,Kannada,No,
NIOS,Secondary Course, Tamil,Kannada,No,
NIOS,Secondary Course, Bodo,Kannada,No,
NIOS,Secondary Course, Dogri,Kannada,No,
NIOS,Secondary Course, Kashmiri,Kannada,No,
NIOS,Secondary Course, Konkani,Kannada,No,
NIOS,Secondary Course, Maithili,Kannada,No,
NIOS,Secondary Course, Manipuri (Meitei),Kannada,No,
NIOS,Secondary Course, Nepali,Kannada,No,
NIOS,Secondary Course, Sindhi,Kannada,No,
NIOS,Senior Secondary Course,Mathematics,Kannada,No,
NIOS,Senior Secondary Course, Physics,Kannada,No,
NIOS,Senior Secondary Course, Chemistry,Kannada,No,
NIOS,Senior Secondary Course, Biology,Kannada,No,
NIOS,Senior Secondary Course, Environmental Science,Kannada,No,
NIOS,Senior Secondary Course, Computer Science,Kannada,No,
NIOS,Senior Secondary Course, Data Entry Operations,Kannada,No,
NIOS,Senior Secondary Course, Economics,Kannada,No,
NIOS,Senior Secondary Course, Business Studies,Kannada,No,
NIOS,Senior Secondary Course, Accountancy,Kannada,No,
NIOS,Senior Secondary Course, Psychology,Kannada,No,
NIOS,Senior Secondary Course, Sociology,Kannada,No,
NIOS,Senior Secondary Course, History,Kannada,No,
NIOS,Senior Secondary Course, Geography,Kannada,No,
NIOS,Senior Secondary Course, Political Science,Kannada,No,
NIOS,Senior Secondary Course, Home Science,Kannada,No,
NIOS,Senior Secondary Course, Philosophy,Kannada,No,
NIOS,Senior Secondary Course, Painting English,Kannada,No,
NIOS,Senior Secondary Course, Hindi,Kannada,No,
NIOS,Senior Secondary Course, Urdu,Kannada,No,
NIOS,Senior Secondary Course, Sanskrit,Kannada,No,
NIOS,Senior Secondary Course, Bengali,Kannada,No,
NIOS,Senior Secondary Course, Marathi,Kannada,No,
NIOS,Senior Secondary Course, Telugu,Kannada,No,
NIOS,Senior Secondary Course, Gujarati,Kannada,No,
NIOS,Senior Secondary Course, Malayalam,Kannada,No,
NIOS,Senior Secondary Course, Odia,Kannada,No,
NIOS,Senior Secondary Course, Punjabi,Kannada,No,
NIOS,Senior Secondary Course, Assamese,Kannada,No,
NIOS,Senior Secondary Course, Kannada,Kannada,No,
NIOS,Senior Secondary Course, Tamil,Kannada,No,
NIOS,Senior Secondary Course, Bodo,Kannada,No,
NIOS,Senior Secondary Course, Dogri,Kannada,No,
NIOS,Senior Secondary Course, Kashmiri,Kannada,No,
NIOS,Senior Secondary Course, Konkani,Kannada,No,
NIOS,Senior Secondary Course, Maithili,Kannada,No,
NIOS,Senior Secondary Course, Manipuri (Meitei),Kannada,No,
NIOS,Senior Secondary Course, Nepali,Kannada,No,
NIOS,Senior Secondary Course, Sindhi,Kannada,No,
NIOS,Level A,Basic Literacy (Reading & Writing),Punjabi,No,
NIOS,Level A,Basic Numeracy,Punjabi,No,
NIOS,Level A,Environmental Awareness,Punjabi,No,
NIOS,Level A,Life Skills,Punjabi,No,
NIOS,Level A,Creative Activities,Punjabi,No,
NIOS,Level A,Assamese,Punjabi,No,
NIOS,Level A,Bengali,Punjabi,No,
NIOS,Level A,Bodo,Punjabi,No,
NIOS,Level A,Dogri,Punjabi,No,
NIOS,Level A,Gujarati,Punjabi,No,
NIOS,Level A,Kannada,Punjabi,No,
NIOS,Level A,Kashmiri,Punjabi,No,
NIOS,Level A,Konkani,Punjabi,No,
NIOS,Level A,Maithili,Punjabi,No,
NIOS,Level A,Malayalam,Punjabi,No,
NIOS,Level A,Manipuri (Meitei),Punjabi,No,
NIOS,Level A,Marathi,Punjabi,No,
NIOS,Level A,Nepali,Punjabi,No,
NIOS,Level A,Odia,Punjabi,No,
NIOS,Level A,Punjabi,Punjabi,No,
NIOS,Level A,Sindhi,Punjabi,No,
NIOS,Level A,Tamil,Punjabi,No,
NIOS,Level A,Telugu,Punjabi,No,
NIOS,Level A,Urdu,Punjabi,No,
NIOS,Level A,Hindi,Punjabi,No,
NIOS,Level A,English,Punjabi,No,
NIOS,Level B,Mathematics,Punjabi,No,
NIOS,Level B, Environmental Studies,Punjabi,No,
NIOS,Level B, Life Skills,Punjabi,No,
NIOS,Level B, Computer Awareness,Punjabi,No,
NIOS,Level B, Creative Activities,Punjabi,No,
NIOS,Level B,Assamese,Punjabi,No,
NIOS,Level B, Bengali,Punjabi,No,
NIOS,Level B, Bodo,Punjabi,No,
NIOS,Level B, Dogri,Punjabi,No,
NIOS,Level B, Gujarati,Punjabi,No,
NIOS,Level B, Kannada,Punjabi,No,
NIOS,Level B, Kashmiri,Punjabi,No,
NIOS,Level B, Konkani,Punjabi,No,
NIOS,Level B, Maithili,Punjabi,No,
NIOS,Level B, Malayalam,Punjabi,No,
NIOS,Level B, Manipuri (Meitei),Punjabi,No,
NIOS,Level B, Marathi,Punjabi,No,
NIOS,Level B, Nepali,Punjabi,No,
NIOS,Level B, Odia,Punjabi,No,
NIOS,Level B, Punjabi,Punjabi,No,
NIOS,Level B, Sindhi,Punjabi,No,
NIOS,Level B, Tamil,Punjabi,No,
NIOS,Level B, Telugu,Punjabi,No,
NIOS,Level B, Urdu,Punjabi,No,
NIOS,Level B, Hindi,Punjabi,No,
NIOS,Level B, English,Punjabi,No,
NIOS,Level C,Mathematics,Punjabi,No,
NIOS,Level C, Science,Punjabi,No,
NIOS,Level C, Social Science,Punjabi,No,
NIOS,Level C, Computer Science,Punjabi,No,
NIOS,Level C, Life Skills,Punjabi,No,
NIOS,Level C, Work Education,Punjabi,No,
NIOS,Level C,Assamese,Punjabi,No,
NIOS,Level C, Bengali,Punjabi,No,
NIOS,Level C, Bodo,Punjabi,No,
NIOS,Level C, Dogri,Punjabi,No,
NIOS,Level C, Gujarati,Punjabi,No,
NIOS,Level C, Kannada,Punjabi,No,
NIOS,Level C, Kashmiri,Punjabi,No,
NIOS,Level C, Konkani,Punjabi,No,
NIOS,Level C, Maithili,Punjabi,No,
NIOS,Level C, Malayalam,Punjabi,No,
NIOS,Level C, Manipuri (Meitei),Punjabi,No,
NIOS,Level C, Marathi,Punjabi,No,
NIOS,Level C, Nepali,Punjabi,No,
NIOS,Level C, Odia,Punjabi,No,
NIOS,Level C, Punjabi,Punjabi,No,
NIOS,Level C, Sindhi,Punjabi,No,
NIOS,Level C, Tamil,Punjabi,No,
NIOS,Level C, Telugu,Punjabi,No,
NIOS,Level C, Urdu,Punjabi,No,
NIOS,Level C, Hindi,Punjabi,No,
NIOS,Level C, English,Punjabi,No,
NIOS,Secondary Course,Mathematics,Punjabi,No,
NIOS,Secondary Course, Science & Technology,Punjabi,No,
NIOS,Secondary Course, Social Science,Punjabi,No,
NIOS,Secondary Course, Economics,Punjabi,No,
NIOS,Secondary Course, Business Studies,Punjabi,No,
NIOS,Secondary Course, Home Science,Punjabi,No,
NIOS,Secondary Course, Psychology,Punjabi,No,
NIOS,Secondary Course, Indian Culture & Heritage,Punjabi,No,
NIOS,Secondary Course, Painting,Punjabi,No,
NIOS,Secondary Course, Data Entry Operations,Punjabi,No,
NIOS,Secondary Course, English,Punjabi,No,
NIOS,Secondary Course, Hindi,Punjabi,No,
NIOS,Secondary Course, Urdu,Punjabi,No,
NIOS,Secondary Course, Sanskrit,Punjabi,No,
NIOS,Secondary Course, Bengali,Punjabi,No,
NIOS,Secondary Course, Marathi,Punjabi,No,
NIOS,Secondary Course, Telugu,Punjabi,No,
NIOS,Secondary Course, Gujarati,Punjabi,No,
NIOS,Secondary Course, Malayalam,Punjabi,No,
NIOS,Secondary Course, Odia,Punjabi,No,
NIOS,Secondary Course, Punjabi,Punjabi,No,
NIOS,Secondary Course, Assamese,Punjabi,No,
NIOS,Secondary Course, Kannada,Punjabi,No,
NIOS,Secondary Course, Tamil,Punjabi,No,
NIOS,Secondary Course, Bodo,Punjabi,No,
NIOS,Secondary Course, Dogri,Punjabi,No,
NIOS,Secondary Course, Kashmiri,Punjabi,No,
NIOS,Secondary Course, Konkani,Punjabi,No,
NIOS,Secondary Course, Maithili,Punjabi,No,
NIOS,Secondary Course, Manipuri (Meitei),Punjabi,No,
NIOS,Secondary Course, Nepali,Punjabi,No,
NIOS,Secondary Course, Sindhi,Punjabi,No,
NIOS,Senior Secondary Course,Mathematics,Punjabi,No,
NIOS,Senior Secondary Course, Physics,Punjabi,No,
NIOS,Senior Secondary Course, Chemistry,Punjabi,No,
NIOS,Senior Secondary Course, Biology,Punjabi,No,
NIOS,Senior Secondary Course, Environmental Science,Punjabi,No,
NIOS,Senior Secondary Course, Computer Science,Punjabi,No,
NIOS,Senior Secondary Course, Data Entry Operations,Punjabi,No,
NIOS,Senior Secondary Course, Economics,Punjabi,No,
NIOS,Senior Secondary Course, Business Studies,Punjabi,No,
NIOS,Senior Secondary Course, Accountancy,Punjabi,No,
NIOS,Senior Secondary Course, Psychology,Punjabi,No,
NIOS,Senior Secondary Course, Sociology,Punjabi,No,
NIOS,Senior Secondary Course, History,Punjabi,No,
NIOS,Senior Secondary Course, Geography,Punjabi,No,
NIOS,Senior Secondary Course, Political Science,Punjabi,No,
NIOS,Senior Secondary Course, Home Science,Punjabi,No,
NIOS,Senior Secondary Course, Philosophy,Punjabi,No,
NIOS,Senior Secondary Course, Painting English,Punjabi,No,
NIOS,Senior Secondary Course, Hindi,Punjabi,No,
NIOS,Senior Secondary Course, Urdu,Punjabi,No,
NIOS,Senior Secondary Course, Sanskrit,Punjabi,No,
NIOS,Senior Secondary Course, Bengali,Punjabi,No,
NIOS,Senior Secondary Course, Marathi,Punjabi,No,
NIOS,Senior Secondary Course, Telugu,Punjabi,No,
NIOS,Senior Secondary Course, Gujarati,Punjabi,No,
NIOS,Senior Secondary Course, Malayalam,Punjabi,No,
NIOS,Senior Secondary Course, Odia,Punjabi,No,
NIOS,Senior Secondary Course, Punjabi,Punjabi,No,
NIOS,Senior Secondary Course, Assamese,Punjabi,No,
NIOS,Senior Secondary Course, Kannada,Punjabi,No,
NIOS,Senior Secondary Course, Tamil,Punjabi,No,
NIOS,Senior Secondary Course, Bodo,Punjabi,No,
NIOS,Senior Secondary Course, Dogri,Punjabi,No,
NIOS,Senior Secondary Course, Kashmiri,Punjabi,No,
NIOS,Senior Secondary Course, Konkani,Punjabi,No,
NIOS,Senior Secondary Course, Maithili,Punjabi,No,
NIOS,Senior Secondary Course, Manipuri (Meitei),Punjabi,No,
NIOS,Senior Secondary Course, Nepali,Punjabi,No,
NIOS,Senior Secondary Course, Sindhi,Punjabi,No,
NIOS,Level A,Basic Literacy (Reading & Writing),Assamese,No,
NIOS,Level A,Basic Numeracy,Assamese,No,
NIOS,Level A,Environmental Awareness,Assamese,No,
NIOS,Level A,Life Skills,Assamese,No,
NIOS,Level A,Creative Activities,Assamese,No,
NIOS,Level A,Assamese,Assamese,No,
NIOS,Level A,Bengali,Assamese,No,
NIOS,Level A,Bodo,Assamese,No,
NIOS,Level A,Dogri,Assamese,No,
NIOS,Level A,Gujarati,Assamese,No,
NIOS,Level A,Kannada,Assamese,No,
NIOS,Level A,Kashmiri,Assamese,No,
NIOS,Level A,Konkani,Assamese,No,
NIOS,Level A,Maithili,Assamese,No,
NIOS,Level A,Malayalam,Assamese,No,
NIOS,Level A,Manipuri (Meitei),Assamese,No,
NIOS,Level A,Marathi,Assamese,No,
NIOS,Level A,Nepali,Assamese,No,
NIOS,Level A,Odia,Assamese,No,
NIOS,Level A,Punjabi,Assamese,No,
NIOS,Level A,Sindhi,Assamese,No,
NIOS,Level A,Tamil,Assamese,No,
NIOS,Level A,Telugu,Assamese,No,
NIOS,Level A,Urdu,Assamese,No,
NIOS,Level A,Hindi,Assamese,No,
NIOS,Level A,English,Assamese,No,
NIOS,Level B,Mathematics,Assamese,No,
NIOS,Level B, Environmental Studies,Assamese,No,
NIOS,Level B, Life Skills,Assamese,No,
NIOS,Level B, Computer Awareness,Assamese,No,
NIOS,Level B, Creative Activities,Assamese,No,
NIOS,Level B,Assamese,Assamese,No,
NIOS,Level B, Bengali,Assamese,No,
NIOS,Level B, Bodo,Assamese,No,
NIOS,Level B, Dogri,Assamese,No,
NIOS,Level B, Gujarati,Assamese,No,
NIOS,Level B, Kannada,Assamese,No,
NIOS,Level B, Kashmiri,Assamese,No,
NIOS,Level B, Konkani,Assamese,No,
NIOS,Level B, Maithili,Assamese,No,
NIOS,Level B, Malayalam,Assamese,No,
NIOS,Level B, Manipuri (Meitei),Assamese,No,
NIOS,Level B, Marathi,Assamese,No,
NIOS,Level B, Nepali,Assamese,No,
NIOS,Level B, Odia,Assamese,No,
NIOS,Level B, Punjabi,Assamese,No,
NIOS,Level B, Sindhi,Assamese,No,
NIOS,Level B, Tamil,Assamese,No,
NIOS,Level B, Telugu,Assamese,No,
NIOS,Level B, Urdu,Assamese,No,
NIOS,Level B, Hindi,Assamese,No,
NIOS,Level B, English,Assamese,No,
NIOS,Level C,Mathematics,Assamese,No,
NIOS,Level C, Science,Assamese,No,
NIOS,Level C, Social Science,Assamese,No,
NIOS,Level C, Computer Science,Assamese,No,
NIOS,Level C, Life Skills,Assamese,No,
NIOS,Level C, Work Education,Assamese,No,
NIOS,Level C,Assamese,Assamese,No,
NIOS,Level C, Bengali,Assamese,No,
NIOS,Level C, Bodo,Assamese,No,
NIOS,Level C, Dogri,Assamese,No,
NIOS,Level C, Gujarati,Assamese,No,
NIOS,Level C, Kannada,Assamese,No,
NIOS,Level C, Kashmiri,Assamese,No,
NIOS,Level C, Konkani,Assamese,No,
NIOS,Level C, Maithili,Assamese,No,
NIOS,Level C, Malayalam,Assamese,No,
NIOS,Level C, Manipuri (Meitei),Assamese,No,
NIOS,Level C, Marathi,Assamese,No,
NIOS,Level C, Nepali,Assamese,No,
NIOS,Level C, Odia,Assamese,No,
NIOS,Level C, Punjabi,Assamese,No,
NIOS,Level C, Sindhi,Assamese,No,
NIOS,Level C, Tamil,Assamese,No,
NIOS,Level C, Telugu,Assamese,No,
NIOS,Level C, Urdu,Assamese,No,
NIOS,Level C, Hindi,Assamese,No,
NIOS,Level C, English,Assamese,No,
NIOS,Secondary Course,Mathematics,Assamese,No,
NIOS,Secondary Course, Science & Technology,Assamese,No,
NIOS,Secondary Course, Social Science,Assamese,No,
NIOS,Secondary Course, Economics,Assamese,No,
NIOS,Secondary Course, Business Studies,Assamese,No,
NIOS,Secondary Course, Home Science,Assamese,No,
NIOS,Secondary Course, Psychology,Assamese,No,
NIOS,Secondary Course, Indian Culture & Heritage,Assamese,No,
NIOS,Secondary Course, Painting,Assamese,No,
NIOS,Secondary Course, Data Entry Operations,Assamese,No,
NIOS,Secondary Course, English,Assamese,No,
NIOS,Secondary Course, Hindi,Assamese,No,
NIOS,Secondary Course, Urdu,Assamese,No,
NIOS,Secondary Course, Sanskrit,Assamese,No,
NIOS,Secondary Course, Bengali,Assamese,No,
NIOS,Secondary Course, Marathi,Assamese,No,
NIOS,Secondary Course, Telugu,Assamese,No,
NIOS,Secondary Course, Gujarati,Assamese,No,
NIOS,Secondary Course, Malayalam,Assamese,No,
NIOS,Secondary Course, Odia,Assamese,No,
NIOS,Secondary Course, Punjabi,Assamese,No,
NIOS,Secondary Course, Assamese,Assamese,No,
NIOS,Secondary Course, Kannada,Assamese,No,
NIOS,Secondary Course, Tamil,Assamese,No,
NIOS,Secondary Course, Bodo,Assamese,No,
NIOS,Secondary Course, Dogri,Assamese,No,
NIOS,Secondary Course, Kashmiri,Assamese,No,
NIOS,Secondary Course, Konkani,Assamese,No,
NIOS,Secondary Course, Maithili,Assamese,No,
NIOS,Secondary Course, Manipuri (Meitei),Assamese,No,
NIOS,Secondary Course, Nepali,Assamese,No,
NIOS,Secondary Course, Sindhi,Assamese,No,
NIOS,Senior Secondary Course,Mathematics,Assamese,No,
NIOS,Senior Secondary Course, Physics,Assamese,No,
NIOS,Senior Secondary Course, Chemistry,Assamese,No,
NIOS,Senior Secondary Course, Biology,Assamese,No,
NIOS,Senior Secondary Course, Environmental Science,Assamese,No,
NIOS,Senior Secondary Course, Computer Science,Assamese,No,
NIOS,Senior Secondary Course, Data Entry Operations,Assamese,No,
NIOS,Senior Secondary Course, Economics,Assamese,No,
NIOS,Senior Secondary Course, Business Studies,Assamese,No,
NIOS,Senior Secondary Course, Accountancy,Assamese,No,
NIOS,Senior Secondary Course, Psychology,Assamese,No,
NIOS,Senior Secondary Course, Sociology,Assamese,No,
NIOS,Senior Secondary Course, History,Assamese,No,
NIOS,Senior Secondary Course, Geography,Assamese,No,
NIOS,Senior Secondary Course, Political Science,Assamese,No,
NIOS,Senior Secondary Course, Home Science,Assamese,No,
NIOS,Senior Secondary Course, Philosophy,Assamese,No,
NIOS,Senior Secondary Course, Painting English,Assamese,No,
NIOS,Senior Secondary Course, Hindi,Assamese,No,
NIOS,Senior Secondary Course, Urdu,Assamese,No,
NIOS,Senior Secondary Course, Sanskrit,Assamese,No,
NIOS,Senior Secondary Course, Bengali,Assamese,No,
NIOS,Senior Secondary Course, Marathi,Assamese,No,
NIOS,Senior Secondary Course, Telugu,Assamese,No,
NIOS,Senior Secondary Course, Gujarati,Assamese,No,
NIOS,Senior Secondary Course, Malayalam,Assamese,No,
NIOS,Senior Secondary Course, Odia,Assamese,No,
NIOS,Senior Secondary Course, Punjabi,Assamese,No,
NIOS,Senior Secondary Course, Assamese,Assamese,No,
NIOS,Senior Secondary Course, Kannada,Assamese,No,
NIOS,Senior Secondary Course, Tamil,Assamese,No,
NIOS,Senior Secondary Course, Bodo,Assamese,No,
NIOS,Senior Secondary Course, Dogri,Assamese,No,
NIOS,Senior Secondary Course, Kashmiri,Assamese,No,
NIOS,Senior Secondary Course, Konkani,Assamese,No,
NIOS,Senior Secondary Course, Maithili,Assamese,No,
NIOS,Senior Secondary Course, Manipuri (Meitei),Assamese,No,
NIOS,Senior Secondary Course, Nepali,Assamese,No,
NIOS,Senior Secondary Course, Sindhi,Assamese,No,
NIOS,Level A,Basic Literacy (Reading & Writing),Nepali,No,
NIOS,Level A,Basic Numeracy,Nepali,No,
NIOS,Level A,Environmental Awareness,Nepali,No,
NIOS,Level A,Life Skills,Nepali,No,
NIOS,Level A,Creative Activities,Nepali,No,
NIOS,Level A,Assamese,Nepali,No,
NIOS,Level A,Bengali,Nepali,No,
NIOS,Level A,Bodo,Nepali,No,
NIOS,Level A,Dogri,Nepali,No,
NIOS,Level A,Gujarati,Nepali,No,
NIOS,Level A,Kannada,Nepali,No,
NIOS,Level A,Kashmiri,Nepali,No,
NIOS,Level A,Konkani,Nepali,No,
NIOS,Level A,Maithili,Nepali,No,
NIOS,Level A,Malayalam,Nepali,No,
NIOS,Level A,Manipuri (Meitei),Nepali,No,
NIOS,Level A,Marathi,Nepali,No,
NIOS,Level A,Nepali,Nepali,No,
NIOS,Level A,Odia,Nepali,No,
NIOS,Level A,Punjabi,Nepali,No,
NIOS,Level A,Sindhi,Nepali,No,
NIOS,Level A,Tamil,Nepali,No,
NIOS,Level A,Telugu,Nepali,No,
NIOS,Level A,Urdu,Nepali,No,
NIOS,Level A,Hindi,Nepali,No,
NIOS,Level A,English,Nepali,No,
NIOS,Level B,Mathematics,Nepali,No,
NIOS,Level B, Environmental Studies,Nepali,No,
NIOS,Level B, Life Skills,Nepali,No,
NIOS,Level B, Computer Awareness,Nepali,No,
NIOS,Level B, Creative Activities,Nepali,No,
NIOS,Level B,Assamese,Nepali,No,
NIOS,Level B, Bengali,Nepali,No,
NIOS,Level B, Bodo,Nepali,No,
NIOS,Level B, Dogri,Nepali,No,
NIOS,Level B, Gujarati,Nepali,No,
NIOS,Level B, Kannada,Nepali,No,
NIOS,Level B, Kashmiri,Nepali,No,
NIOS,Level B, Konkani,Nepali,No,
NIOS,Level B, Maithili,Nepali,No,
NIOS,Level B, Malayalam,Nepali,No,
NIOS,Level B, Manipuri (Meitei),Nepali,No,
NIOS,Level B, Marathi,Nepali,No,
NIOS,Level B, Nepali,Nepali,No,
NIOS,Level B, Odia,Nepali,No,
NIOS,Level B, Punjabi,Nepali,No,
NIOS,Level B, Sindhi,Nepali,No,
NIOS,Level B, Tamil,Nepali,No,
NIOS,Level B, Telugu,Nepali,No,
NIOS,Level B, Urdu,Nepali,No,
NIOS,Level B, Hindi,Nepali,No,
NIOS,Level B, English,Nepali,No,
NIOS,Level C,Mathematics,Nepali,No,
NIOS,Level C, Science,Nepali,No,
NIOS,Level C, Social Science,Nepali,No,
NIOS,Level C, Computer Science,Nepali,No,
NIOS,Level C, Life Skills,Nepali,No,
NIOS,Level C, Work Education,Nepali,No,
NIOS,Level C,Assamese,Nepali,No,
NIOS,Level C, Bengali,Nepali,No,
NIOS,Level C, Bodo,Nepali,No,
NIOS,Level C, Dogri,Nepali,No,
NIOS,Level C, Gujarati,Nepali,No,
NIOS,Level C, Kannada,Nepali,No,
NIOS,Level C, Kashmiri,Nepali,No,
NIOS,Level C, Konkani,Nepali,No,
NIOS,Level C, Maithili,Nepali,No,
NIOS,Level C, Malayalam,Nepali,No,
NIOS,Level C, Manipuri (Meitei),Nepali,No,
NIOS,Level C, Marathi,Nepali,No,
NIOS,Level C, Nepali,Nepali,No,
NIOS,Level C, Odia,Nepali,No,
NIOS,Level C, Punjabi,Nepali,No,
NIOS,Level C, Sindhi,Nepali,No,
NIOS,Level C, Tamil,Nepali,No,
NIOS,Level C, Telugu,Nepali,No,
NIOS,Level C, Urdu,Nepali,No,
NIOS,Level C, Hindi,Nepali,No,
NIOS,Level C, English,Nepali,No,
NIOS,Secondary Course,Mathematics,Nepali,No,
NIOS,Secondary Course, Science & Technology,Nepali,No,
NIOS,Secondary Course, Social Science,Nepali,No,
NIOS,Secondary Course, Economics,Nepali,No,
NIOS,Secondary Course, Business Studies,Nepali,No,
NIOS,Secondary Course, Home Science,Nepali,No,
NIOS,Secondary Course, Psychology,Nepali,No,
NIOS,Secondary Course, Indian Culture & Heritage,Nepali,No,
NIOS,Secondary Course, Painting,Nepali,No,
NIOS,Secondary Course, Data Entry Operations,Nepali,No,
NIOS,Secondary Course, English,Nepali,No,
NIOS,Secondary Course, Hindi,Nepali,No,
NIOS,Secondary Course, Urdu,Nepali,No,
NIOS,Secondary Course, Sanskrit,Nepali,No,
NIOS,Secondary Course, Bengali,Nepali,No,
NIOS,Secondary Course, Marathi,Nepali,No,
NIOS,Secondary Course, Telugu,Nepali,No,
NIOS,Secondary Course, Gujarati,Nepali,No,
NIOS,Secondary Course, Malayalam,Nepali,No,
NIOS,Secondary Course, Odia,Nepali,No,
NIOS,Secondary Course, Punjabi,Nepali,No,
NIOS,Secondary Course, Assamese,Nepali,No,
NIOS,Secondary Course, Kannada,Nepali,No,
NIOS,Secondary Course, Tamil,Nepali,No,
NIOS,Secondary Course, Bodo,Nepali,No,
NIOS,Secondary Course, Dogri,Nepali,No,
NIOS,Secondary Course, Kashmiri,Nepali,No,
NIOS,Secondary Course, Konkani,Nepali,No,
NIOS,Secondary Course, Maithili,Nepali,No,
NIOS,Secondary Course, Manipuri (Meitei),Nepali,No,
NIOS,Secondary Course, Nepali,Nepali,No,
NIOS,Secondary Course, Sindhi,Nepali,No,
NIOS,Senior Secondary Course,Mathematics,Nepali,No,
NIOS,Senior Secondary Course, Physics,Nepali,No,
NIOS,Senior Secondary Course, Chemistry,Nepali,No,
NIOS,Senior Secondary Course, Biology,Nepali,No,
NIOS,Senior Secondary Course, Environmental Science,Nepali,No,
NIOS,Senior Secondary Course, Computer Science,Nepali,No,
NIOS,Senior Secondary Course, Data Entry Operations,Nepali,No,
NIOS,Senior Secondary Course, Economics,Nepali,No,
NIOS,Senior Secondary Course, Business Studies,Nepali,No,
NIOS,Senior Secondary Course, Accountancy,Nepali,No,
NIOS,Senior Secondary Course, Psychology,Nepali,No,
NIOS,Senior Secondary Course, Sociology,Nepali,No,
NIOS,Senior Secondary Course, History,Nepali,No,
NIOS,Senior Secondary Course, Geography,Nepali,No,
NIOS,Senior Secondary Course, Political Science,Nepali,No,
NIOS,Senior Secondary Course, Home Science,Nepali,No,
NIOS,Senior Secondary Course, Philosophy,Nepali,No,
NIOS,Senior Secondary Course, Painting English,Nepali,No,
NIOS,Senior Secondary Course, Hindi,Nepali,No,
NIOS,Senior Secondary Course, Urdu,Nepali,No,
NIOS,Senior Secondary Course, Sanskrit,Nepali,No,
NIOS,Senior Secondary Course, Bengali,Nepali,No,
NIOS,Senior Secondary Course, Marathi,Nepali,No,
NIOS,Senior Secondary Course, Telugu,Nepali,No,
NIOS,Senior Secondary Course, Gujarati,Nepali,No,
NIOS,Senior Secondary Course, Malayalam,Nepali,No,
NIOS,Senior Secondary Course, Odia,Nepali,No,
NIOS,Senior Secondary Course, Punjabi,Nepali,No,
NIOS,Senior Secondary Course, Assamese,Nepali,No,
NIOS,Senior Secondary Course, Kannada,Nepali,No,
NIOS,Senior Secondary Course, Tamil,Nepali,No,
NIOS,Senior Secondary Course, Bodo,Nepali,No,
NIOS,Senior Secondary Course, Dogri,Nepali,No,
NIOS,Senior Secondary Course, Kashmiri,Nepali,No,
NIOS,Senior Secondary Course, Konkani,Nepali,No,
NIOS,Senior Secondary Course, Maithili,Nepali,No,
NIOS,Senior Secondary Course, Manipuri (Meitei),Nepali,No,
NIOS,Senior Secondary Course, Nepali,Nepali,No,
NIOS,Senior Secondary Course, Sindhi,Nepali,No,
NIOS,Level A,Basic Literacy (Reading & Writing),Malayalam,No,
NIOS,Level A,Basic Numeracy,Malayalam,No,
NIOS,Level A,Environmental Awareness,Malayalam,No,
NIOS,Level A,Life Skills,Malayalam,No,
NIOS,Level A,Creative Activities,Malayalam,No,
NIOS,Level A,Assamese,Malayalam,No,
NIOS,Level A,Bengali,Malayalam,No,
NIOS,Level A,Bodo,Malayalam,No,
NIOS,Level A,Dogri,Malayalam,No,
NIOS,Level A,Gujarati,Malayalam,No,
NIOS,Level A,Kannada,Malayalam,No,
NIOS,Level A,Kashmiri,Malayalam,No,
NIOS,Level A,Konkani,Malayalam,No,
NIOS,Level A,Maithili,Malayalam,No,
NIOS,Level A,Malayalam,Malayalam,No,
NIOS,Level A,Manipuri (Meitei),Malayalam,No,
NIOS,Level A,Marathi,Malayalam,No,
NIOS,Level A,Nepali,Malayalam,No,
NIOS,Level A,Odia,Malayalam,No,
NIOS,Level A,Punjabi,Malayalam,No,
NIOS,Level A,Sindhi,Malayalam,No,
NIOS,Level A,Tamil,Malayalam,No,
NIOS,Level A,Telugu,Malayalam,No,
NIOS,Level A,Urdu,Malayalam,No,
NIOS,Level A,Hindi,Malayalam,No,
NIOS,Level A,English,Malayalam,No,
NIOS,Level B,Mathematics,Malayalam,No,
NIOS,Level B, Environmental Studies,Malayalam,No,
NIOS,Level B, Life Skills,Malayalam,No,
NIOS,Level B, Computer Awareness,Malayalam,No,
NIOS,Level B, Creative Activities,Malayalam,No,
NIOS,Level B,Assamese,Malayalam,No,
NIOS,Level B, Bengali,Malayalam,No,
NIOS,Level B, Bodo,Malayalam,No,
NIOS,Level B, Dogri,Malayalam,No,
NIOS,Level B, Gujarati,Malayalam,No,
NIOS,Level B, Kannada,Malayalam,No,
NIOS,Level B, Kashmiri,Malayalam,No,
NIOS,Level B, Konkani,Malayalam,No,
NIOS,Level B, Maithili,Malayalam,No,
NIOS,Level B, Malayalam,Malayalam,No,
NIOS,Level B, Manipuri (Meitei),Malayalam,No,
NIOS,Level B, Marathi,Malayalam,No,
NIOS,Level B, Nepali,Malayalam,No,
NIOS,Level B, Odia,Malayalam,No,
NIOS,Level B, Punjabi,Malayalam,No,
NIOS,Level B, Sindhi,Malayalam,No,
NIOS,Level B, Tamil,Malayalam,No,
NIOS,Level B, Telugu,Malayalam,No,
NIOS,Level B, Urdu,Malayalam,No,
NIOS,Level B, Hindi,Malayalam,No,
NIOS,Level B, English,Malayalam,No,
NIOS,Level C,Mathematics,Malayalam,No,
NIOS,Level C, Science,Malayalam,No,
NIOS,Level C, Social Science,Malayalam,No,
NIOS,Level C, Computer Science,Malayalam,No,
NIOS,Level C, Life Skills,Malayalam,No,
NIOS,Level C, Work Education,Malayalam,No,
NIOS,Level C,Assamese,Malayalam,No,
NIOS,Level C, Bengali,Malayalam,No,
NIOS,Level C, Bodo,Malayalam,No,
NIOS,Level C, Dogri,Malayalam,No,
NIOS,Level C, Gujarati,Malayalam,No,
NIOS,Level C, Kannada,Malayalam,No,
NIOS,Level C, Kashmiri,Malayalam,No,
NIOS,Level C, Konkani,Malayalam,No,
NIOS,Level C, Maithili,Malayalam,No,
NIOS,Level C, Malayalam,Malayalam,No,
NIOS,Level C, Manipuri (Meitei),Malayalam,No,
NIOS,Level C, Marathi,Malayalam,No,
NIOS,Level C, Nepali,Malayalam,No,
NIOS,Level C, Odia,Malayalam,No,
NIOS,Level C, Punjabi,Malayalam,No,
NIOS,Level C, Sindhi,Malayalam,No,
NIOS,Level C, Tamil,Malayalam,No,
NIOS,Level C, Telugu,Malayalam,No,
NIOS,Level C, Urdu,Malayalam,No,
NIOS,Level C, Hindi,Malayalam,No,
NIOS,Level C, English,Malayalam,No,
NIOS,Secondary Course,Mathematics,Malayalam,No,
NIOS,Secondary Course, Science & Technology,Malayalam,No,
NIOS,Secondary Course, Social Science,Malayalam,No,
NIOS,Secondary Course, Economics,Malayalam,No,
NIOS,Secondary Course, Business Studies,Malayalam,No,
NIOS,Secondary Course, Home Science,Malayalam,No,
NIOS,Secondary Course, Psychology,Malayalam,No,
NIOS,Secondary Course, Indian Culture & Heritage,Malayalam,No,
NIOS,Secondary Course, Painting,Malayalam,No,
NIOS,Secondary Course, Data Entry Operations,Malayalam,No,
NIOS,Secondary Course, English,Malayalam,No,
NIOS,Secondary Course, Hindi,Malayalam,No,
NIOS,Secondary Course, Urdu,Malayalam,No,
NIOS,Secondary Course, Sanskrit,Malayalam,No,
NIOS,Secondary Course, Bengali,Malayalam,No,
NIOS,Secondary Course, Marathi,Malayalam,No,
NIOS,Secondary Course, Telugu,Malayalam,No,
NIOS,Secondary Course, Gujarati,Malayalam,No,
NIOS,Secondary Course, Malayalam,Malayalam,No,
NIOS,Secondary Course, Odia,Malayalam,No,
NIOS,Secondary Course, Punjabi,Malayalam,No,
NIOS,Secondary Course, Assamese,Malayalam,No,
NIOS,Secondary Course, Kannada,Malayalam,No,
NIOS,Secondary Course, Tamil,Malayalam,No,
NIOS,Secondary Course, Bodo,Malayalam,No,
NIOS,Secondary Course, Dogri,Malayalam,No,
NIOS,Secondary Course, Kashmiri,Malayalam,No,
NIOS,Secondary Course, Konkani,Malayalam,No,
NIOS,Secondary Course, Maithili,Malayalam,No,
NIOS,Secondary Course, Manipuri (Meitei),Malayalam,No,
NIOS,Secondary Course, Nepali,Malayalam,No,
NIOS,Secondary Course, Sindhi,Malayalam,No,
NIOS,Senior Secondary Course,Mathematics,Malayalam,No,
NIOS,Senior Secondary Course, Physics,Malayalam,No,
NIOS,Senior Secondary Course, Chemistry,Malayalam,No,
NIOS,Senior Secondary Course, Biology,Malayalam,No,
NIOS,Senior Secondary Course, Environmental Science,Malayalam,No,
NIOS,Senior Secondary Course, Computer Science,Malayalam,No,
NIOS,Senior Secondary Course, Data Entry Operations,Malayalam,No,
NIOS,Senior Secondary Course, Economics,Malayalam,No,
NIOS,Senior Secondary Course, Business Studies,Malayalam,No,
NIOS,Senior Secondary Course, Accountancy,Malayalam,No,
NIOS,Senior Secondary Course, Psychology,Malayalam,No,
NIOS,Senior Secondary Course, Sociology,Malayalam,No,
NIOS,Senior Secondary Course, History,Malayalam,No,
NIOS,Senior Secondary Course, Geography,Malayalam,No,
NIOS,Senior Secondary Course, Political Science,Malayalam,No,
NIOS,Senior Secondary Course, Home Science,Malayalam,No,
NIOS,Senior Secondary Course, Philosophy,Malayalam,No,
NIOS,Senior Secondary Course, Painting English,Malayalam,No,
NIOS,Senior Secondary Course, Hindi,Malayalam,No,
NIOS,Senior Secondary Course, Urdu,Malayalam,No,
NIOS,Senior Secondary Course, Sanskrit,Malayalam,No,
NIOS,Senior Secondary Course, Bengali,Malayalam,No,
NIOS,Senior Secondary Course, Marathi,Malayalam,No,
NIOS,Senior Secondary Course, Telugu,Malayalam,No,
NIOS,Senior Secondary Course, Gujarati,Malayalam,No,
NIOS,Senior Secondary Course, Malayalam,Malayalam,No,
NIOS,Senior Secondary Course, Odia,Malayalam,No,
NIOS,Senior Secondary Course, Punjabi,Malayalam,No,
NIOS,Senior Secondary Course, Assamese,Malayalam,No,
NIOS,Senior Secondary Course, Kannada,Malayalam,No,
NIOS,Senior Secondary Course, Tamil,Malayalam,No,
NIOS,Senior Secondary Course, Bodo,Malayalam,No,
NIOS,Senior Secondary Course, Dogri,Malayalam,No,
NIOS,Senior Secondary Course, Kashmiri,Malayalam,No,
NIOS,Senior Secondary Course, Konkani,Malayalam,No,
NIOS,Senior Secondary Course, Maithili,Malayalam,No,
NIOS,Senior Secondary Course, Manipuri (Meitei),Malayalam,No,
NIOS,Senior Secondary Course, Nepali,Malayalam,No,
NIOS,Senior Secondary Course, Sindhi,Malayalam,No,
NIOS,Level A,Basic Literacy (Reading & Writing),Odia,No,
NIOS,Level A,Basic Numeracy,Odia,No,
NIOS,Level A,Environmental Awareness,Odia,No,
NIOS,Level A,Life Skills,Odia,No,
NIOS,Level A,Creative Activities,Odia,No,
NIOS,Level A,Assamese,Odia,No,
NIOS,Level A,Bengali,Odia,No,
NIOS,Level A,Bodo,Odia,No,
NIOS,Level A,Dogri,Odia,No,
NIOS,Level A,Gujarati,Odia,No,
NIOS,Level A,Kannada,Odia,No,
NIOS,Level A,Kashmiri,Odia,No,
NIOS,Level A,Konkani,Odia,No,
NIOS,Level A,Maithili,Odia,No,
NIOS,Level A,Malayalam,Odia,No,
NIOS,Level A,Manipuri (Meitei),Odia,No,
NIOS,Level A,Marathi,Odia,No,
NIOS,Level A,Nepali,Odia,No,
NIOS,Level A,Odia,Odia,No,
NIOS,Level A,Punjabi,Odia,No,
NIOS,Level A,Sindhi,Odia,No,
NIOS,Level A,Tamil,Odia,No,
NIOS,Level A,Telugu,Odia,No,
NIOS,Level A,Urdu,Odia,No,
NIOS,Level A,Hindi,Odia,No,
NIOS,Level A,English,Odia,No,
NIOS,Level B,Mathematics,Odia,No,
NIOS,Level B, Environmental Studies,Odia,No,
NIOS,Level B, Life Skills,Odia,No,
NIOS,Level B, Computer Awareness,Odia,No,
NIOS,Level B, Creative Activities,Odia,No,
NIOS,Level B,Assamese,Odia,No,
NIOS,Level B, Bengali,Odia,No,
NIOS,Level B, Bodo,Odia,No,
NIOS,Level B, Dogri,Odia,No,
NIOS,Level B, Gujarati,Odia,No,
NIOS,Level B, Kannada,Odia,No,
NIOS,Level B, Kashmiri,Odia,No,
NIOS,Level B, Konkani,Odia,No,
NIOS,Level B, Maithili,Odia,No,
NIOS,Level B, Malayalam,Odia,No,
NIOS,Level B, Manipuri (Meitei),Odia,No,
NIOS,Level B, Marathi,Odia,No,
NIOS,Level B, Nepali,Odia,No,
NIOS,Level B, Odia,Odia,No,
NIOS,Level B, Punjabi,Odia,No,
NIOS,Level B, Sindhi,Odia,No,
NIOS,Level B, Tamil,Odia,No,
NIOS,Level B, Telugu,Odia,No,
NIOS,Level B, Urdu,Odia,No,
NIOS,Level B, Hindi,Odia,No,
NIOS,Level B, English,Odia,No,
NIOS,Level C,Mathematics,Odia,No,
NIOS,Level C, Science,Odia,No,
NIOS,Level C, Social Science,Odia,No,
NIOS,Level C, Computer Science,Odia,No,
NIOS,Level C, Life Skills,Odia,No,
NIOS,Level C, Work Education,Odia,No,
NIOS,Level C,Assamese,Odia,No,
NIOS,Level C, Bengali,Odia,No,
NIOS,Level C, Bodo,Odia,No,
NIOS,Level C, Dogri,Odia,No,
NIOS,Level C, Gujarati,Odia,No,
NIOS,Level C, Kannada,Odia,No,
NIOS,Level C, Kashmiri,Odia,No,
NIOS,Level C, Konkani,Odia,No,
NIOS,Level C, Maithili,Odia,No,
NIOS,Level C, Malayalam,Odia,No,
NIOS,Level C, Manipuri (Meitei),Odia,No,
NIOS,Level C, Marathi,Odia,No,
NIOS,Level C, Nepali,Odia,No,
NIOS,Level C, Odia,Odia,No,
NIOS,Level C, Punjabi,Odia,No,
NIOS,Level C, Sindhi,Odia,No,
NIOS,Level C, Tamil,Odia,No,
NIOS,Level C, Telugu,Odia,No,
NIOS,Level C, Urdu,Odia,No,
NIOS,Level C, Hindi,Odia,No,
NIOS,Level C, English,Odia,No,
NIOS,Secondary Course,Mathematics,Odia,No,
NIOS,Secondary Course, Science & Technology,Odia,No,
NIOS,Secondary Course, Social Science,Odia,No,
NIOS,Secondary Course, Economics,Odia,No,
NIOS,Secondary Course, Business Studies,Odia,No,
NIOS,Secondary Course, Home Science,Odia,No,
NIOS,Secondary Course, Psychology,Odia,No,
NIOS,Secondary Course, Indian Culture & Heritage,Odia,No,
NIOS,Secondary Course, Painting,Odia,No,
NIOS,Secondary Course, Data Entry Operations,Odia,No,
NIOS,Secondary Course, English,Odia,No,
NIOS,Secondary Course, Hindi,Odia,No,
NIOS,Secondary Course, Urdu,Odia,No,
NIOS,Secondary Course, Sanskrit,Odia,No,
NIOS,Secondary Course, Bengali,Odia,No,
NIOS,Secondary Course, Marathi,Odia,No,
NIOS,Secondary Course, Telugu,Odia,No,
NIOS,Secondary Course, Gujarati,Odia,No,
NIOS,Secondary Course, Malayalam,Odia,No,
NIOS,Secondary Course, Odia,Odia,No,
NIOS,Secondary Course, Punjabi,Odia,No,
NIOS,Secondary Course, Assamese,Odia,No,
NIOS,Secondary Course, Kannada,Odia,No,
NIOS,Secondary Course, Tamil,Odia,No,
NIOS,Secondary Course, Bodo,Odia,No,
NIOS,Secondary Course, Dogri,Odia,No,
NIOS,Secondary Course, Kashmiri,Odia,No,
NIOS,Secondary Course, Konkani,Odia,No,
NIOS,Secondary Course, Maithili,Odia,No,
NIOS,Secondary Course, Manipuri (Meitei),Odia,No,
NIOS,Secondary Course, Nepali,Odia,No,
NIOS,Secondary Course, Sindhi,Odia,No,
NIOS,Senior Secondary Course,Mathematics,Odia,No,
NIOS,Senior Secondary Course, Physics,Odia,No,
NIOS,Senior Secondary Course, Chemistry,Odia,No,
NIOS,Senior Secondary Course, Biology,Odia,No,
NIOS,Senior Secondary Course, Environmental Science,Odia,No,
NIOS,Senior Secondary Course, Computer Science,Odia,No,
NIOS,Senior Secondary Course, Data Entry Operations,Odia,No,
NIOS,Senior Secondary Course, Economics,Odia,No,
NIOS,Senior Secondary Course, Business Studies,Odia,No,
NIOS,Senior Secondary Course, Accountancy,Odia,No,
NIOS,Senior Secondary Course, Psychology,Odia,No,
NIOS,Senior Secondary Course, Sociology,Odia,No,
NIOS,Senior Secondary Course, History,Odia,No,
NIOS,Senior Secondary Course, Geography,Odia,No,
NIOS,Senior Secondary Course, Political Science,Odia,No,
NIOS,Senior Secondary Course, Home Science,Odia,No,
NIOS,Senior Secondary Course, Philosophy,Odia,No,
NIOS,Senior Secondary Course, Painting English,Odia,No,
NIOS,Senior Secondary Course, Hindi,Odia,No,
NIOS,Senior Secondary Course, Urdu,Odia,No,
NIOS,Senior Secondary Course, Sanskrit,Odia,No,
NIOS,Senior Secondary Course, Bengali,Odia,No,
NIOS,Senior Secondary Course, Marathi,Odia,No,
NIOS,Senior Secondary Course, Telugu,Odia,No,
NIOS,Senior Secondary Course, Gujarati,Odia,No,
NIOS,Senior Secondary Course, Malayalam,Odia,No,
NIOS,Senior Secondary Course, Odia,Odia,No,
NIOS,Senior Secondary Course, Punjabi,Odia,No,
NIOS,Senior Secondary Course, Assamese,Odia,No,
NIOS,Senior Secondary Course, Kannada,Odia,No,
NIOS,Senior Secondary Course, Tamil,Odia,No,
NIOS,Senior Secondary Course, Bodo,Odia,No,
NIOS,Senior Secondary Course, Dogri,Odia,No,
NIOS,Senior Secondary Course, Kashmiri,Odia,No,
NIOS,Senior Secondary Course, Konkani,Odia,No,
NIOS,Senior Secondary Course, Maithili,Odia,No,
NIOS,Senior Secondary Course, Manipuri (Meitei),Odia,No,
NIOS,Senior Secondary Course, Nepali,Odia,No,
NIOS,Senior Secondary Course, Sindhi,Odia,No,
NIOS,Level A,Basic Literacy (Reading & Writing),Arabic,No,
NIOS,Level A,Basic Numeracy,Arabic,No,
NIOS,Level A,Environmental Awareness,Arabic,No,
NIOS,Level A,Life Skills,Arabic,No,
NIOS,Level A,Creative Activities,Arabic,No,
NIOS,Level A,Assamese,Arabic,No,
NIOS,Level A,Bengali,Arabic,No,
NIOS,Level A,Bodo,Arabic,No,
NIOS,Level A,Dogri,Arabic,No,
NIOS,Level A,Gujarati,Arabic,No,
NIOS,Level A,Kannada,Arabic,No,
NIOS,Level A,Kashmiri,Arabic,No,
NIOS,Level A,Konkani,Arabic,No,
NIOS,Level A,Maithili,Arabic,No,
NIOS,Level A,Malayalam,Arabic,No,
NIOS,Level A,Manipuri (Meitei),Arabic,No,
NIOS,Level A,Marathi,Arabic,No,
NIOS,Level A,Nepali,Arabic,No,
NIOS,Level A,Odia,Arabic,No,
NIOS,Level A,Punjabi,Arabic,No,
NIOS,Level A,Sindhi,Arabic,No,
NIOS,Level A,Tamil,Arabic,No,
NIOS,Level A,Telugu,Arabic,No,
NIOS,Level A,Urdu,Arabic,No,
NIOS,Level A,Hindi,Arabic,No,
NIOS,Level A,English,Arabic,No,
NIOS,Level B,Mathematics,Arabic,No,
NIOS,Level B, Environmental Studies,Arabic,No,
NIOS,Level B, Life Skills,Arabic,No,
NIOS,Level B, Computer Awareness,Arabic,No,
NIOS,Level B, Creative Activities,Arabic,No,
NIOS,Level B,Assamese,Arabic,No,
NIOS,Level B, Bengali,Arabic,No,
NIOS,Level B, Bodo,Arabic,No,
NIOS,Level B, Dogri,Arabic,No,
NIOS,Level B, Gujarati,Arabic,No,
NIOS,Level B, Kannada,Arabic,No,
NIOS,Level B, Kashmiri,Arabic,No,
NIOS,Level B, Konkani,Arabic,No,
NIOS,Level B, Maithili,Arabic,No,
NIOS,Level B, Malayalam,Arabic,No,
NIOS,Level B, Manipuri (Meitei),Arabic,No,
NIOS,Level B, Marathi,Arabic,No,
NIOS,Level B, Nepali,Arabic,No,
NIOS,Level B, Odia,Arabic,No,
NIOS,Level B, Punjabi,Arabic,No,
NIOS,Level B, Sindhi,Arabic,No,
NIOS,Level B, Tamil,Arabic,No,
NIOS,Level B, Telugu,Arabic,No,
NIOS,Level B, Urdu,Arabic,No,
NIOS,Level B, Hindi,Arabic,No,
NIOS,Level B, English,Arabic,No,
NIOS,Level C,Mathematics,Arabic,No,
NIOS,Level C, Science,Arabic,No,
NIOS,Level C, Social Science,Arabic,No,
NIOS,Level C, Computer Science,Arabic,No,
NIOS,Level C, Life Skills,Arabic,No,
NIOS,Level C, Work Education,Arabic,No,
NIOS,Level C,Assamese,Arabic,No,
NIOS,Level C, Bengali,Arabic,No,
NIOS,Level C, Bodo,Arabic,No,
NIOS,Level C, Dogri,Arabic,No,
NIOS,Level C, Gujarati,Arabic,No,
NIOS,Level C, Kannada,Arabic,No,
NIOS,Level C, Kashmiri,Arabic,No,
NIOS,Level C, Konkani,Arabic,No,
NIOS,Level C, Maithili,Arabic,No,
NIOS,Level C, Malayalam,Arabic,No,
NIOS,Level C, Manipuri (Meitei),Arabic,No,
NIOS,Level C, Marathi,Arabic,No,
NIOS,Level C, Nepali,Arabic,No,
NIOS,Level C, Odia,Arabic,No,
NIOS,Level C, Punjabi,Arabic,No,
NIOS,Level C, Sindhi,Arabic,No,
NIOS,Level C, Tamil,Arabic,No,
NIOS,Level C, Telugu,Arabic,No,
NIOS,Level C, Urdu,Arabic,No,
NIOS,Level C, Hindi,Arabic,No,
NIOS,Level C, English,Arabic,No,
NIOS,Secondary Course,Mathematics,Arabic,No,
NIOS,Secondary Course, Science & Technology,Arabic,No,
NIOS,Secondary Course, Social Science,Arabic,No,
NIOS,Secondary Course, Economics,Arabic,No,
NIOS,Secondary Course, Business Studies,Arabic,No,
NIOS,Secondary Course, Home Science,Arabic,No,
NIOS,Secondary Course, Psychology,Arabic,No,
NIOS,Secondary Course, Indian Culture & Heritage,Arabic,No,
NIOS,Secondary Course, Painting,Arabic,No,
NIOS,Secondary Course, Data Entry Operations,Arabic,No,
NIOS,Secondary Course, English,Arabic,No,
NIOS,Secondary Course, Hindi,Arabic,No,
NIOS,Secondary Course, Urdu,Arabic,No,
NIOS,Secondary Course, Sanskrit,Arabic,No,
NIOS,Secondary Course, Bengali,Arabic,No,
NIOS,Secondary Course, Marathi,Arabic,No,
NIOS,Secondary Course, Telugu,Arabic,No,
NIOS,Secondary Course, Gujarati,Arabic,No,
NIOS,Secondary Course, Malayalam,Arabic,No,
NIOS,Secondary Course, Odia,Arabic,No,
NIOS,Secondary Course, Punjabi,Arabic,No,
NIOS,Secondary Course, Assamese,Arabic,No,
NIOS,Secondary Course, Kannada,Arabic,No,
NIOS,Secondary Course, Tamil,Arabic,No,
NIOS,Secondary Course, Bodo,Arabic,No,
NIOS,Secondary Course, Dogri,Arabic,No,
NIOS,Secondary Course, Kashmiri,Arabic,No,
NIOS,Secondary Course, Konkani,Arabic,No,
NIOS,Secondary Course, Maithili,Arabic,No,
NIOS,Secondary Course, Manipuri (Meitei),Arabic,No,
NIOS,Secondary Course, Nepali,Arabic,No,
NIOS,Secondary Course, Sindhi,Arabic,No,
NIOS,Senior Secondary Course,Mathematics,Arabic,No,
NIOS,Senior Secondary Course, Physics,Arabic,No,
NIOS,Senior Secondary Course, Chemistry,Arabic,No,
NIOS,Senior Secondary Course, Biology,Arabic,No,
NIOS,Senior Secondary Course, Environmental Science,Arabic,No,
NIOS,Senior Secondary Course, Computer Science,Arabic,No,
NIOS,Senior Secondary Course, Data Entry Operations,Arabic,No,
NIOS,Senior Secondary Course, Economics,Arabic,No,
NIOS,Senior Secondary Course, Business Studies,Arabic,No,
NIOS,Senior Secondary Course, Accountancy,Arabic,No,
NIOS,Senior Secondary Course, Psychology,Arabic,No,
NIOS,Senior Secondary Course, Sociology,Arabic,No,
NIOS,Senior Secondary Course, History,Arabic,No,
NIOS,Senior Secondary Course, Geography,Arabic,No,
NIOS,Senior Secondary Course, Political Science,Arabic,No,
NIOS,Senior Secondary Course, Home Science,Arabic,No,
NIOS,Senior Secondary Course, Philosophy,Arabic,No,
NIOS,Senior Secondary Course, Painting English,Arabic,No,
NIOS,Senior Secondary Course, Hindi,Arabic,No,
NIOS,Senior Secondary Course, Urdu,Arabic,No,
NIOS,Senior Secondary Course, Sanskrit,Arabic,No,
NIOS,Senior Secondary Course, Bengali,Arabic,No,
NIOS,Senior Secondary Course, Marathi,Arabic,No,
NIOS,Senior Secondary Course, Telugu,Arabic,No,
NIOS,Senior Secondary Course, Gujarati,Arabic,No,
NIOS,Senior Secondary Course, Malayalam,Arabic,No,
NIOS,Senior Secondary Course, Odia,Arabic,No,
NIOS,Senior Secondary Course, Punjabi,Arabic,No,
NIOS,Senior Secondary Course, Assamese,Arabic,No,
NIOS,Senior Secondary Course, Kannada,Arabic,No,
NIOS,Senior Secondary Course, Tamil,Arabic,No,
NIOS,Senior Secondary Course, Bodo,Arabic,No,
NIOS,Senior Secondary Course, Dogri,Arabic,No,
NIOS,Senior Secondary Course, Kashmiri,Arabic,No,
NIOS,Senior Secondary Course, Konkani,Arabic,No,
NIOS,Senior Secondary Course, Maithili,Arabic,No,
NIOS,Senior Secondary Course, Manipuri (Meitei),Arabic,No,
NIOS,Senior Secondary Course, Nepali,Arabic,No,
NIOS,Senior Secondary Course, Sindhi,Arabic,No,
NIOS,Level A,Basic Literacy (Reading & Writing),Persian,No,
NIOS,Level A,Basic Numeracy,Persian,No,
NIOS,Level A,Environmental Awareness,Persian,No,
NIOS,Level A,Life Skills,Persian,No,
NIOS,Level A,Creative Activities,Persian,No,
NIOS,Level A,Assamese,Persian,No,
NIOS,Level A,Bengali,Persian,No,
NIOS,Level A,Bodo,Persian,No,
NIOS,Level A,Dogri,Persian,No,
NIOS,Level A,Gujarati,Persian,No,
NIOS,Level A,Kannada,Persian,No,
NIOS,Level A,Kashmiri,Persian,No,
NIOS,Level A,Konkani,Persian,No,
NIOS,Level A,Maithili,Persian,No,
NIOS,Level A,Malayalam,Persian,No,
NIOS,Level A,Manipuri (Meitei),Persian,No,
NIOS,Level A,Marathi,Persian,No,
NIOS,Level A,Nepali,Persian,No,
NIOS,Level A,Odia,Persian,No,
NIOS,Level A,Punjabi,Persian,No,
NIOS,Level A,Sindhi,Persian,No,
NIOS,Level A,Tamil,Persian,No,
NIOS,Level A,Telugu,Persian,No,
NIOS,Level A,Urdu,Persian,No,
NIOS,Level A,Hindi,Persian,No,
NIOS,Level A,English,Persian,No,
NIOS,Level B,Mathematics,Persian,No,
NIOS,Level B, Environmental Studies,Persian,No,
NIOS,Level B, Life Skills,Persian,No,
NIOS,Level B, Computer Awareness,Persian,No,
NIOS,Level B, Creative Activities,Persian,No,
NIOS,Level B,Assamese,Persian,No,
NIOS,Level B, Bengali,Persian,No,
NIOS,Level B, Bodo,Persian,No,
NIOS,Level B, Dogri,Persian,No,
NIOS,Level B, Gujarati,Persian,No,
NIOS,Level B, Kannada,Persian,No,
NIOS,Level B, Kashmiri,Persian,No,
NIOS,Level B, Konkani,Persian,No,
NIOS,Level B, Maithili,Persian,No,
NIOS,Level B, Malayalam,Persian,No,
NIOS,Level B, Manipuri (Meitei),Persian,No,
NIOS,Level B, Marathi,Persian,No,
NIOS,Level B, Nepali,Persian,No,
NIOS,Level B, Odia,Persian,No,
NIOS,Level B, Punjabi,Persian,No,
NIOS,Level B, Sindhi,Persian,No,
NIOS,Level B, Tamil,Persian,No,
NIOS,Level B, Telugu,Persian,No,
NIOS,Level B, Urdu,Persian,No,
NIOS,Level B, Hindi,Persian,No,
NIOS,Level B, English,Persian,No,
NIOS,Level C,Mathematics,Persian,No,
NIOS,Level C, Science,Persian,No,
NIOS,Level C, Social Science,Persian,No,
NIOS,Level C, Computer Science,Persian,No,
NIOS,Level C, Life Skills,Persian,No,
NIOS,Level C, Work Education,Persian,No,
NIOS,Level C,Assamese,Persian,No,
NIOS,Level C, Bengali,Persian,No,
NIOS,Level C, Bodo,Persian,No,
NIOS,Level C, Dogri,Persian,No,
NIOS,Level C, Gujarati,Persian,No,
NIOS,Level C, Kannada,Persian,No,
NIOS,Level C, Kashmiri,Persian,No,
NIOS,Level C, Konkani,Persian,No,
NIOS,Level C, Maithili,Persian,No,
NIOS,Level C, Malayalam,Persian,No,
NIOS,Level C, Manipuri (Meitei),Persian,No,
NIOS,Level C, Marathi,Persian,No,
NIOS,Level C, Nepali,Persian,No,
NIOS,Level C, Odia,Persian,No,
NIOS,Level C, Punjabi,Persian,No,
NIOS,Level C, Sindhi,Persian,No,
NIOS,Level C, Tamil,Persian,No,
NIOS,Level C, Telugu,Persian,No,
NIOS,Level C, Urdu,Persian,No,
NIOS,Level C, Hindi,Persian,No,
NIOS,Level C, English,Persian,No,
NIOS,Secondary Course,Mathematics,Persian,No,
NIOS,Secondary Course, Science & Technology,Persian,No,
NIOS,Secondary Course, Social Science,Persian,No,
NIOS,Secondary Course, Economics,Persian,No,
NIOS,Secondary Course, Business Studies,Persian,No,
NIOS,Secondary Course, Home Science,Persian,No,
NIOS,Secondary Course, Psychology,Persian,No,
NIOS,Secondary Course, Indian Culture & Heritage,Persian,No,
NIOS,Secondary Course, Painting,Persian,No,
NIOS,Secondary Course, Data Entry Operations,Persian,No,
NIOS,Secondary Course, English,Persian,No,
NIOS,Secondary Course, Hindi,Persian,No,
NIOS,Secondary Course, Urdu,Persian,No,
NIOS,Secondary Course, Sanskrit,Persian,No,
NIOS,Secondary Course, Bengali,Persian,No,
NIOS,Secondary Course, Marathi,Persian,No,
NIOS,Secondary Course, Telugu,Persian,No,
NIOS,Secondary Course, Gujarati,Persian,No,
NIOS,Secondary Course, Malayalam,Persian,No,
NIOS,Secondary Course, Odia,Persian,No,
NIOS,Secondary Course, Punjabi,Persian,No,
NIOS,Secondary Course, Assamese,Persian,No,
NIOS,Secondary Course, Kannada,Persian,No,
NIOS,Secondary Course, Tamil,Persian,No,
NIOS,Secondary Course, Bodo,Persian,No,
NIOS,Secondary Course, Dogri,Persian,No,
NIOS,Secondary Course, Kashmiri,Persian,No,
NIOS,Secondary Course, Konkani,Persian,No,
NIOS,Secondary Course, Maithili,Persian,No,
NIOS,Secondary Course, Manipuri (Meitei),Persian,No,
NIOS,Secondary Course, Nepali,Persian,No,
NIOS,Secondary Course, Sindhi,Persian,No,
NIOS,Senior Secondary Course,Mathematics,Persian,No,
NIOS,Senior Secondary Course, Physics,Persian,No,
NIOS,Senior Secondary Course, Chemistry,Persian,No,
NIOS,Senior Secondary Course, Biology,Persian,No,
NIOS,Senior Secondary Course, Environmental Science,Persian,No,
NIOS,Senior Secondary Course, Computer Science,Persian,No,
NIOS,Senior Secondary Course, Data Entry Operations,Persian,No,
NIOS,Senior Secondary Course, Economics,Persian,No,
NIOS,Senior Secondary Course, Business Studies,Persian,No,
NIOS,Senior Secondary Course, Accountancy,Persian,No,
NIOS,Senior Secondary Course, Psychology,Persian,No,
NIOS,Senior Secondary Course, Sociology,Persian,No,
NIOS,Senior Secondary Course, History,Persian,No,
NIOS,Senior Secondary Course, Geography,Persian,No,
NIOS,Senior Secondary Course, Political Science,Persian,No,
NIOS,Senior Secondary Course, Home Science,Persian,No,
NIOS,Senior Secondary Course, Philosophy,Persian,No,
NIOS,Senior Secondary Course, Painting English,Persian,No,
NIOS,Senior Secondary Course, Hindi,Persian,No,
NIOS,Senior Secondary Course, Urdu,Persian,No,
NIOS,Senior Secondary Course, Sanskrit,Persian,No,
NIOS,Senior Secondary Course, Bengali,Persian,No,
NIOS,Senior Secondary Course, Marathi,Persian,No,
NIOS,Senior Secondary Course, Telugu,Persian,No,
NIOS,Senior Secondary Course, Gujarati,Persian,No,
NIOS,Senior Secondary Course, Malayalam,Persian,No,
NIOS,Senior Secondary Course, Odia,Persian,No,
NIOS,Senior Secondary Course, Punjabi,Persian,No,
NIOS,Senior Secondary Course, Assamese,Persian,No,
NIOS,Senior Secondary Course, Kannada,Persian,No,
NIOS,Senior Secondary Course, Tamil,Persian,No,
NIOS,Senior Secondary Course, Bodo,Persian,No,
NIOS,Senior Secondary Course, Dogri,Persian,No,
NIOS,Senior Secondary Course, Kashmiri,Persian,No,
NIOS,Senior Secondary Course, Konkani,Persian,No,
NIOS,Senior Secondary Course, Maithili,Persian,No,
NIOS,Senior Secondary Course, Manipuri (Meitei),Persian,No,
NIOS,Senior Secondary Course, Nepali,Persian,No,
NIOS,Senior Secondary Course, Sindhi,Persian,No,
NIOS,Level A,Basic Literacy (Reading & Writing),Tamil,No,
NIOS,Level A,Basic Numeracy,Tamil,No,
NIOS,Level A,Environmental Awareness,Tamil,No,
NIOS,Level A,Life Skills,Tamil,No,
NIOS,Level A,Creative Activities,Tamil,No,
NIOS,Level A,Assamese,Tamil,No,
NIOS,Level A,Bengali,Tamil,No,
NIOS,Level A,Bodo,Tamil,No,
NIOS,Level A,Dogri,Tamil,No,
NIOS,Level A,Gujarati,Tamil,No,
NIOS,Level A,Kannada,Tamil,No,
NIOS,Level A,Kashmiri,Tamil,No,
NIOS,Level A,Konkani,Tamil,No,
NIOS,Level A,Maithili,Tamil,No,
NIOS,Level A,Malayalam,Tamil,No,
NIOS,Level A,Manipuri (Meitei),Tamil,No,
NIOS,Level A,Marathi,Tamil,No,
NIOS,Level A,Nepali,Tamil,No,
NIOS,Level A,Odia,Tamil,No,
NIOS,Level A,Punjabi,Tamil,No,
NIOS,Level A,Sindhi,Tamil,No,
NIOS,Level A,Tamil,Tamil,No,
NIOS,Level A,Telugu,Tamil,No,
NIOS,Level A,Urdu,Tamil,No,
NIOS,Level A,Hindi,Tamil,No,
NIOS,Level A,English,Tamil,No,
NIOS,Level B,Mathematics,Tamil,No,
NIOS,Level B, Environmental Studies,Tamil,No,
NIOS,Level B, Life Skills,Tamil,No,
NIOS,Level B, Computer Awareness,Tamil,No,
NIOS,Level B, Creative Activities,Tamil,No,
NIOS,Level B,Assamese,Tamil,No,
NIOS,Level B, Bengali,Tamil,No,
NIOS,Level B, Bodo,Tamil,No,
NIOS,Level B, Dogri,Tamil,No,
NIOS,Level B, Gujarati,Tamil,No,
NIOS,Level B, Kannada,Tamil,No,
NIOS,Level B, Kashmiri,Tamil,No,
NIOS,Level B, Konkani,Tamil,No,
NIOS,Level B, Maithili,Tamil,No,
NIOS,Level B, Malayalam,Tamil,No,
NIOS,Level B, Manipuri (Meitei),Tamil,No,
NIOS,Level B, Marathi,Tamil,No,
NIOS,Level B, Nepali,Tamil,No,
NIOS,Level B, Odia,Tamil,No,
NIOS,Level B, Punjabi,Tamil,No,
NIOS,Level B, Sindhi,Tamil,No,
NIOS,Level B, Tamil,Tamil,No,
NIOS,Level B, Telugu,Tamil,No,
NIOS,Level B, Urdu,Tamil,No,
NIOS,Level B, Hindi,Tamil,No,
NIOS,Level B, English,Tamil,No,
NIOS,Level C,Mathematics,Tamil,No,
NIOS,Level C, Science,Tamil,No,
NIOS,Level C, Social Science,Tamil,No,
NIOS,Level C, Computer Science,Tamil,No,
NIOS,Level C, Life Skills,Tamil,No,
NIOS,Level C, Work Education,Tamil,No,
NIOS,Level C,Assamese,Tamil,No,
NIOS,Level C, Bengali,Tamil,No,
NIOS,Level C, Bodo,Tamil,No,
NIOS,Level C, Dogri,Tamil,No,
NIOS,Level C, Gujarati,Tamil,No,
NIOS,Level C, Kannada,Tamil,No,
NIOS,Level C, Kashmiri,Tamil,No,
NIOS,Level C, Konkani,Tamil,No,
NIOS,Level C, Maithili,Tamil,No,
NIOS,Level C, Malayalam,Tamil,No,
NIOS,Level C, Manipuri (Meitei),Tamil,No,
NIOS,Level C, Marathi,Tamil,No,
NIOS,Level C, Nepali,Tamil,No,
NIOS,Level C, Odia,Tamil,No,
NIOS,Level C, Punjabi,Tamil,No,
NIOS,Level C, Sindhi,Tamil,No,
NIOS,Level C, Tamil,Tamil,No,
NIOS,Level C, Telugu,Tamil,No,
NIOS,Level C, Urdu,Tamil,No,
NIOS,Level C, Hindi,Tamil,No,
NIOS,Level C, English,Tamil,No,
NIOS,Secondary Course,Mathematics,Tamil,No,
NIOS,Secondary Course, Science & Technology,Tamil,No,
NIOS,Secondary Course, Social Science,Tamil,No,
NIOS,Secondary Course, Economics,Tamil,No,
NIOS,Secondary Course, Business Studies,Tamil,No,
NIOS,Secondary Course, Home Science,Tamil,No,
NIOS,Secondary Course, Psychology,Tamil,No,
NIOS,Secondary Course, Indian Culture & Heritage,Tamil,No,
NIOS,Secondary Course, Painting,Tamil,No,
NIOS,Secondary Course, Data Entry Operations,Tamil,No,
NIOS,Secondary Course, English,Tamil,No,
NIOS,Secondary Course, Hindi,Tamil,No,
NIOS,Secondary Course, Urdu,Tamil,No,
NIOS,Secondary Course, Sanskrit,Tamil,No,
NIOS,Secondary Course, Bengali,Tamil,No,
NIOS,Secondary Course, Marathi,Tamil,No,
NIOS,Secondary Course, Telugu,Tamil,No,
NIOS,Secondary Course, Gujarati,Tamil,No,
NIOS,Secondary Course, Malayalam,Tamil,No,
NIOS,Secondary Course, Odia,Tamil,No,
NIOS,Secondary Course, Punjabi,Tamil,No,
NIOS,Secondary Course, Assamese,Tamil,No,
NIOS,Secondary Course, Kannada,Tamil,No,
NIOS,Secondary Course, Tamil,Tamil,No,
NIOS,Secondary Course, Bodo,Tamil,No,
NIOS,Secondary Course, Dogri,Tamil,No,
NIOS,Secondary Course, Kashmiri,Tamil,No,
NIOS,Secondary Course, Konkani,Tamil,No,
NIOS,Secondary Course, Maithili,Tamil,No,
NIOS,Secondary Course, Manipuri (Meitei),Tamil,No,
NIOS,Secondary Course, Nepali,Tamil,No,
NIOS,Secondary Course, Sindhi,Tamil,No,
NIOS,Senior Secondary Course,Mathematics,Tamil,No,
NIOS,Senior Secondary Course, Physics,Tamil,No,
NIOS,Senior Secondary Course, Chemistry,Tamil,No,
NIOS,Senior Secondary Course, Biology,Tamil,No,
NIOS,Senior Secondary Course, Environmental Science,Tamil,No,
NIOS,Senior Secondary Course, Computer Science,Tamil,No,
NIOS,Senior Secondary Course, Data Entry Operations,Tamil,No,
NIOS,Senior Secondary Course, Economics,Tamil,No,
NIOS,Senior Secondary Course, Business Studies,Tamil,No,
NIOS,Senior Secondary Course, Accountancy,Tamil,No,
NIOS,Senior Secondary Course, Psychology,Tamil,No,
NIOS,Senior Secondary Course, Sociology,Tamil,No,
NIOS,Senior Secondary Course, History,Tamil,No,
NIOS,Senior Secondary Course, Geography,Tamil,No,
NIOS,Senior Secondary Course, Political Science,Tamil,No,
NIOS,Senior Secondary Course, Home Science,Tamil,No,
NIOS,Senior Secondary Course, Philosophy,Tamil,No,
NIOS,Senior Secondary Course, Painting English,Tamil,No,
NIOS,Senior Secondary Course, Hindi,Tamil,No,
NIOS,Senior Secondary Course, Urdu,Tamil,No,
NIOS,Senior Secondary Course, Sanskrit,Tamil,No,
NIOS,Senior Secondary Course, Bengali,Tamil,No,
NIOS,Senior Secondary Course, Marathi,Tamil,No,
NIOS,Senior Secondary Course, Telugu,Tamil,No,
NIOS,Senior Secondary Course, Gujarati,Tamil,No,
NIOS,Senior Secondary Course, Malayalam,Tamil,No,
NIOS,Senior Secondary Course, Odia,Tamil,No,
NIOS,Senior Secondary Course, Punjabi,Tamil,No,
NIOS,Senior Secondary Course, Assamese,Tamil,No,
NIOS,Senior Secondary Course, Kannada,Tamil,No,
NIOS,Senior Secondary Course, Tamil,Tamil,No,
NIOS,Senior Secondary Course, Bodo,Tamil,No,
NIOS,Senior Secondary Course, Dogri,Tamil,No,
NIOS,Senior Secondary Course, Kashmiri,Tamil,No,
NIOS,Senior Secondary Course, Konkani,Tamil,No,
NIOS,Senior Secondary Course, Maithili,Tamil,No,
NIOS,Senior Secondary Course, Manipuri (Meitei),Tamil,No,
NIOS,Senior Secondary Course, Nepali,Tamil,No,
NIOS,Senior Secondary Course, Sindhi,Tamil,No,
